train_number,train_name,station_code,station_name,arrival,departure,day,distance,zone,division
14523,Harihar Express,MFP,MUZAFFARPUR JN,None,07:25:00,1,,ECR,Bihar
14523,Harihar Express,LKO,LUCKNOW,21:05:00,21:15:00,1,,NER,Uttar Pradesh
14523,Harihar Express,BE,BAREILLY,01:00:00,01:05:00,2,,NER,Uttar Pradesh
14523,Harihar Express,MB,MORADABAD,02:50:00,03:00:00,2,,NR,Uttar Pradesh
14523,Harihar Express,UMB,AMBALA CANT JN,07:55:00,None,2,,NR,Haryana
12260,New Delhi-Sealdah AC Duronto Express,NDLS,NEW DELHI,None,20:05:00,1,,NR,Delhi
12260,New Delhi-Sealdah AC Duronto Express,GZB,GHAZIABAD,20:22:00,20:22:00,1,,NR,Uttar Pradesh
12260,New Delhi-Sealdah AC Duronto Express,ALJN,ALIGARH JN,21:34:00,21:34:00,1,,NCR,Uttar Pradesh
12260,New Delhi-Sealdah AC Duronto Express,TDL,TUNDLA JN,22:26:00,22:26:00,1,,NCR,Uttar Pradesh
12260,New Delhi-Sealdah AC Duronto Express,CNB,KANPUR CENTRAL,01:02:00,01:02:00,2,,NCR,Uttar Pradesh
12260,New Delhi-Sealdah AC Duronto Express,ALD,ALLAHABAD JN,03:13:00,03:13:00,2,,NCR,Uttar Pradesh
12260,New Delhi-Sealdah AC Duronto Express,MGS,MUGHAL SARAI JN,04:56:00,04:56:00,2,,ECR,Uttar Pradesh
12260,New Delhi-Sealdah AC Duronto Express,GAYA,GAYA JN,07:14:00,07:14:00,2,,ECR,Bihar
12260,New Delhi-Sealdah AC Duronto Express,DHN,DHANBAD JN,09:29:00,09:29:00,2,,ECR,Jharkhand
12260,New Delhi-Sealdah AC Duronto Express,ASN,ASANSOL JN,10:08:00,10:08:00,2,,ER,West Bengal
12260,New Delhi-Sealdah AC Duronto Express,BWN,BARDDHAMAN JN,11:20:00,11:20:00,2,,ER,West Bengal
12260,New Delhi-Sealdah AC Duronto Express,SDAH,KOLKATA SEALDAH,12:25:00,None,2,,ER,West Bengal
12720,HYDERABAD DECCAN - AJMER SF Exp,HYB,HYDERABAD DECCAN,None,20:30:00,1,,SCR,Andhra Pradesh
12720,HYDERABAD DECCAN - AJMER SF Exp,SC,SECUNDERABAD JN,20:50:00,20:55:00,1,,SCR,Telangana
12720,HYDERABAD DECCAN - AJMER SF Exp,NZB,NIZAMABAD,23:13:00,23:15:00,1,,SCR,Andhra Pradesh
12720,HYDERABAD DECCAN - AJMER SF Exp,ET,ITARSI JN,12:15:00,12:25:00,2,,WCR,Madhya Pradesh
12720,HYDERABAD DECCAN - AJMER SF Exp,BPL,BHOPAL JN,14:30:00,14:40:00,2,,WCR,Madhya Pradesh
12720,HYDERABAD DECCAN - AJMER SF Exp,RTM,RATLAM JN,19:30:00,19:50:00,2,,WR,Madhya Pradesh
13009,Doon Express,HWH,HOWRAH JN,None,20:35:00,1,,ER,West Bengal
13009,Doon Express,BWN,BARDDHAMAN JN,22:33:00,22:38:00,1,,ER,West Bengal
13009,Doon Express,ASN,ASANSOL JN,00:18:00,00:23:00,2,,ER,West Bengal
13009,Doon Express,DHN,DHANBAD JN,01:25:00,01:30:00,2,,ECR,Jharkhand
13009,Doon Express,GAYA,GAYA JN,04:55:00,05:00:00,2,,ECR,Bihar
13009,Doon Express,MGS,MUGHAL SARAI JN,09:15:00,09:40:00,2,,ECR,Uttar Pradesh
13009,Doon Express,LKO,LUCKNOW,18:15:00,18:30:00,2,,NER,Uttar Pradesh
13009,Doon Express,BE,BAREILLY,22:38:00,22:43:00,2,,NER,Uttar Pradesh
13009,Doon Express,MB,MORADABAD,00:15:00,00:25:00,3,,NR,Uttar Pradesh
12389,GAYA - CHENNAI EGMORE SF Exp,GAYA,GAYA JN,None,05:45:00,1,,ECR,Bihar
12389,GAYA - CHENNAI EGMORE SF Exp,MGS,MUGHAL SARAI JN,08:40:00,09:00:00,1,,ECR,Uttar Pradesh
12389,GAYA - CHENNAI EGMORE SF Exp,JBP,JABALPUR,16:45:00,16:55:00,1,,WCR,Madhya Pradesh
12389,GAYA - CHENNAI EGMORE SF Exp,ET,ITARSI JN,20:50:00,21:10:00,1,,WCR,Madhya Pradesh
12389,GAYA - CHENNAI EGMORE SF Exp,NGP,NAGPUR,01:40:00,01:50:00,2,,SECR,Maharashtra
12389,GAYA - CHENNAI EGMORE SF Exp,BZA,VIJAYAWADA JN,12:40:00,12:55:00,2,,SCR,Andhra Pradesh
12389,GAYA - CHENNAI EGMORE SF Exp,MS,CHENNAI EGMORE,20:45:00,None,2,,SR,Tamil Nadu
09002,Ahmedabad Mumbai Central Superfast Special,ADI,AHMEDABAD JN,None,21:40:00,1,,WR,Gujarat
09002,Ahmedabad Mumbai Central Superfast Special,BRC,VADODARA JN,23:20:00,23:25:00,1,,WR,Gujarat
09002,Ahmedabad Mumbai Central Superfast Special,ST,SURAT,01:11:00,01:14:00,2,,WR,Gujarat
09002,Ahmedabad Mumbai Central Superfast Special,BCT,Mumbai Central,05:45:00,None,2,,WR,Maharashtra
11014,Coimbatore Mumbai LTT Express,CBE,COIMBATORE JN,None,08:00:00,1,,SR,Tamil Nadu
11014,Coimbatore Mumbai LTT Express,SBC,BANGALORE CITY JN,15:05:00,15:25:00,1,,SWR,Karnataka
11014,Coimbatore Mumbai LTT Express,GTL,GUNTAKAL JN,21:55:00,22:00:00,1,,SCR,Andhra Pradesh
11014,Coimbatore Mumbai LTT Express,SUR,SOLAPUR JN,05:25:00,05:35:00,2,,CR,Maharashtra
11014,Coimbatore Mumbai LTT Express,PUNE,PUNE JN,10:35:00,10:45:00,2,,CR,Maharashtra
11014,Coimbatore Mumbai LTT Express,KYN,KALYAN JN,13:24:00,13:25:00,2,,CR,Maharashtra
57473,Secunderabad Bodhan Passenger,SC,SECUNDERABAD JN,None,17:00:00,1,,SCR,Telangana
57473,Secunderabad Bodhan Passenger,NZB,NIZAMABAD,21:20:00,21:25:00,1,,SCR,Andhra Pradesh
17209,BANGALORE - KAKINADA TOWN Seshadri Exp,SBC,BANGALORE CITY JN,None,13:20:00,1,,SWR,Karnataka
17209,BANGALORE - KAKINADA TOWN Seshadri Exp,BZA,VIJAYAWADA JN,02:45:00,03:05:00,2,,SCR,Andhra Pradesh
12361,ASANSOL - MUMBAI CST SF Exp,ASN,ASANSOL JN,None,19:45:00,1,,ER,West Bengal
12361,ASANSOL - MUMBAI CST SF Exp,PNBE,PATNA JN,01:05:00,01:15:00,2,,ECR,Bihar
12361,ASANSOL - MUMBAI CST SF Exp,MGS,MUGHAL SARAI JN,05:15:00,05:35:00,2,,ECR,Uttar Pradesh
12361,ASANSOL - MUMBAI CST SF Exp,JBP,JABALPUR,13:45:00,13:55:00,2,,WCR,Madhya Pradesh
12361,ASANSOL - MUMBAI CST SF Exp,ET,ITARSI JN,18:00:00,18:10:00,2,,WCR,Madhya Pradesh
12361,ASANSOL - MUMBAI CST SF Exp,KYN,KALYAN JN,05:05:00,05:10:00,3,,CR,Maharashtra
12361,ASANSOL - MUMBAI CST SF Exp,DR,MUMBAI DADAR CENTRAL,06:04:00,06:05:00,3,,CR,Maharashtra
12361,ASANSOL - MUMBAI CST SF Exp,CSTM,MUMBAI CST,06:25:00,None,3,,CR,Maharashtra
51410,Shree Chatrapati Shahu M(T) Kolhapur- Pune Passenger,KOP,C SHAHU M RAJ KOLHAPUR TERM,None,04:45:00,1,,CR,Maharashtra
51410,Shree Chatrapati Shahu M(T) Kolhapur- Pune Passenger,PUNE,PUNE JN,16:25:00,None,1,,CR,Maharashtra
12031,Amritsar Shatabdi Express,NDLS,NEW DELHI,None,07:20:00,1,,NR,Delhi
12031,Amritsar Shatabdi Express,UMB,AMBALA CANT JN,09:55:00,09:57:00,1,,NR,Haryana
12031,Amritsar Shatabdi Express,LDH,LUDHIANA JN,11:20:00,11:23:00,1,,NR,Punjab
12031,Amritsar Shatabdi Express,ASR,AMRITSAR JN,13:25:00,None,1,,NR,Punjab
12412,AMRITSAR - CHANDIGARH Intercity SF Exp,ASR,AMRITSAR JN,None,None,,,NR,Punjab
12412,AMRITSAR - CHANDIGARH Intercity SF Exp,LDH,LUDHIANA JN,None,None,,,NR,Punjab
12412,AMRITSAR - CHANDIGARH Intercity SF Exp,CDG,CHANDIGARH,None,None,,,NR,Chandigarh
54051,Ludhiana Firozpur Passenger,LDH,LUDHIANA JN,None,10:05:00,1,,NR,Punjab
54051,Ludhiana Firozpur Passenger,FZR,FIROZPUR CANT,13:00:00,None,1,,NR,Punjab
12062,Jabalpur-HabibGanj Bhopal Jan Shatabdi,JBP,JABALPUR,None,06:00:00,1,,WCR,Madhya Pradesh
12062,Jabalpur-HabibGanj Bhopal Jan Shatabdi,ET,ITARSI JN,09:35:00,09:45:00,1,,WCR,Madhya Pradesh
19943,UDAIPUR - AHMEDABAD Exp,UDZ,UDAIPUR CITY,None,19:25:00,1,,NWR,Rajasthan
19943,UDAIPUR - AHMEDABAD Exp,ADI,AHMEDABAD JN,04:25:00,None,2,,WR,Gujarat
19303,InterCity Express,RTM,RATLAM JN,None,06:00:00,1,,WR,Madhya Pradesh
19303,InterCity Express,BPL,BHOPAL JN,11:25:00,None,1,,WCR,Madhya Pradesh
12839,Howrah Chennai Superfast Mail,HWH,HOWRAH JN,None,23:45:00,1,,ER,West Bengal
12839,Howrah Chennai Superfast Mail,CTC,CUTTACK,05:35:00,05:40:00,2,,ECoR,Odisha
12839,Howrah Chennai Superfast Mail,BBS,BHUBANESWAR,06:15:00,06:20:00,2,,ECoR,Odisha
12839,Howrah Chennai Superfast Mail,VSKP,VISHAKAPATNAM,13:50:00,14:10:00,2,,ECoR,Andhra Pradesh
12839,Howrah Chennai Superfast Mail,BZA,VIJAYAWADA JN,20:30:00,20:45:00,2,,SCR,Andhra Pradesh
12839,Howrah Chennai Superfast Mail,MAS,CHENNAI CENTRAL,03:50:00,None,3,,SR,Tamil Nadu
12071,Mumbai Aurangabad Jan Shatabdi,CSTM,MUMBAI CST,None,13:50:00,1,,CR,Maharashtra
12071,Mumbai Aurangabad Jan Shatabdi,DR,MUMBAI DADAR CENTRAL,13:58:00,14:00:00,1,,CR,Maharashtra
12071,Mumbai Aurangabad Jan Shatabdi,KYN,KALYAN JN,14:44:00,14:47:00,1,,CR,Maharashtra
12071,Mumbai Aurangabad Jan Shatabdi,AWB,AURANGABAD,20:35:00,None,1,,SCR,Maharashtra
51409,Pune -Shree Chatrapati Shahu M(T) Kolhapur Pass,PUNE,PUNE JN,None,09:15:00,1,,CR,Maharashtra
51409,Pune -Shree Chatrapati Shahu M(T) Kolhapur Pass,KOP,C SHAHU M RAJ KOLHAPUR TERM,19:30:00,None,1,,CR,Maharashtra
12080,Hubli Bangalore Janshatabdi,UBL,HUBLI JN,None,14:00:00,1,,SWR,Karnataka
12080,Hubli Bangalore Janshatabdi,SBC,BANGALORE CITY JN,21:25:00,None,1,,SWR,Karnataka
19772,Amritsar - Jaipur Express,ASR,AMRITSAR JN,None,14:30:00,1,,NR,Punjab
19772,Amritsar - Jaipur Express,LDH,LUDHIANA JN,16:35:00,16:45:00,1,,NR,Punjab
19772,Amritsar - Jaipur Express,FZR,FIROZPUR CANT,19:20:00,19:45:00,1,,NR,Punjab
19772,Amritsar - Jaipur Express,JP,JAIPUR,07:30:00,None,2,,NWR,Rajasthan
12957,Ahmadabad-New Delhi Swarna Jayanti Rajdhani Expres,ADI,AHMEDABAD JN,None,17:45:00,1,,WR,Gujarat
12957,Ahmadabad-New Delhi Swarna Jayanti Rajdhani Expres,JP,JAIPUR,02:45:00,02:50:00,2,,NWR,Rajasthan
12957,Ahmadabad-New Delhi Swarna Jayanti Rajdhani Expres,NDLS,NEW DELHI,07:25:00,None,2,,NR,Delhi
13185,Ganga Sagar Express,SDAH,KOLKATA SEALDAH,None,15:40:00,1,,ER,West Bengal
13185,Ganga Sagar Express,BWN,BARDDHAMAN JN,18:35:00,18:39:00,1,,ER,West Bengal
13185,Ganga Sagar Express,ASN,ASANSOL JN,20:30:00,20:50:00,1,,ER,West Bengal
12725,Siddhaganga Intercity Express,SBC,BANGALORE CITY JN,None,13:00:00,1,,SWR,Karnataka
12725,Siddhaganga Intercity Express,UBL,HUBLI JN,21:10:00,21:15:00,1,,SWR,Karnataka
12390,CHENNAI EGMORE - GAYA SF Exp,MS,CHENNAI EGMORE,None,07:30:00,1,,SR,Tamil Nadu
12390,CHENNAI EGMORE - GAYA SF Exp,BZA,VIJAYAWADA JN,14:20:00,14:35:00,1,,SCR,Andhra Pradesh
12390,CHENNAI EGMORE - GAYA SF Exp,NGP,NAGPUR,00:45:00,00:55:00,2,,SECR,Maharashtra
12390,CHENNAI EGMORE - GAYA SF Exp,ET,ITARSI JN,06:00:00,06:15:00,2,,WCR,Madhya Pradesh
12390,CHENNAI EGMORE - GAYA SF Exp,JBP,JABALPUR,09:50:00,10:00:00,2,,WCR,Madhya Pradesh
12390,CHENNAI EGMORE - GAYA SF Exp,MGS,MUGHAL SARAI JN,18:35:00,18:55:00,2,,ECR,Uttar Pradesh
12390,CHENNAI EGMORE - GAYA SF Exp,GAYA,GAYA JN,21:40:00,None,2,,ECR,Bihar
51421,Pune-Nizamabad Pass,PUNE,PUNE JN,None,14:25:00,1,,CR,Maharashtra
51421,Pune-Nizamabad Pass,AWB,AURANGABAD,00:50:00,00:55:00,2,,SCR,Maharashtra
51421,Pune-Nizamabad Pass,NZB,NIZAMABAD,10:20:00,None,2,,SCR,Andhra Pradesh
12078,Vijayawada Chennai Jan Shatabdi,BZA,VIJAYAWADA JN,None,14:35:00,1,,SCR,Andhra Pradesh
12078,Vijayawada Chennai Jan Shatabdi,MAS,CHENNAI CENTRAL,21:10:00,None,1,,SR,Tamil Nadu
12411,CHANDIGARH - AMRITSAR Intercity SF Exp,CDG,CHANDIGARH,None,None,,,NR,Chandigarh
12411,CHANDIGARH - AMRITSAR Intercity SF Exp,LDH,LUDHIANA JN,None,None,,,NR,Punjab
12411,CHANDIGARH - AMRITSAR Intercity SF Exp,ASR,AMRITSAR JN,None,None,,,NR,Punjab
18235,Bilaspur Express Cum Passenger,BPL,BHOPAL JN,None,08:00:00,1,,WCR,Madhya Pradesh
18235,Bilaspur Express Cum Passenger,BSP,BILASPUR JN,06:05:00,None,2,,SECR,Chhattisgarh
54803,JODHPUR - AHMEDABAD Passenger,JU,JODHPUR JN,None,08:45:00,1,,NWR,Rajasthan
54803,JODHPUR - AHMEDABAD Passenger,ADI,AHMEDABAD JN,21:35:00,None,1,,WR,Gujarat
56237,Mysore Bangalore (PUSH-PULL) Passenger,MYS,MYSORE JN,None,14:25:00,1,,SWR,Karnataka
56237,Mysore Bangalore (PUSH-PULL) Passenger,SBC,BANGALORE CITY JN,18:00:00,None,1,,SWR,Karnataka
12808,Samata Express,NZM,DELHI H NIZAMUDDIN,None,08:40:00,1,,NR,Delhi
12808,Samata Express,AGC,AGRA CANTT,11:30:00,11:35:00,1,,NCR,Uttar Pradesh
12808,Samata Express,GWL,GWALIOR JN,13:02:00,13:07:00,1,,NCR,Madhya Pradesh
12808,Samata Express,JHS,JHANSI JN,14:35:00,14:45:00,1,,NCR,Uttar Pradesh
12808,Samata Express,BPL,BHOPAL JN,19:10:00,19:15:00,1,,WCR,Madhya Pradesh
12808,Samata Express,ET,ITARSI JN,21:00:00,21:10:00,1,,WCR,Madhya Pradesh
12808,Samata Express,NGP,NAGPUR,01:40:00,02:05:00,2,,SECR,Maharashtra
12808,Samata Express,R,RAIPUR JN,06:55:00,07:20:00,2,,SECR,Chhattisgarh
12808,Samata Express,VSKP,VISHAKAPATNAM,18:30:00,None,2,,ECoR,Andhra Pradesh
12850,Pune Bilaspur Superfast Express,PUNE,PUNE JN,None,17:40:00,1,,CR,Maharashtra
12850,Pune Bilaspur Superfast Express,NGP,NAGPUR,09:25:00,09:40:00,2,,SECR,Maharashtra
12850,Pune Bilaspur Superfast Express,R,RAIPUR JN,14:05:00,14:15:00,2,,SECR,Chhattisgarh
12850,Pune Bilaspur Superfast Express,BSP,BILASPUR JN,16:50:00,None,2,,SECR,Chhattisgarh
51455,Pune Solapur Passenger,PUNE,PUNE JN,None,22:50:00,1,,CR,Maharashtra
51455,Pune Solapur Passenger,SUR,SOLAPUR JN,07:20:00,None,2,,CR,Maharashtra
12489,Bikaner-Dadar Express,BKN,BIKANER JN,None,13:50:00,1,,NWR,Rajasthan
12489,Bikaner-Dadar Express,JU,JODHPUR JN,18:15:00,18:30:00,1,,NWR,Rajasthan
12489,Bikaner-Dadar Express,ADI,AHMEDABAD JN,04:20:00,04:40:00,2,,WR,Gujarat
12489,Bikaner-Dadar Express,BRC,VADODARA JN,06:25:00,06:30:00,2,,WR,Gujarat
12489,Bikaner-Dadar Express,ST,SURAT,08:28:00,08:33:00,2,,WR,Gujarat
12451,Shram Shakti Express,CNB,KANPUR CENTRAL,None,23:45:00,1,,NCR,Uttar Pradesh
12451,Shram Shakti Express,TDL,TUNDLA JN,03:15:00,03:15:00,2,,NCR,Uttar Pradesh
12451,Shram Shakti Express,ALJN,ALIGARH JN,04:26:00,04:26:00,2,,NCR,Uttar Pradesh
12451,Shram Shakti Express,GZB,GHAZIABAD,06:02:00,06:02:00,2,,NR,Uttar Pradesh
12451,Shram Shakti Express,NDLS,NEW DELHI,06:20:00,None,2,,NR,Delhi
58840,Jabalpur Nir Nagpur Passenger,JBP,JABALPUR,None,20:30:00,1,,WCR,Madhya Pradesh
58840,Jabalpur Nir Nagpur Passenger,NGP,NAGPUR,15:30:00,None,2,,SECR,Maharashtra
12581,Pune Bhubaneshwar Express,PUNE,PUNE JN,None,11:15:00,1,,CR,Maharashtra
12581,Pune Bhubaneshwar Express,SUR,SOLAPUR JN,15:05:00,15:15:00,1,,CR,Maharashtra
12581,Pune Bhubaneshwar Express,SC,SECUNDERABAD JN,21:30:00,21:40:00,1,,SCR,Telangana
12581,Pune Bhubaneshwar Express,BZA,VIJAYAWADA JN,04:00:00,04:15:00,2,,SCR,Andhra Pradesh
12581,Pune Bhubaneshwar Express,BBS,BHUBANESWAR,17:35:00,None,2,,ECoR,Odisha
19024,Firozpur Mumbai Janata Express,FZR,FIROZPUR CANT,None,04:30:00,1,,NR,Punjab
19024,Firozpur Mumbai Janata Express,NDLS,NEW DELHI,12:35:00,13:05:00,1,,NR,Delhi
19024,Firozpur Mumbai Janata Express,NZM,DELHI H NIZAMUDDIN,13:25:00,13:28:00,1,,NR,Delhi
19024,Firozpur Mumbai Janata Express,KOTA,KOTA JN,23:15:00,23:30:00,1,,WCR,Rajasthan
19024,Firozpur Mumbai Janata Express,RTM,RATLAM JN,06:06:00,06:15:00,2,,WR,Madhya Pradesh
19024,Firozpur Mumbai Janata Express,BRC,VADODARA JN,10:50:00,11:00:00,2,,WR,Gujarat
19024,Firozpur Mumbai Janata Express,ST,SURAT,13:35:00,13:40:00,2,,WR,Gujarat
19024,Firozpur Mumbai Janata Express,BCT,Mumbai Central,20:10:00,None,2,,WR,Maharashtra
16724,TRIVANDRUM - CHENNAI EGMORE Anantapuri Exp,TVC,TRIVANDRUM CENTRAL,None,16:20:00,1,,SR,Kerala
16724,TRIVANDRUM - CHENNAI EGMORE Anantapuri Exp,MS,CHENNAI EGMORE,08:40:00,None,2,,SR,Tamil Nadu
16381,Mumbai CST - Kanyakumari Express,CSTM,MUMBAI CST,None,15:45:00,1,,CR,Maharashtra
16381,Mumbai CST - Kanyakumari Express,DR,MUMBAI DADAR CENTRAL,15:58:00,16:00:00,1,,CR,Maharashtra
16381,Mumbai CST - Kanyakumari Express,KYN,KALYAN JN,16:38:00,16:40:00,1,,CR,Maharashtra
16381,Mumbai CST - Kanyakumari Express,PUNE,PUNE JN,19:15:00,19:25:00,1,,CR,Maharashtra
16381,Mumbai CST - Kanyakumari Express,SUR,SOLAPUR JN,00:45:00,00:55:00,2,,CR,Maharashtra
16381,Mumbai CST - Kanyakumari Express,GTL,GUNTAKAL JN,08:05:00,08:20:00,2,,SCR,Andhra Pradesh
16381,Mumbai CST - Kanyakumari Express,CBE,COIMBATORE JN,23:59:00,00:05:00,2,,SR,Tamil Nadu
16381,Mumbai CST - Kanyakumari Express,ERS,ERNAKULAM JN,04:49:00,04:49:00,3,,SR,Kerala
16381,Mumbai CST - Kanyakumari Express,TVC,TRIVANDRUM CENTRAL,10:15:00,10:20:00,3,,SR,Kerala
11097,PUNE - ERNAKULAM Poorna Exp,PUNE,PUNE JN,None,23:10:00,1,,CR,Maharashtra
11097,PUNE - ERNAKULAM Poorna Exp,ERS,ERNAKULAM JN,04:20:00,None,3,,SR,Kerala
54101,Allahabad Kanpur Passenger,ALD,ALLAHABAD JN,None,16:45:00,1,,NCR,Uttar Pradesh
54101,Allahabad Kanpur Passenger,CNB,KANPUR CENTRAL,23:05:00,None,1,,NCR,Uttar Pradesh
56913,Bangalore Hubli Fast Passenger,SBC,BANGALORE CITY JN,None,06:30:00,1,,SWR,Karnataka
56913,Bangalore Hubli Fast Passenger,UBL,HUBLI JN,17:45:00,None,1,,SWR,Karnataka
51422,Nizamabad Pune Passenger,NZB,NIZAMABAD,None,23:40:00,1,,SCR,Andhra Pradesh
51422,Nizamabad Pune Passenger,AWB,AURANGABAD,08:15:00,08:20:00,2,,SCR,Maharashtra
51422,Nizamabad Pune Passenger,PUNE,PUNE JN,20:55:00,None,2,,CR,Maharashtra
19311,Pune Indore Express,PUNE,PUNE JN,None,15:20:00,1,,CR,Maharashtra
19311,Pune Indore Express,KYN,KALYAN JN,17:40:00,17:45:00,1,,CR,Maharashtra
19311,Pune Indore Express,ST,SURAT,23:20:00,23:25:00,1,,WR,Gujarat
19311,Pune Indore Express,BRC,VADODARA JN,01:10:00,01:28:00,2,,WR,Gujarat
19311,Pune Indore Express,RTM,RATLAM JN,05:35:00,05:45:00,2,,WR,Madhya Pradesh
59026,Surat Fast Passenger,AMI,Amravati,None,09:00:00,1,,CR,Maharashtra
59026,Surat Fast Passenger,ST,SURAT,21:15:00,None,1,,WR,Gujarat
59811,Haldighati Passenger,RTM,RATLAM JN,None,08:45:00,1,,WR,Madhya Pradesh
59811,Haldighati Passenger,KOTA,KOTA JN,20:20:00,21:00:00,1,,WCR,Rajasthan
57130,Hyderabad Bijapur Passenger,HYB,HYDERABAD DECCAN,None,19:50:00,1,,SCR,Andhra Pradesh
57130,Hyderabad Bijapur Passenger,SUR,SOLAPUR JN,07:20:00,07:45:00,2,,CR,Maharashtra
16732,Mysore-Tuticorin Express,MYS,MYSORE JN,None,18:00:00,1,,SWR,Karnataka
16732,Mysore-Tuticorin Express,SBC,BANGALORE CITY JN,21:10:00,21:20:00,1,,SWR,Karnataka
58433,Cuttack Berhampur Fast Passenger,CTC,CUTTACK,None,17:45:00,1,,ECoR,Odisha
58433,Cuttack Berhampur Fast Passenger,BBS,BHUBANESWAR,18:25:00,18:30:00,1,,ECoR,Odisha
51449,Pune Solapur Passenger,PUNE,PUNE JN,None,08:15:00,1,,CR,Maharashtra
51449,Pune Solapur Passenger,SUR,SOLAPUR JN,15:40:00,None,1,,CR,Maharashtra
51450,Solapur Pune Passenger,SUR,SOLAPUR JN,None,23:00:00,1,,CR,Maharashtra
51450,Solapur Pune Passenger,PUNE,PUNE JN,06:15:00,None,2,,CR,Maharashtra
16349,Trivandrum Nilambur Road Rajya Rani Express,TVC,TRIVANDRUM CENTRAL,None,22:30:00,1,,SR,Kerala
16349,Trivandrum Nilambur Road Rajya Rani Express,ERS,ERNAKULAM JN,02:48:00,02:48:00,2,,SR,Kerala
53132,Muzaffarpur Sealdah Passenger,MFP,MUZAFFARPUR JN,None,07:45:00,1,,ECR,Bihar
53132,Muzaffarpur Sealdah Passenger,ASN,ASANSOL JN,21:15:00,21:35:00,1,,ER,West Bengal
53132,Muzaffarpur Sealdah Passenger,BWN,BARDDHAMAN JN,00:07:00,00:12:00,2,,ER,West Bengal
53132,Muzaffarpur Sealdah Passenger,SDAH,KOLKATA SEALDAH,03:25:00,None,2,,ER,West Bengal
53521,ASANSOL VARANASI PASSENGER,ASN,ASANSOL JN,None,06:30:00,1,,ER,West Bengal
53521,ASANSOL VARANASI PASSENGER,DHN,DHANBAD JN,08:00:00,08:10:00,1,,ECR,Jharkhand
53521,ASANSOL VARANASI PASSENGER,GAYA,GAYA JN,14:36:00,15:10:00,1,,ECR,Bihar
53521,ASANSOL VARANASI PASSENGER,MGS,MUGHAL SARAI JN,20:20:00,20:40:00,1,,ECR,Uttar Pradesh
14650,Saryu Yamuna Express,ASR,AMRITSAR JN,None,11:55:00,1,,NR,Punjab
14650,Saryu Yamuna Express,LDH,LUDHIANA JN,14:25:00,14:35:00,1,,NR,Punjab
14650,Saryu Yamuna Express,UMB,AMBALA CANT JN,17:00:00,17:10:00,1,,NR,Haryana
14650,Saryu Yamuna Express,GZB,GHAZIABAD,22:05:00,22:07:00,1,,NR,Uttar Pradesh
14650,Saryu Yamuna Express,MB,MORADABAD,00:35:00,00:50:00,2,,NR,Uttar Pradesh
14650,Saryu Yamuna Express,BE,BAREILLY,02:15:00,02:20:00,2,,NER,Uttar Pradesh
14650,Saryu Yamuna Express,LKO,LUCKNOW,06:10:00,06:20:00,2,,NER,Uttar Pradesh
14650,Saryu Yamuna Express,MFP,MUZAFFARPUR JN,19:25:00,19:35:00,2,,ECR,Bihar
12951,Mumbai Central-New Delhi Rajdhani Express,BCT,Mumbai Central,None,16:40:00,1,,WR,Maharashtra
12951,Mumbai Central-New Delhi Rajdhani Express,ST,SURAT,19:37:00,19:40:00,1,,WR,Gujarat
12951,Mumbai Central-New Delhi Rajdhani Express,BRC,VADODARA JN,21:06:00,21:22:00,1,,WR,Gujarat
12951,Mumbai Central-New Delhi Rajdhani Express,RTM,RATLAM JN,00:40:00,00:43:00,2,,WR,Madhya Pradesh
12951,Mumbai Central-New Delhi Rajdhani Express,KOTA,KOTA JN,03:20:00,03:30:00,2,,WCR,Rajasthan
12951,Mumbai Central-New Delhi Rajdhani Express,NZM,DELHI H NIZAMUDDIN,08:29:00,08:29:00,2,,NR,Delhi
12951,Mumbai Central-New Delhi Rajdhani Express,NDLS,NEW DELHI,08:30:00,None,2,,NR,Delhi
16321,Bangalore Tiruvananthapuram Weekly Express,SBC,BANGALORE CITY JN,None,18:50:00,1,,SWR,Karnataka
16321,Bangalore Tiruvananthapuram Weekly Express,CBE,COIMBATORE JN,01:55:00,02:00:00,2,,SR,Tamil Nadu
16321,Bangalore Tiruvananthapuram Weekly Express,ERS,ERNAKULAM JN,06:20:00,06:30:00,2,,SR,Kerala
16321,Bangalore Tiruvananthapuram Weekly Express,TVC,TRIVANDRUM CENTRAL,12:00:00,None,2,,SR,Kerala
56906,Hubli - Solapur Passenger,UBL,HUBLI JN,None,13:10:00,1,,SWR,Karnataka
56906,Hubli - Solapur Passenger,SUR,SOLAPUR JN,22:40:00,None,1,,CR,Maharashtra
15646,GUWAHATI - MUMBAI LTT Exp,GHY,GUWAHATI,None,16:45:00,1,,NFR,Assam
15646,GUWAHATI - MUMBAI LTT Exp,NJP,NEW JALPAIGURI,01:05:00,01:20:00,2,,NFR,West Bengal
15646,GUWAHATI - MUMBAI LTT Exp,PNBE,PATNA JN,13:20:00,13:30:00,2,,ECR,Bihar
15646,GUWAHATI - MUMBAI LTT Exp,MGS,MUGHAL SARAI JN,17:40:00,18:00:00,2,,ECR,Uttar Pradesh
15646,GUWAHATI - MUMBAI LTT Exp,JBP,JABALPUR,02:00:00,02:10:00,3,,WCR,Madhya Pradesh
15646,GUWAHATI - MUMBAI LTT Exp,ET,ITARSI JN,07:10:00,07:25:00,3,,WCR,Madhya Pradesh
15646,GUWAHATI - MUMBAI LTT Exp,KYN,KALYAN JN,19:00:00,19:05:00,3,,CR,Maharashtra
56323,Coimbatore Mangalore Fast Passenger,CBE,COIMBATORE JN,None,07:40:00,1,,SR,Tamil Nadu
56323,Coimbatore Mangalore Fast Passenger,MAQ,MANGALORE CNTL,20:00:00,None,1,,SR,Karnataka
18507,VISAKHAPATNAM - AMRITSAR Hirakud Exp,VSKP,VISHAKAPATNAM,None,23:50:00,1,,ECoR,Andhra Pradesh
18507,VISAKHAPATNAM - AMRITSAR Hirakud Exp,BBS,BHUBANESWAR,06:50:00,06:57:00,2,,ECoR,Odisha
18507,VISAKHAPATNAM - AMRITSAR Hirakud Exp,BSP,BILASPUR JN,18:50:00,19:05:00,2,,SECR,Chhattisgarh
18507,VISAKHAPATNAM - AMRITSAR Hirakud Exp,JHS,JHANSI JN,08:20:00,08:30:00,3,,NCR,Uttar Pradesh
18507,VISAKHAPATNAM - AMRITSAR Hirakud Exp,GWL,GWALIOR JN,09:45:00,09:50:00,3,,NCR,Madhya Pradesh
18507,VISAKHAPATNAM - AMRITSAR Hirakud Exp,AGC,AGRA CANTT,11:25:00,11:30:00,3,,NCR,Uttar Pradesh
18507,VISAKHAPATNAM - AMRITSAR Hirakud Exp,NZM,DELHI H NIZAMUDDIN,14:15:00,14:17:00,3,,NR,Delhi
18507,VISAKHAPATNAM - AMRITSAR Hirakud Exp,NDLS,NEW DELHI,14:45:00,15:15:00,3,,NR,Delhi
18507,VISAKHAPATNAM - AMRITSAR Hirakud Exp,UMB,AMBALA CANT JN,18:35:00,18:45:00,3,,NR,Haryana
18507,VISAKHAPATNAM - AMRITSAR Hirakud Exp,LDH,LUDHIANA JN,20:15:00,20:20:00,3,,NR,Punjab
18507,VISAKHAPATNAM - AMRITSAR Hirakud Exp,ASR,AMRITSAR JN,23:55:00,None,3,,NR,Punjab
51456,Sholapur Pune Passenger,SUR,SOLAPUR JN,None,12:10:00,1,,CR,Maharashtra
51456,Sholapur Pune Passenger,PUNE,PUNE JN,19:05:00,None,1,,CR,Maharashtra
19782,Amritsar-Jaipur Express,ASR,AMRITSAR JN,None,17:50:00,1,,NR,Punjab
19782,Amritsar-Jaipur Express,LDH,LUDHIANA JN,20:10:00,20:20:00,1,,NR,Punjab
19782,Amritsar-Jaipur Express,JP,JAIPUR,07:30:00,None,2,,NWR,Rajasthan
17256,Hyderabad-Narsapur Express,HYB,HYDERABAD DECCAN,None,21:45:00,1,,SCR,Andhra Pradesh
17256,Hyderabad-Narsapur Express,SC,SECUNDERABAD JN,22:05:00,22:10:00,1,,SCR,Telangana
17256,Hyderabad-Narsapur Express,BZA,VIJAYAWADA JN,04:25:00,04:40:00,2,,SCR,Andhra Pradesh
57659,Sholapur Falaknuma Passenger,SUR,SOLAPUR JN,None,10:20:00,1,,CR,Maharashtra
57659,Sholapur Falaknuma Passenger,SC,SECUNDERABAD JN,18:55:00,19:00:00,1,,SCR,Telangana
54391,ALIGARH -  MORADABAD PASSENGER,ALJN,ALIGARH JN,None,04:20:00,1,,NCR,Uttar Pradesh
54391,ALIGARH -  MORADABAD PASSENGER,MB,MORADABAD,09:30:00,None,1,,NR,Uttar Pradesh
12055,Dehradun Jan Shatabdi Express,NDLS,NEW DELHI,None,15:15:00,1,,NR,Delhi
12055,Dehradun Jan Shatabdi Express,GZB,GHAZIABAD,15:46:00,15:48:00,1,,NR,Uttar Pradesh
51813,Jhansi Lucknow Passenger,JHS,JHANSI JN,None,02:50:00,1,,NCR,Uttar Pradesh
51813,Jhansi Lucknow Passenger,CNB,KANPUR CENTRAL,08:54:00,08:54:00,1,,NCR,Uttar Pradesh
51813,Jhansi Lucknow Passenger,LKO,LUCKNOW,11:20:00,None,1,,NER,Uttar Pradesh
12663,Howrah-Tiruchirappalli Express,HWH,HOWRAH JN,None,16:10:00,1,,ER,West Bengal
12663,Howrah-Tiruchirappalli Express,CTC,CUTTACK,21:55:00,21:55:00,1,,ECoR,Odisha
12663,Howrah-Tiruchirappalli Express,BBS,BHUBANESWAR,22:35:00,22:40:00,1,,ECoR,Odisha
12663,Howrah-Tiruchirappalli Express,VSKP,VISHAKAPATNAM,05:40:00,06:15:00,2,,ECoR,Andhra Pradesh
12663,Howrah-Tiruchirappalli Express,BZA,VIJAYAWADA JN,12:10:00,12:25:00,2,,SCR,Andhra Pradesh
12663,Howrah-Tiruchirappalli Express,MS,CHENNAI EGMORE,20:00:00,20:20:00,2,,SR,Tamil Nadu
12806,Janmabhoomi Express,SC,SECUNDERABAD JN,None,07:10:00,1,,SCR,Telangana
12806,Janmabhoomi Express,BZA,VIJAYAWADA JN,13:30:00,13:40:00,1,,SCR,Andhra Pradesh
12806,Janmabhoomi Express,VSKP,VISHAKAPATNAM,19:40:00,None,1,,ECoR,Andhra Pradesh
11404,KOLHAPUR - NAGPUR EXP,KOP,C SHAHU M RAJ KOLHAPUR TERM,None,12:50:00,1,,CR,Maharashtra
11404,KOLHAPUR - NAGPUR EXP,NGP,NAGPUR,12:35:00,None,2,,SECR,Maharashtra
51809,Kanpur Tundla Passenger,CNB,KANPUR CENTRAL,None,14:05:00,1,,NCR,Uttar Pradesh
51809,Kanpur Tundla Passenger,TDL,TUNDLA JN,20:10:00,None,1,,NCR,Uttar Pradesh
22464,Rajasthan Sampark Kranti Express,BKN,BIKANER JN,None,17:15:00,1,,NWR,Rajasthan
22464,Rajasthan Sampark Kranti Express,JP,JAIPUR,00:15:00,00:25:00,2,,NWR,Rajasthan
15643,PURI - KAMAKHYA Weekly Express,PURI,PURI,None,22:15:00,1,,ECoR,Odisha
15643,PURI - KAMAKHYA Weekly Express,BBS,BHUBANESWAR,23:45:00,23:50:00,1,,ECoR,Odisha
15643,PURI - KAMAKHYA Weekly Express,CTC,CUTTACK,00:20:00,00:25:00,2,,ECoR,Odisha
15643,PURI - KAMAKHYA Weekly Express,HWH,HOWRAH JN,07:05:00,07:30:00,2,,ER,West Bengal
15643,PURI - KAMAKHYA Weekly Express,NJP,NEW JALPAIGURI,18:50:00,19:10:00,2,,NFR,West Bengal
51810,Tundla Kanpur Passenger,TDL,TUNDLA JN,None,06:50:00,1,,NCR,Uttar Pradesh
51810,Tundla Kanpur Passenger,CNB,KANPUR CENTRAL,14:00:00,None,1,,NCR,Uttar Pradesh
12703,Howrah - Secunderabad Falaknuma SF Express,HWH,HOWRAH JN,None,07:25:00,1,,ER,West Bengal
12703,Howrah - Secunderabad Falaknuma SF Express,CTC,CUTTACK,13:05:00,13:10:00,1,,ECoR,Odisha
12703,Howrah - Secunderabad Falaknuma SF Express,BBS,BHUBANESWAR,13:45:00,14:00:00,1,,ECoR,Odisha
12703,Howrah - Secunderabad Falaknuma SF Express,VSKP,VISHAKAPATNAM,21:10:00,21:30:00,1,,ECoR,Andhra Pradesh
12703,Howrah - Secunderabad Falaknuma SF Express,BZA,VIJAYAWADA JN,03:20:00,03:35:00,2,,SCR,Andhra Pradesh
12703,Howrah - Secunderabad Falaknuma SF Express,SC,SECUNDERABAD JN,09:35:00,None,2,,SCR,Telangana
12947,Azimabad Express,ADI,AHMEDABAD JN,None,21:30:00,1,,WR,Gujarat
12947,Azimabad Express,BRC,VADODARA JN,23:35:00,00:05:00,1,,WR,Gujarat
12947,Azimabad Express,RTM,RATLAM JN,03:45:00,04:05:00,2,,WR,Madhya Pradesh
12947,Azimabad Express,KOTA,KOTA JN,07:30:00,07:40:00,2,,WCR,Rajasthan
12947,Azimabad Express,TDL,TUNDLA JN,14:45:00,14:55:00,2,,NCR,Uttar Pradesh
12947,Azimabad Express,CNB,KANPUR CENTRAL,18:50:00,19:05:00,2,,NCR,Uttar Pradesh
12947,Azimabad Express,ALD,ALLAHABAD JN,21:35:00,21:45:00,2,,NCR,Uttar Pradesh
12947,Azimabad Express,MGS,MUGHAL SARAI JN,00:45:00,01:05:00,3,,ECR,Uttar Pradesh
12947,Azimabad Express,PNBE,PATNA JN,04:30:00,None,3,,ECR,Bihar
15102,Mumbai CST Chhapra Jansadharan Express,CSTM,MUMBAI CST,None,15:35:00,1,,CR,Maharashtra
15102,Mumbai CST Chhapra Jansadharan Express,DR,MUMBAI DADAR CENTRAL,15:49:00,15:49:00,1,,CR,Maharashtra
15102,Mumbai CST Chhapra Jansadharan Express,KYN,KALYAN JN,16:59:00,16:59:00,1,,CR,Maharashtra
15102,Mumbai CST Chhapra Jansadharan Express,ET,ITARSI JN,05:25:00,05:35:00,2,,WCR,Madhya Pradesh
15102,Mumbai CST Chhapra Jansadharan Express,BPL,BHOPAL JN,07:25:00,07:35:00,2,,WCR,Madhya Pradesh
15102,Mumbai CST Chhapra Jansadharan Express,JHS,JHANSI JN,12:10:00,12:30:00,2,,NCR,Uttar Pradesh
15102,Mumbai CST Chhapra Jansadharan Express,CNB,KANPUR CENTRAL,16:55:00,17:05:00,2,,NCR,Uttar Pradesh
54645,Ludhiana Firozpur Passenger,LDH,LUDHIANA JN,None,20:05:00,1,,NR,Punjab
54645,Ludhiana Firozpur Passenger,FZR,FIROZPUR CANT,23:00:00,None,1,,NR,Punjab
15652,JAMMU TAWI - GUWAHATI Lohit Exp,JAT,JAMMU TAWI,None,22:45:00,1,,NR,Jammu and Kashmir
15652,JAMMU TAWI - GUWAHATI Lohit Exp,LDH,LUDHIANA JN,03:25:00,03:35:00,2,,NR,Punjab
15652,JAMMU TAWI - GUWAHATI Lohit Exp,UMB,AMBALA CANT JN,05:12:00,05:20:00,2,,NR,Haryana
15652,JAMMU TAWI - GUWAHATI Lohit Exp,MB,MORADABAD,09:50:00,10:00:00,2,,NR,Uttar Pradesh
15652,JAMMU TAWI - GUWAHATI Lohit Exp,BE,BAREILLY,11:15:00,11:20:00,2,,NER,Uttar Pradesh
15652,JAMMU TAWI - GUWAHATI Lohit Exp,LKO,LUCKNOW,15:15:00,15:30:00,2,,NER,Uttar Pradesh
15652,JAMMU TAWI - GUWAHATI Lohit Exp,NJP,NEW JALPAIGURI,13:50:00,14:05:00,3,,NFR,West Bengal
15652,JAMMU TAWI - GUWAHATI Lohit Exp,GHY,GUWAHATI,22:55:00,None,3,,NFR,Assam
13027,Kaviguru Express,HWH,HOWRAH JN,None,22:40:00,1,,ER,West Bengal
13027,Kaviguru Express,BWN,BARDDHAMAN JN,00:42:00,00:44:00,2,,ER,West Bengal
53322,Dhanbad-Asansol Passenger MEMU,DHN,DHANBAD JN,None,13:20:00,1,,ECR,Jharkhand
53322,Dhanbad-Asansol Passenger MEMU,ASN,ASANSOL JN,14:45:00,None,1,,ER,West Bengal
54157,Jhansi Kanpur Passenger,JHS,JHANSI JN,None,07:55:00,1,,NCR,Uttar Pradesh
54157,Jhansi Kanpur Passenger,CNB,KANPUR CENTRAL,13:29:00,13:29:00,1,,NCR,Uttar Pradesh
14633,Ravi Express,ASR,AMRITSAR JN,None,09:15:00,1,,NR,Punjab
14633,Ravi Express,PTK,PATHANKOT,11:40:00,None,1,,NR,Punjab
12804,Swarna Jayanti Express,NZM,DELHI H NIZAMUDDIN,None,06:00:00,1,,NR,Delhi
12804,Swarna Jayanti Express,AGC,AGRA CANTT,09:10:00,09:15:00,1,,NCR,Uttar Pradesh
12804,Swarna Jayanti Express,GWL,GWALIOR JN,11:07:00,11:12:00,1,,NCR,Madhya Pradesh
12804,Swarna Jayanti Express,JHS,JHANSI JN,12:45:00,12:55:00,1,,NCR,Uttar Pradesh
12804,Swarna Jayanti Express,BPL,BHOPAL JN,17:10:00,17:15:00,1,,WCR,Madhya Pradesh
12804,Swarna Jayanti Express,ET,ITARSI JN,19:00:00,19:10:00,1,,WCR,Madhya Pradesh
12804,Swarna Jayanti Express,NGP,NAGPUR,23:15:00,23:25:00,1,,SECR,Maharashtra
12804,Swarna Jayanti Express,BZA,VIJAYAWADA JN,11:05:00,11:25:00,2,,SCR,Andhra Pradesh
12804,Swarna Jayanti Express,VSKP,VISHAKAPATNAM,17:25:00,None,2,,ECoR,Andhra Pradesh
18102,Jammu-Rourkela Express,JAT,JAMMU TAWI,None,14:30:00,1,,NR,Jammu and Kashmir
18102,Jammu-Rourkela Express,PTK,PATHANKOT,16:25:00,16:45:00,1,,NR,Punjab
18102,Jammu-Rourkela Express,ASR,AMRITSAR JN,19:10:00,19:35:00,1,,NR,Punjab
18102,Jammu-Rourkela Express,LDH,LUDHIANA JN,22:10:00,22:20:00,1,,NR,Punjab
18102,Jammu-Rourkela Express,UMB,AMBALA CANT JN,00:30:00,00:40:00,2,,NR,Haryana
18102,Jammu-Rourkela Express,GZB,GHAZIABAD,05:35:00,05:37:00,2,,NR,Uttar Pradesh
18102,Jammu-Rourkela Express,ALJN,ALIGARH JN,07:10:00,07:15:00,2,,NCR,Uttar Pradesh
18102,Jammu-Rourkela Express,TDL,TUNDLA JN,08:30:00,08:35:00,2,,NCR,Uttar Pradesh
18102,Jammu-Rourkela Express,CNB,KANPUR CENTRAL,12:40:00,12:50:00,2,,NCR,Uttar Pradesh
18102,Jammu-Rourkela Express,ALD,ALLAHABAD JN,15:30:00,16:02:00,2,,NCR,Uttar Pradesh
18102,Jammu-Rourkela Express,ROU,ROURKELA,14:05:00,None,3,,SER,Odisha
18450,Baidyanathdham Express,PNBE,PATNA JN,None,08:55:00,1,,ECR,Bihar
18450,Baidyanathdham Express,ASN,ASANSOL JN,15:00:00,15:20:00,1,,ER,West Bengal
18450,Baidyanathdham Express,CTC,CUTTACK,00:18:00,00:23:00,2,,ECoR,Odisha
18450,Baidyanathdham Express,BBS,BHUBANESWAR,01:00:00,01:05:00,2,,ECoR,Odisha
18450,Baidyanathdham Express,PURI,PURI,03:20:00,None,2,,ECoR,Odisha
12082,Trivandrum-Kozhikode Jan Shatabdi,TVC,TRIVANDRUM CENTRAL,None,14:20:00,1,,SR,Kerala
12082,Trivandrum-Kozhikode Jan Shatabdi,ERS,ERNAKULAM JN,18:08:00,18:08:00,1,,SR,Kerala
12305,Howrah-New Delhi Rajdhani Express,HWH,HOWRAH JN,None,14:05:00,1,,ER,West Bengal
12305,Howrah-New Delhi Rajdhani Express,BWN,BARDDHAMAN JN,15:09:00,15:09:00,1,,ER,West Bengal
12305,Howrah-New Delhi Rajdhani Express,ASN,ASANSOL JN,16:21:00,16:21:00,1,,ER,West Bengal
12305,Howrah-New Delhi Rajdhani Express,PNBE,PATNA JN,21:15:00,21:25:00,1,,ECR,Bihar
12305,Howrah-New Delhi Rajdhani Express,MGS,MUGHAL SARAI JN,00:50:00,01:00:00,2,,ECR,Uttar Pradesh
12305,Howrah-New Delhi Rajdhani Express,ALD,ALLAHABAD JN,02:42:00,02:45:00,2,,NCR,Uttar Pradesh
12305,Howrah-New Delhi Rajdhani Express,CNB,KANPUR CENTRAL,04:45:00,04:53:00,2,,NCR,Uttar Pradesh
12305,Howrah-New Delhi Rajdhani Express,TDL,TUNDLA JN,07:34:00,07:34:00,2,,NCR,Uttar Pradesh
12305,Howrah-New Delhi Rajdhani Express,ALJN,ALIGARH JN,08:28:00,08:28:00,2,,NCR,Uttar Pradesh
12305,Howrah-New Delhi Rajdhani Express,GZB,GHAZIABAD,09:42:00,09:42:00,2,,NR,Uttar Pradesh
12305,Howrah-New Delhi Rajdhani Express,NDLS,NEW DELHI,09:55:00,None,2,,NR,Delhi
56238,Bangalore Mysore (PUSH-PULL) Passenger,SBC,BANGALORE CITY JN,None,19:00:00,1,,SWR,Karnataka
56238,Bangalore Mysore (PUSH-PULL) Passenger,MYS,MYSORE JN,22:40:00,None,1,,SWR,Karnataka
22601,CHENNAI CENT - SAINAGAR SHIRDI SF Exp,MAS,CHENNAI CENTRAL,None,10:10:00,1,,SR,Tamil Nadu
22601,CHENNAI CENT - SAINAGAR SHIRDI SF Exp,GTL,GUNTAKAL JN,21:00:00,21:15:00,1,,SCR,Andhra Pradesh
22601,CHENNAI CENT - SAINAGAR SHIRDI SF Exp,SUR,SOLAPUR JN,03:50:00,04:00:00,2,,CR,Maharashtra
16311,BIKANER - KOCHUVELI Express,BKN,BIKANER JN,None,20:25:00,1,,NWR,Rajasthan
16311,BIKANER - KOCHUVELI Express,JU,JODHPUR JN,01:10:00,01:30:00,2,,NWR,Rajasthan
16311,BIKANER - KOCHUVELI Express,ADI,AHMEDABAD JN,10:50:00,11:10:00,2,,WR,Gujarat
16311,BIKANER - KOCHUVELI Express,BRC,VADODARA JN,13:15:00,13:25:00,2,,WR,Gujarat
16311,BIKANER - KOCHUVELI Express,ST,SURAT,15:35:00,15:45:00,2,,WR,Gujarat
16311,BIKANER - KOCHUVELI Express,PNVL,PANVEL,22:00:00,22:05:00,2,,CR,Maharashtra
16311,BIKANER - KOCHUVELI Express,MAO,MADGAON,07:30:00,07:40:00,3,,KR,Goa
18103,Jallianwalabagh Express,TATA,TATANAGAR JN,None,21:15:00,1,,SER,Jharkhand
18103,Jallianwalabagh Express,GAYA,GAYA JN,04:05:00,04:10:00,2,,ECR,Bihar
18103,Jallianwalabagh Express,MGS,MUGHAL SARAI JN,07:05:00,07:25:00,2,,ECR,Uttar Pradesh
18103,Jallianwalabagh Express,LKO,LUCKNOW,15:05:00,15:15:00,2,,NER,Uttar Pradesh
18103,Jallianwalabagh Express,BE,BAREILLY,18:35:00,18:40:00,2,,NER,Uttar Pradesh
18103,Jallianwalabagh Express,MB,MORADABAD,20:05:00,20:15:00,2,,NR,Uttar Pradesh
18103,Jallianwalabagh Express,UMB,AMBALA CANT JN,01:10:00,01:20:00,3,,NR,Haryana
18103,Jallianwalabagh Express,LDH,LUDHIANA JN,03:58:00,04:08:00,3,,NR,Punjab
18103,Jallianwalabagh Express,ASR,AMRITSAR JN,06:30:00,None,3,,NR,Punjab
13247,GUWAHATI - RAJENDRA NAGAR Capital Exp,GHY,GUWAHATI,None,None,,,NFR,Assam
13247,GUWAHATI - RAJENDRA NAGAR Capital Exp,NJP,NEW JALPAIGURI,14:20:00,14:40:00,1,,NFR,West Bengal
17003,Hyderabad-Kolhapur BiWeekly Express,HYB,HYDERABAD DECCAN,None,23:10:00,1,,SCR,Andhra Pradesh
17003,Hyderabad-Kolhapur BiWeekly Express,GTL,GUNTAKAL JN,07:49:00,07:50:00,2,,SCR,Andhra Pradesh
17003,Hyderabad-Kolhapur BiWeekly Express,UBL,HUBLI JN,13:59:00,14:00:00,2,,SWR,Karnataka
17003,Hyderabad-Kolhapur BiWeekly Express,KOP,C SHAHU M RAJ KOLHAPUR TERM,22:45:00,None,2,,CR,Maharashtra
54077,Bareilly Delhi Passenger,BE,BAREILLY,None,17:45:00,1,,NER,Uttar Pradesh
54077,Bareilly Delhi Passenger,MB,MORADABAD,22:45:00,23:25:00,1,,NR,Uttar Pradesh
54077,Bareilly Delhi Passenger,GZB,GHAZIABAD,02:45:00,02:50:00,2,,NR,Uttar Pradesh
53047,Viswabharati Fast Passenger,HWH,HOWRAH JN,None,16:40:00,1,,ER,West Bengal
53047,Viswabharati Fast Passenger,BWN,BARDDHAMAN JN,18:46:00,18:48:00,1,,ER,West Bengal
17429,Rayalaseema Express,HYB,HYDERABAD DECCAN,None,17:25:00,1,,SCR,Andhra Pradesh
17429,Rayalaseema Express,GTL,GUNTAKAL JN,02:05:00,02:10:00,2,,SCR,Andhra Pradesh
57550,Aurangabad-Hyderabad Passenger,AWB,AURANGABAD,None,15:30:00,1,,SCR,Maharashtra
57550,Aurangabad-Hyderabad Passenger,HYB,HYDERABAD DECCAN,07:05:00,None,2,,SCR,Andhra Pradesh
12516,GUWAHATI - TRIVANDRUM CENTRAL EXP,GHY,GUWAHATI,None,06:30:00,1,,NFR,Assam
12516,GUWAHATI - TRIVANDRUM CENTRAL EXP,NJP,NEW JALPAIGURI,14:10:00,14:25:00,1,,NFR,West Bengal
12516,GUWAHATI - TRIVANDRUM CENTRAL EXP,BWN,BARDDHAMAN JN,23:14:00,23:14:00,1,,ER,West Bengal
12516,GUWAHATI - TRIVANDRUM CENTRAL EXP,HWH,HOWRAH JN,00:45:00,01:05:00,2,,ER,West Bengal
12516,GUWAHATI - TRIVANDRUM CENTRAL EXP,CTC,CUTTACK,06:48:00,06:53:00,2,,ECoR,Odisha
12516,GUWAHATI - TRIVANDRUM CENTRAL EXP,BBS,BHUBANESWAR,07:55:00,08:00:00,2,,ECoR,Odisha
12516,GUWAHATI - TRIVANDRUM CENTRAL EXP,VSKP,VISHAKAPATNAM,15:30:00,15:50:00,2,,ECoR,Andhra Pradesh
12516,GUWAHATI - TRIVANDRUM CENTRAL EXP,BZA,VIJAYAWADA JN,21:40:00,21:55:00,2,,SCR,Andhra Pradesh
12516,GUWAHATI - TRIVANDRUM CENTRAL EXP,MAS,CHENNAI CENTRAL,04:15:00,04:40:00,3,,SR,Tamil Nadu
12516,GUWAHATI - TRIVANDRUM CENTRAL EXP,CBE,COIMBATORE JN,13:20:00,13:25:00,3,,SR,Tamil Nadu
12516,GUWAHATI - TRIVANDRUM CENTRAL EXP,TVC,TRIVANDRUM CENTRAL,22:55:00,None,3,,SR,Kerala
56229,Mysore Bangalore Passenger,MYS,MYSORE JN,None,08:20:00,1,,SWR,Karnataka
56229,Mysore Bangalore Passenger,SBC,BANGALORE CITY JN,12:10:00,None,1,,SWR,Karnataka
12966,Udaipur Gwalior Express,UDZ,UDAIPUR CITY,None,22:20:00,1,,NWR,Rajasthan
12966,Udaipur Gwalior Express,JP,JAIPUR,06:00:00,06:12:00,2,,NWR,Rajasthan
12966,Udaipur Gwalior Express,AGC,AGRA CANTT,11:00:00,11:05:00,2,,NCR,Uttar Pradesh
12966,Udaipur Gwalior Express,GWL,GWALIOR JN,12:45:00,None,2,,NCR,Madhya Pradesh
17208,Vijayawada Sainagar Shirdi Express,BZA,VIJAYAWADA JN,None,10:30:00,1,,SCR,Andhra Pradesh
17208,Vijayawada Sainagar Shirdi Express,SC,SECUNDERABAD JN,16:25:00,16:40:00,1,,SCR,Telangana
17208,Vijayawada Sainagar Shirdi Express,AWB,AURANGABAD,04:55:00,05:00:00,2,,SCR,Maharashtra
12677,Bangalore City - Ernakulam Intercity SF Express,SBC,BANGALORE CITY JN,None,06:15:00,1,,SWR,Karnataka
12677,Bangalore City - Ernakulam Intercity SF Express,CBE,COIMBATORE JN,13:05:00,13:10:00,1,,SR,Tamil Nadu
12677,Bangalore City - Ernakulam Intercity SF Express,ERS,ERNAKULAM JN,16:55:00,None,1,,SR,Kerala
12072,Aurangabad Mumbai Jan Shatabdi,AWB,AURANGABAD,None,06:00:00,1,,SCR,Maharashtra
12072,Aurangabad Mumbai Jan Shatabdi,KYN,KALYAN JN,11:25:00,11:30:00,1,,CR,Maharashtra
12072,Aurangabad Mumbai Jan Shatabdi,DR,MUMBAI DADAR CENTRAL,12:19:00,12:20:00,1,,CR,Maharashtra
12072,Aurangabad Mumbai Jan Shatabdi,CSTM,MUMBAI CST,12:45:00,None,1,,CR,Maharashtra
13149,Kanchan Kanya Express,SDAH,KOLKATA SEALDAH,None,20:30:00,1,,ER,West Bengal
13149,Kanchan Kanya Express,BWN,BARDDHAMAN JN,22:15:00,22:20:00,1,,ER,West Bengal
13149,Kanchan Kanya Express,NJP,NEW JALPAIGURI,07:30:00,07:45:00,2,,NFR,West Bengal
17064,Ajanta Express,SC,SECUNDERABAD JN,None,18:10:00,1,,SCR,Telangana
17064,Ajanta Express,NZB,NIZAMABAD,21:00:00,21:05:00,1,,SCR,Andhra Pradesh
17064,Ajanta Express,AWB,AURANGABAD,03:45:00,03:50:00,2,,SCR,Maharashtra
12906,HOWRAH - PORBANDAR SF Exp,HWH,HOWRAH JN,None,22:55:00,1,,ER,West Bengal
12906,HOWRAH - PORBANDAR SF Exp,TATA,TATANAGAR JN,02:30:00,02:35:00,2,,SER,Jharkhand
12906,HOWRAH - PORBANDAR SF Exp,ROU,ROURKELA,04:53:00,05:00:00,2,,SER,Odisha
12906,HOWRAH - PORBANDAR SF Exp,BSP,BILASPUR JN,09:25:00,09:40:00,2,,SECR,Chhattisgarh
12906,HOWRAH - PORBANDAR SF Exp,R,RAIPUR JN,11:20:00,11:30:00,2,,SECR,Chhattisgarh
12906,HOWRAH - PORBANDAR SF Exp,NGP,NAGPUR,16:20:00,16:30:00,2,,SECR,Maharashtra
12906,HOWRAH - PORBANDAR SF Exp,ST,SURAT,04:55:00,05:05:00,3,,WR,Gujarat
12906,HOWRAH - PORBANDAR SF Exp,BRC,VADODARA JN,06:50:00,06:55:00,3,,WR,Gujarat
12906,HOWRAH - PORBANDAR SF Exp,ADI,AHMEDABAD JN,08:55:00,09:15:00,3,,WR,Gujarat
54540,Ambala Delhi Passenger,UMB,AMBALA CANT JN,None,14:35:00,1,,NR,Haryana
54540,Ambala Delhi Passenger,GZB,GHAZIABAD,23:38:00,23:41:00,1,,NR,Uttar Pradesh
54540,Ambala Delhi Passenger,NDLS,NEW DELHI,01:00:00,01:10:00,2,,NR,Delhi
54540,Ambala Delhi Passenger,NZM,DELHI H NIZAMUDDIN,01:25:00,None,2,,NR,Delhi
64449,Ghaziabad New Delhi Ladies Special,GZB,GHAZIABAD,None,08:45:00,1,,NR,Uttar Pradesh
64449,Ghaziabad New Delhi Ladies Special,NDLS,NEW DELHI,09:35:00,None,1,,NR,Delhi
17013,Pune-Hyderabad Express,PUNE,PUNE JN,None,14:15:00,1,,CR,Maharashtra
17013,Pune-Hyderabad Express,HYB,HYDERABAD DECCAN,04:30:00,None,2,,SCR,Andhra Pradesh
59355,Ratlam Mathura Passenger,RTM,RATLAM JN,None,07:00:00,1,,WR,Madhya Pradesh
59355,Ratlam Mathura Passenger,KOTA,KOTA JN,14:20:00,14:30:00,1,,WCR,Rajasthan
12190,DELHI H NIZAMUDDIN - JABALPUR Mahakoshal SF Exp,NZM,DELHI H NIZAMUDDIN,None,16:10:00,1,,NR,Delhi
12190,DELHI H NIZAMUDDIN - JABALPUR Mahakoshal SF Exp,AGC,AGRA CANTT,19:22:00,19:30:00,1,,NCR,Uttar Pradesh
12190,DELHI H NIZAMUDDIN - JABALPUR Mahakoshal SF Exp,GWL,GWALIOR JN,21:10:00,21:15:00,1,,NCR,Madhya Pradesh
12190,DELHI H NIZAMUDDIN - JABALPUR Mahakoshal SF Exp,JHS,JHANSI JN,22:50:00,23:10:00,1,,NCR,Uttar Pradesh
12190,DELHI H NIZAMUDDIN - JABALPUR Mahakoshal SF Exp,JBP,JABALPUR,09:35:00,None,2,,WCR,Madhya Pradesh
13026,Bhopal-Howrah Express,BPL,BHOPAL JN,None,07:35:00,1,,WCR,Madhya Pradesh
13026,Bhopal-Howrah Express,DHN,DHANBAD JN,10:32:00,10:42:00,2,,ECR,Jharkhand
13026,Bhopal-Howrah Express,ASN,ASANSOL JN,11:44:00,12:04:00,2,,ER,West Bengal
13026,Bhopal-Howrah Express,BWN,BARDDHAMAN JN,13:34:00,13:34:00,2,,ER,West Bengal
13026,Bhopal-Howrah Express,HWH,HOWRAH JN,15:00:00,None,2,,ER,West Bengal
17240,Simhadri Express,VSKP,VISHAKAPATNAM,None,07:10:00,1,,ECoR,Andhra Pradesh
17240,Simhadri Express,BZA,VIJAYAWADA JN,14:05:00,14:15:00,1,,SCR,Andhra Pradesh
12450,CHANDIGARH - MADGAON Goa Sampark Kranti Exp,CDG,CHANDIGARH,None,None,,,NR,Chandigarh
12450,CHANDIGARH - MADGAON Goa Sampark Kranti Exp,UMB,AMBALA CANT JN,None,None,,,NR,Haryana
12450,CHANDIGARH - MADGAON Goa Sampark Kranti Exp,NDLS,NEW DELHI,None,None,,,NR,Delhi
12450,CHANDIGARH - MADGAON Goa Sampark Kranti Exp,NZM,DELHI H NIZAMUDDIN,None,07:25:00,1,,NR,Delhi
12450,CHANDIGARH - MADGAON Goa Sampark Kranti Exp,KOTA,KOTA JN,13:10:00,13:20:00,1,,WCR,Rajasthan
12450,CHANDIGARH - MADGAON Goa Sampark Kranti Exp,RTM,RATLAM JN,17:43:00,17:43:00,1,,WR,Madhya Pradesh
12450,CHANDIGARH - MADGAON Goa Sampark Kranti Exp,BRC,VADODARA JN,21:55:00,22:13:00,1,,WR,Gujarat
12450,CHANDIGARH - MADGAON Goa Sampark Kranti Exp,ST,SURAT,00:16:00,00:16:00,2,,WR,Gujarat
12450,CHANDIGARH - MADGAON Goa Sampark Kranti Exp,PNVL,PANVEL,05:05:00,05:10:00,2,,CR,Maharashtra
12450,CHANDIGARH - MADGAON Goa Sampark Kranti Exp,MAO,MADGAON,13:15:00,None,2,,KR,Goa
22823,BHUBANESWAR - NEW DELHI RAJDHANI Express,BBS,BHUBANESWAR,None,09:15:00,1,,ECoR,Odisha
22823,BHUBANESWAR - NEW DELHI RAJDHANI Express,CTC,CUTTACK,09:53:00,09:55:00,1,,ECoR,Odisha
22823,BHUBANESWAR - NEW DELHI RAJDHANI Express,TATA,TATANAGAR JN,15:50:00,15:55:00,1,,SER,Jharkhand
22823,BHUBANESWAR - NEW DELHI RAJDHANI Express,GAYA,GAYA JN,23:10:00,23:13:00,1,,ECR,Bihar
22823,BHUBANESWAR - NEW DELHI RAJDHANI Express,MGS,MUGHAL SARAI JN,01:20:00,01:30:00,2,,ECR,Uttar Pradesh
22823,BHUBANESWAR - NEW DELHI RAJDHANI Express,ALD,ALLAHABAD JN,03:12:00,03:12:00,2,,NCR,Uttar Pradesh
22823,BHUBANESWAR - NEW DELHI RAJDHANI Express,CNB,KANPUR CENTRAL,05:20:00,05:28:00,2,,NCR,Uttar Pradesh
22823,BHUBANESWAR - NEW DELHI RAJDHANI Express,TDL,TUNDLA JN,08:11:00,08:11:00,2,,NCR,Uttar Pradesh
22823,BHUBANESWAR - NEW DELHI RAJDHANI Express,ALJN,ALIGARH JN,09:07:00,09:07:00,2,,NCR,Uttar Pradesh
22823,BHUBANESWAR - NEW DELHI RAJDHANI Express,GZB,GHAZIABAD,10:21:00,10:21:00,2,,NR,Uttar Pradesh
22823,BHUBANESWAR - NEW DELHI RAJDHANI Express,NDLS,NEW DELHI,10:35:00,None,2,,NR,Delhi
63244,Gaya Patna Passenger MEMU,GAYA,GAYA JN,None,05:45:00,1,,ECR,Bihar
63244,Gaya Patna Passenger MEMU,PNBE,PATNA JN,09:15:00,None,1,,ECR,Bihar
14370,Triveni Express,BE,BAREILLY,None,12:00:00,1,,NER,Uttar Pradesh
14370,Triveni Express,LKO,LUCKNOW,16:00:00,16:15:00,1,,NER,Uttar Pradesh
14370,Triveni Express,ALD,ALLAHABAD JN,20:55:00,21:25:00,1,,NCR,Uttar Pradesh
12727,Godavari SF Express,VSKP,VISHAKAPATNAM,None,17:25:00,1,,ECoR,Andhra Pradesh
12727,Godavari SF Express,BZA,VIJAYAWADA JN,23:40:00,23:55:00,1,,SCR,Andhra Pradesh
12727,Godavari SF Express,SC,SECUNDERABAD JN,05:45:00,05:50:00,2,,SCR,Telangana
12727,Godavari SF Express,HYB,HYDERABAD DECCAN,06:15:00,None,2,,SCR,Andhra Pradesh
18237,Chhattisgarh Express,BSP,BILASPUR JN,None,14:15:00,1,,SECR,Chhattisgarh
18237,Chhattisgarh Express,R,RAIPUR JN,16:10:00,16:20:00,1,,SECR,Chhattisgarh
18237,Chhattisgarh Express,NGP,NAGPUR,21:40:00,22:05:00,1,,SECR,Maharashtra
18237,Chhattisgarh Express,ET,ITARSI JN,04:30:00,04:40:00,2,,WCR,Madhya Pradesh
18237,Chhattisgarh Express,BPL,BHOPAL JN,07:05:00,07:10:00,2,,WCR,Madhya Pradesh
18237,Chhattisgarh Express,JHS,JHANSI JN,11:50:00,12:00:00,2,,NCR,Uttar Pradesh
18237,Chhattisgarh Express,GWL,GWALIOR JN,13:50:00,13:55:00,2,,NCR,Madhya Pradesh
18237,Chhattisgarh Express,AGC,AGRA CANTT,16:00:00,16:10:00,2,,NCR,Uttar Pradesh
18237,Chhattisgarh Express,NZM,DELHI H NIZAMUDDIN,19:45:00,20:15:00,2,,NR,Delhi
18237,Chhattisgarh Express,GZB,GHAZIABAD,21:00:00,21:05:00,2,,NR,Uttar Pradesh
18237,Chhattisgarh Express,UMB,AMBALA CANT JN,02:05:00,02:15:00,3,,NR,Haryana
18237,Chhattisgarh Express,LDH,LUDHIANA JN,04:40:00,04:50:00,3,,NR,Punjab
18237,Chhattisgarh Express,ASR,AMRITSAR JN,08:10:00,None,3,,NR,Punjab
12510,GUWAHATI - BENGALURU (Kaziranga) SF Express,GHY,GUWAHATI,None,06:30:00,1,,NFR,Assam
12510,GUWAHATI - BENGALURU (Kaziranga) SF Express,NJP,NEW JALPAIGURI,14:10:00,14:25:00,1,,NFR,West Bengal
12510,GUWAHATI - BENGALURU (Kaziranga) SF Express,BWN,BARDDHAMAN JN,23:14:00,23:14:00,1,,ER,West Bengal
12510,GUWAHATI - BENGALURU (Kaziranga) SF Express,HWH,HOWRAH JN,00:45:00,01:05:00,2,,ER,West Bengal
12510,GUWAHATI - BENGALURU (Kaziranga) SF Express,CTC,CUTTACK,06:48:00,06:53:00,2,,ECoR,Odisha
12510,GUWAHATI - BENGALURU (Kaziranga) SF Express,BBS,BHUBANESWAR,07:55:00,08:00:00,2,,ECoR,Odisha
12510,GUWAHATI - BENGALURU (Kaziranga) SF Express,VSKP,VISHAKAPATNAM,15:30:00,15:50:00,2,,ECoR,Andhra Pradesh
12510,GUWAHATI - BENGALURU (Kaziranga) SF Express,BZA,VIJAYAWADA JN,21:40:00,21:55:00,2,,SCR,Andhra Pradesh
12510,GUWAHATI - BENGALURU (Kaziranga) SF Express,MAS,CHENNAI CENTRAL,04:15:00,04:40:00,3,,SR,Tamil Nadu
12510,GUWAHATI - BENGALURU (Kaziranga) SF Express,SBC,BANGALORE CITY JN,11:50:00,None,3,,SWR,Karnataka
12781,Mysore-Nizamuddin Swarna Jayanti Express,MYS,MYSORE JN,None,20:10:00,1,,SWR,Karnataka
12781,Mysore-Nizamuddin Swarna Jayanti Express,UBL,HUBLI JN,04:30:00,04:40:00,2,,SWR,Karnataka
12781,Mysore-Nizamuddin Swarna Jayanti Express,PUNE,PUNE JN,16:00:00,16:10:00,2,,CR,Maharashtra
12781,Mysore-Nizamuddin Swarna Jayanti Express,ET,ITARSI JN,04:50:00,05:00:00,3,,WCR,Madhya Pradesh
12781,Mysore-Nizamuddin Swarna Jayanti Express,BPL,BHOPAL JN,06:35:00,06:40:00,3,,WCR,Madhya Pradesh
12781,Mysore-Nizamuddin Swarna Jayanti Express,JHS,JHANSI JN,10:30:00,10:40:00,3,,NCR,Uttar Pradesh
12781,Mysore-Nizamuddin Swarna Jayanti Express,GWL,GWALIOR JN,12:00:00,12:05:00,3,,NCR,Madhya Pradesh
12781,Mysore-Nizamuddin Swarna Jayanti Express,AGC,AGRA CANTT,14:00:00,14:05:00,3,,NCR,Uttar Pradesh
12781,Mysore-Nizamuddin Swarna Jayanti Express,NZM,DELHI H NIZAMUDDIN,17:05:00,None,3,,NR,Delhi
12938,HOWRAH - GANDHIDHAM Garbha Exp,HWH,HOWRAH JN,None,23:00:00,1,,ER,West Bengal
12938,HOWRAH - GANDHIDHAM Garbha Exp,BWN,BARDDHAMAN JN,00:19:00,00:19:00,2,,ER,West Bengal
12938,HOWRAH - GANDHIDHAM Garbha Exp,ASN,ASANSOL JN,01:45:00,01:50:00,2,,ER,West Bengal
12938,HOWRAH - GANDHIDHAM Garbha Exp,DHN,DHANBAD JN,02:50:00,03:00:00,2,,ECR,Jharkhand
12938,HOWRAH - GANDHIDHAM Garbha Exp,GAYA,GAYA JN,06:02:00,06:07:00,2,,ECR,Bihar
12938,HOWRAH - GANDHIDHAM Garbha Exp,MGS,MUGHAL SARAI JN,08:55:00,09:15:00,2,,ECR,Uttar Pradesh
12938,HOWRAH - GANDHIDHAM Garbha Exp,ALD,ALLAHABAD JN,11:30:00,11:35:00,2,,NCR,Uttar Pradesh
12938,HOWRAH - GANDHIDHAM Garbha Exp,CNB,KANPUR CENTRAL,14:00:00,14:15:00,2,,NCR,Uttar Pradesh
12938,HOWRAH - GANDHIDHAM Garbha Exp,TDL,TUNDLA JN,17:25:00,17:30:00,2,,NCR,Uttar Pradesh
12938,HOWRAH - GANDHIDHAM Garbha Exp,KOTA,KOTA JN,00:01:00,00:10:00,3,,WCR,Rajasthan
12938,HOWRAH - GANDHIDHAM Garbha Exp,RTM,RATLAM JN,04:30:00,04:40:00,3,,WR,Madhya Pradesh
12938,HOWRAH - GANDHIDHAM Garbha Exp,BRC,VADODARA JN,08:50:00,09:15:00,3,,WR,Gujarat
12938,HOWRAH - GANDHIDHAM Garbha Exp,ADI,AHMEDABAD JN,11:00:00,11:25:00,3,,WR,Gujarat
54572,Ludhiana Ferozpur Passenger,FZR,FIROZPUR CANT,None,11:25:00,1,,NR,Punjab
54572,Ludhiana Ferozpur Passenger,LDH,LUDHIANA JN,14:45:00,None,1,,NR,Punjab
16210,Mysore-Ajmer Express,MYS,MYSORE JN,None,18:15:00,1,,SWR,Karnataka
16210,Mysore-Ajmer Express,SBC,BANGALORE CITY JN,21:40:00,21:55:00,1,,SWR,Karnataka
16210,Mysore-Ajmer Express,UBL,HUBLI JN,06:45:00,06:55:00,2,,SWR,Karnataka
16210,Mysore-Ajmer Express,PUNE,PUNE JN,18:40:00,18:50:00,2,,CR,Maharashtra
16210,Mysore-Ajmer Express,KYN,KALYAN JN,21:40:00,21:45:00,2,,CR,Maharashtra
16210,Mysore-Ajmer Express,ST,SURAT,03:10:00,03:20:00,3,,WR,Gujarat
16210,Mysore-Ajmer Express,BRC,VADODARA JN,05:15:00,05:25:00,3,,WR,Gujarat
16210,Mysore-Ajmer Express,ADI,AHMEDABAD JN,07:15:00,07:40:00,3,,WR,Gujarat
53613,Gaya Mughal Sarai Fast Passenger,GAYA,GAYA JN,None,18:00:00,1,,ECR,Bihar
53613,Gaya Mughal Sarai Fast Passenger,MGS,MUGHAL SARAI JN,22:40:00,None,1,,ECR,Uttar Pradesh
22681,MYSORE - CHENNAI Weekly SF Exp,MYS,MYSORE JN,None,20:10:00,1,,SWR,Karnataka
22681,MYSORE - CHENNAI Weekly SF Exp,SBC,BANGALORE CITY JN,22:45:00,23:00:00,1,,SWR,Karnataka
22681,MYSORE - CHENNAI Weekly SF Exp,MAS,CHENNAI CENTRAL,05:15:00,None,2,,SR,Tamil Nadu
19129,Baroda Ahmedabad Express,BRC,VADODARA JN,None,18:15:00,1,,WR,Gujarat
19129,Baroda Ahmedabad Express,ADI,AHMEDABAD JN,20:30:00,None,1,,WR,Gujarat
12889,TATANAGAR - YESVANTPUR SF Exp,TATA,TATANAGAR JN,None,18:35:00,1,,SER,Jharkhand
12889,TATANAGAR - YESVANTPUR SF Exp,ROU,ROURKELA,21:00:00,21:05:00,1,,SER,Odisha
12889,TATANAGAR - YESVANTPUR SF Exp,VSKP,VISHAKAPATNAM,09:45:00,10:05:00,2,,ECoR,Andhra Pradesh
12889,TATANAGAR - YESVANTPUR SF Exp,BZA,VIJAYAWADA JN,15:30:00,15:45:00,2,,SCR,Andhra Pradesh
17229,Sabari Express,TVC,TRIVANDRUM CENTRAL,None,07:15:00,1,,SR,Kerala
17229,Sabari Express,ERS,ERNAKULAM JN,11:38:00,11:38:00,1,,SR,Kerala
17229,Sabari Express,CBE,COIMBATORE JN,16:30:00,16:35:00,1,,SR,Tamil Nadu
17229,Sabari Express,SC,SECUNDERABAD JN,13:00:00,13:05:00,2,,SCR,Telangana
17229,Sabari Express,HYB,HYDERABAD DECCAN,13:40:00,None,2,,SCR,Andhra Pradesh
12863,HOWRAH - YESVANTPUR SF Exp,HWH,HOWRAH JN,None,20:35:00,1,,ER,West Bengal
12863,HOWRAH - YESVANTPUR SF Exp,CTC,CUTTACK,02:20:00,02:25:00,2,,ECoR,Odisha
12863,HOWRAH - YESVANTPUR SF Exp,BBS,BHUBANESWAR,03:05:00,03:15:00,2,,ECoR,Odisha
12863,HOWRAH - YESVANTPUR SF Exp,VSKP,VISHAKAPATNAM,10:40:00,11:00:00,2,,ECoR,Andhra Pradesh
12863,HOWRAH - YESVANTPUR SF Exp,BZA,VIJAYAWADA JN,16:45:00,17:00:00,2,,SCR,Andhra Pradesh
12192,Jabalpur-New Delhi Superfast Express,JBP,JABALPUR,None,17:45:00,1,,WCR,Madhya Pradesh
12192,Jabalpur-New Delhi Superfast Express,ET,ITARSI JN,21:55:00,22:15:00,1,,WCR,Madhya Pradesh
12192,Jabalpur-New Delhi Superfast Express,BPL,BHOPAL JN,00:01:00,00:10:00,2,,WCR,Madhya Pradesh
12192,Jabalpur-New Delhi Superfast Express,JHS,JHANSI JN,04:00:00,04:10:00,2,,NCR,Uttar Pradesh
12192,Jabalpur-New Delhi Superfast Express,GWL,GWALIOR JN,05:25:00,05:30:00,2,,NCR,Madhya Pradesh
12192,Jabalpur-New Delhi Superfast Express,AGC,AGRA CANTT,07:30:00,07:35:00,2,,NCR,Uttar Pradesh
12192,Jabalpur-New Delhi Superfast Express,NZM,DELHI H NIZAMUDDIN,11:18:00,11:20:00,2,,NR,Delhi
12192,Jabalpur-New Delhi Superfast Express,NDLS,NEW DELHI,11:40:00,None,2,,NR,Delhi
12193,Bhopal Partapgarh Express,BPL,BHOPAL JN,None,19:20:00,1,,WCR,Madhya Pradesh
12193,Bhopal Partapgarh Express,JHS,JHANSI JN,23:20:00,23:40:00,1,,NCR,Uttar Pradesh
12193,Bhopal Partapgarh Express,CNB,KANPUR CENTRAL,04:00:00,04:05:00,2,,NCR,Uttar Pradesh
12193,Bhopal Partapgarh Express,LKO,LUCKNOW,05:25:00,05:45:00,2,,NER,Uttar Pradesh
11093,MUMBAI CST - VARANASI Mahanagari Exp,CSTM,MUMBAI CST,None,00:10:00,1,,CR,Maharashtra
11093,MUMBAI CST - VARANASI Mahanagari Exp,DR,MUMBAI DADAR CENTRAL,00:23:00,00:25:00,1,,CR,Maharashtra
11093,MUMBAI CST - VARANASI Mahanagari Exp,KYN,KALYAN JN,01:10:00,01:15:00,1,,CR,Maharashtra
11093,MUMBAI CST - VARANASI Mahanagari Exp,ET,ITARSI JN,12:30:00,12:40:00,1,,WCR,Madhya Pradesh
11093,MUMBAI CST - VARANASI Mahanagari Exp,JBP,JABALPUR,16:20:00,16:30:00,1,,WCR,Madhya Pradesh
13302,Suvarna Rekha Express,TATA,TATANAGAR JN,None,13:20:00,1,,SER,Jharkhand
13302,Suvarna Rekha Express,DHN,DHANBAD JN,18:45:00,None,1,,ECR,Jharkhand
12079,Bangalore City-Hubli Jan Shatabdi,SBC,BANGALORE CITY JN,None,06:00:00,1,,SWR,Karnataka
12079,Bangalore City-Hubli Jan Shatabdi,UBL,HUBLI JN,13:25:00,None,1,,SWR,Karnataka
16346,TRIVANDRUM - MUMBAI LTT Netravati Exp,TVC,TRIVANDRUM CENTRAL,None,09:50:00,1,,SR,Kerala
16346,TRIVANDRUM - MUMBAI LTT Netravati Exp,ERS,ERNAKULAM JN,13:50:00,14:00:00,1,,SR,Kerala
16346,TRIVANDRUM - MUMBAI LTT Netravati Exp,MAO,MADGAON,05:30:00,05:40:00,2,,KR,Goa
16346,TRIVANDRUM - MUMBAI LTT Netravati Exp,PNVL,PANVEL,15:10:00,15:15:00,2,,CR,Maharashtra
51814,Lucknow-Jhansi Passenger,LKO,LUCKNOW,None,16:40:00,1,,NER,Uttar Pradesh
51814,Lucknow-Jhansi Passenger,CNB,KANPUR CENTRAL,18:50:00,19:00:00,1,,NCR,Uttar Pradesh
51814,Lucknow-Jhansi Passenger,JHS,JHANSI JN,00:25:00,None,2,,NCR,Uttar Pradesh
12074,Bhubaneswar-Howrah Jan Shatabdi Express,BBS,BHUBANESWAR,None,06:20:00,1,,ECoR,Odisha
12074,Bhubaneswar-Howrah Jan Shatabdi Express,CTC,CUTTACK,06:57:00,06:59:00,1,,ECoR,Odisha
12074,Bhubaneswar-Howrah Jan Shatabdi Express,HWH,HOWRAH JN,12:50:00,None,1,,ER,West Bengal
11447,JABALPUR - KOL HOWRAH Shaktipunj Exp,JBP,JABALPUR,None,00:30:00,1,,WCR,Madhya Pradesh
11447,JABALPUR - KOL HOWRAH Shaktipunj Exp,DHN,DHANBAD JN,23:25:00,23:35:00,1,,ECR,Jharkhand
11447,JABALPUR - KOL HOWRAH Shaktipunj Exp,ASN,ASANSOL JN,00:39:00,00:47:00,2,,ER,West Bengal
11447,JABALPUR - KOL HOWRAH Shaktipunj Exp,BWN,BARDDHAMAN JN,02:33:00,02:37:00,2,,ER,West Bengal
11447,JABALPUR - KOL HOWRAH Shaktipunj Exp,HWH,HOWRAH JN,04:15:00,None,2,,ER,West Bengal
12977,ERNAKULAM - AJMER Marusagar Exp,ERS,ERNAKULAM JN,None,19:50:00,1,,SR,Kerala
12977,ERNAKULAM - AJMER Marusagar Exp,MAO,MADGAON,10:55:00,11:05:00,2,,KR,Goa
12977,ERNAKULAM - AJMER Marusagar Exp,PNVL,PANVEL,19:50:00,19:55:00,2,,CR,Maharashtra
12977,ERNAKULAM - AJMER Marusagar Exp,ST,SURAT,00:20:00,00:25:00,3,,WR,Gujarat
12977,ERNAKULAM - AJMER Marusagar Exp,BRC,VADODARA JN,02:10:00,02:20:00,3,,WR,Gujarat
12977,ERNAKULAM - AJMER Marusagar Exp,RTM,RATLAM JN,06:20:00,06:40:00,3,,WR,Madhya Pradesh
12977,ERNAKULAM - AJMER Marusagar Exp,KOTA,KOTA JN,10:00:00,10:10:00,3,,WCR,Rajasthan
12977,ERNAKULAM - AJMER Marusagar Exp,JP,JAIPUR,13:55:00,14:05:00,3,,NWR,Rajasthan
14212,NewDelhi-Agra InterCity Express,NDLS,NEW DELHI,None,17:40:00,1,,NR,Delhi
14212,NewDelhi-Agra InterCity Express,NZM,DELHI H NIZAMUDDIN,17:58:00,18:00:00,1,,NR,Delhi
14212,NewDelhi-Agra InterCity Express,AGC,AGRA CANTT,21:50:00,None,1,,NCR,Uttar Pradesh
12303,Poorva Express,HWH,HOWRAH JN,None,08:10:00,1,,ER,West Bengal
12303,Poorva Express,BWN,BARDDHAMAN JN,09:15:00,09:18:00,1,,ER,West Bengal
12303,Poorva Express,ASN,ASANSOL JN,10:46:00,10:51:00,1,,ER,West Bengal
12303,Poorva Express,PNBE,PATNA JN,16:05:00,16:15:00,1,,ECR,Bihar
12303,Poorva Express,MGS,MUGHAL SARAI JN,19:40:00,19:50:00,1,,ECR,Uttar Pradesh
12303,Poorva Express,ALD,ALLAHABAD JN,21:55:00,22:05:00,1,,NCR,Uttar Pradesh
12303,Poorva Express,CNB,KANPUR CENTRAL,00:27:00,00:32:00,2,,NCR,Uttar Pradesh
12303,Poorva Express,TDL,TUNDLA JN,03:36:00,03:41:00,2,,NCR,Uttar Pradesh
12303,Poorva Express,ALJN,ALIGARH JN,04:34:00,04:39:00,2,,NCR,Uttar Pradesh
12303,Poorva Express,GZB,GHAZIABAD,06:50:00,06:50:00,2,,NR,Uttar Pradesh
12303,Poorva Express,NDLS,NEW DELHI,07:20:00,None,2,,NR,Delhi
12970,Jaipur-Coimbatore Express,JP,JAIPUR,None,19:40:00,1,,NWR,Rajasthan
12970,Jaipur-Coimbatore Express,KOTA,KOTA JN,22:55:00,23:05:00,1,,WCR,Rajasthan
12970,Jaipur-Coimbatore Express,BPL,BHOPAL JN,07:10:00,07:20:00,2,,WCR,Madhya Pradesh
12970,Jaipur-Coimbatore Express,ET,ITARSI JN,09:20:00,09:25:00,2,,WCR,Madhya Pradesh
12970,Jaipur-Coimbatore Express,NGP,NAGPUR,14:00:00,14:10:00,2,,SECR,Maharashtra
12970,Jaipur-Coimbatore Express,BZA,VIJAYAWADA JN,02:10:00,02:20:00,3,,SCR,Andhra Pradesh
12970,Jaipur-Coimbatore Express,MAS,CHENNAI CENTRAL,09:45:00,10:10:00,3,,SR,Tamil Nadu
12970,Jaipur-Coimbatore Express,CBE,COIMBATORE JN,18:00:00,None,3,,SR,Tamil Nadu
15010,Chitrakoot Express,JBP,JABALPUR,None,20:40:00,1,,WCR,Madhya Pradesh
15010,Chitrakoot Express,CNB,KANPUR CENTRAL,07:33:00,07:33:00,2,,NCR,Uttar Pradesh
12402,Magadh Express,NDLS,NEW DELHI,None,20:10:00,1,,NR,Delhi
12402,Magadh Express,GZB,GHAZIABAD,20:33:00,20:33:00,1,,NR,Uttar Pradesh
12402,Magadh Express,ALJN,ALIGARH JN,22:10:00,22:15:00,1,,NCR,Uttar Pradesh
12402,Magadh Express,TDL,TUNDLA JN,23:15:00,23:20:00,1,,NCR,Uttar Pradesh
12402,Magadh Express,CNB,KANPUR CENTRAL,02:40:00,02:45:00,2,,NCR,Uttar Pradesh
12402,Magadh Express,ALD,ALLAHABAD JN,05:10:00,05:20:00,2,,NCR,Uttar Pradesh
12402,Magadh Express,MGS,MUGHAL SARAI JN,07:40:00,08:00:00,2,,ECR,Uttar Pradesh
12402,Magadh Express,PNBE,PATNA JN,11:30:00,11:55:00,2,,ECR,Bihar
12498,Shan-e-Punjab Express,ASR,AMRITSAR JN,None,15:10:00,1,,NR,Punjab
12498,Shan-e-Punjab Express,LDH,LUDHIANA JN,17:20:00,17:25:00,1,,NR,Punjab
12498,Shan-e-Punjab Express,UMB,AMBALA CANT JN,19:10:00,19:15:00,1,,NR,Haryana
12498,Shan-e-Punjab Express,NDLS,NEW DELHI,22:45:00,None,1,,NR,Delhi
21028,Solapur-Gondia Slip Exp.,SUR,SOLAPUR JN,None,18:20:00,1,,CR,Maharashtra
21028,Solapur-Gondia Slip Exp.,NGP,NAGPUR,17:20:00,17:40:00,2,,SECR,Maharashtra
12554,Vaishali SF Express,NDLS,NEW DELHI,None,19:50:00,1,,NR,Delhi
12554,Vaishali SF Express,GZB,GHAZIABAD,20:21:00,20:23:00,1,,NR,Uttar Pradesh
12554,Vaishali SF Express,ALJN,ALIGARH JN,21:55:00,22:00:00,1,,NCR,Uttar Pradesh
12554,Vaishali SF Express,TDL,TUNDLA JN,23:05:00,23:10:00,1,,NCR,Uttar Pradesh
12554,Vaishali SF Express,CNB,KANPUR CENTRAL,02:20:00,02:25:00,2,,NCR,Uttar Pradesh
12554,Vaishali SF Express,MFP,MUZAFFARPUR JN,14:55:00,15:05:00,2,,ECR,Bihar
12557,Sapt Kranti SF Express,MFP,MUZAFFARPUR JN,None,09:10:00,1,,ECR,Bihar
12557,Sapt Kranti SF Express,LKO,LUCKNOW,20:00:00,20:10:00,1,,NER,Uttar Pradesh
12557,Sapt Kranti SF Express,BE,BAREILLY,23:46:00,23:46:00,1,,NER,Uttar Pradesh
12557,Sapt Kranti SF Express,MB,MORADABAD,01:05:00,01:15:00,2,,NR,Uttar Pradesh
12557,Sapt Kranti SF Express,GZB,GHAZIABAD,03:52:00,03:52:00,2,,NR,Uttar Pradesh
12625,Kerala Express,TVC,TRIVANDRUM CENTRAL,None,11:15:00,1,,SR,Kerala
12625,Kerala Express,ERS,ERNAKULAM JN,15:35:00,15:45:00,1,,SR,Kerala
12625,Kerala Express,CBE,COIMBATORE JN,19:55:00,20:00:00,1,,SR,Tamil Nadu
12625,Kerala Express,BZA,VIJAYAWADA JN,10:00:00,10:15:00,2,,SCR,Andhra Pradesh
12625,Kerala Express,NGP,NAGPUR,20:15:00,20:25:00,2,,SECR,Maharashtra
12625,Kerala Express,ET,ITARSI JN,01:15:00,01:20:00,3,,WCR,Madhya Pradesh
12625,Kerala Express,BPL,BHOPAL JN,02:55:00,03:00:00,3,,WCR,Madhya Pradesh
12625,Kerala Express,JHS,JHANSI JN,06:55:00,07:07:00,3,,NCR,Uttar Pradesh
12625,Kerala Express,GWL,GWALIOR JN,08:25:00,08:30:00,3,,NCR,Madhya Pradesh
12625,Kerala Express,AGC,AGRA CANTT,10:20:00,10:28:00,3,,NCR,Uttar Pradesh
12625,Kerala Express,NZM,DELHI H NIZAMUDDIN,13:17:00,13:19:00,3,,NR,Delhi
12625,Kerala Express,NDLS,NEW DELHI,13:40:00,None,3,,NR,Delhi
12601,Chennai Mangalore Mail,MAS,CHENNAI CENTRAL,None,20:25:00,1,,SR,Tamil Nadu
12601,Chennai Mangalore Mail,MAQ,MANGALORE CNTL,12:25:00,None,2,,SR,Karnataka
12518,GUWAHATI - KOLKATA Garib Rath Exp,GHY,GUWAHATI,None,21:00:00,1,,NFR,Assam
12518,GUWAHATI - KOLKATA Garib Rath Exp,NJP,NEW JALPAIGURI,03:35:00,03:50:00,2,,NFR,West Bengal
54511,Ambala Nangal Dam,UMB,AMBALA CANT JN,None,07:35:00,1,,NR,Haryana
54511,Ambala Nangal Dam,CDG,CHANDIGARH,08:35:00,08:45:00,1,,NR,Chandigarh
12176,Chambal Express,GWL,GWALIOR JN,None,07:05:00,1,,NCR,Madhya Pradesh
12176,Chambal Express,JHS,JHANSI JN,08:40:00,08:50:00,1,,NCR,Uttar Pradesh
12176,Chambal Express,ALD,ALLAHABAD JN,16:55:00,17:20:00,1,,NCR,Uttar Pradesh
12176,Chambal Express,MGS,MUGHAL SARAI JN,20:00:00,20:15:00,1,,ECR,Uttar Pradesh
12176,Chambal Express,GAYA,GAYA JN,22:58:00,23:03:00,1,,ECR,Bihar
12176,Chambal Express,DHN,DHANBAD JN,02:41:00,02:51:00,2,,ECR,Jharkhand
12176,Chambal Express,ASN,ASANSOL JN,03:47:00,03:55:00,2,,ER,West Bengal
12176,Chambal Express,BWN,BARDDHAMAN JN,05:21:00,05:25:00,2,,ER,West Bengal
12176,Chambal Express,HWH,HOWRAH JN,06:45:00,None,2,,ER,West Bengal
18601,Rourkela-JammuTawi Express,ROU,ROURKELA,None,11:15:00,1,,SER,Odisha
18601,Rourkela-JammuTawi Express,ALD,ALLAHABAD JN,08:40:00,09:05:00,2,,NCR,Uttar Pradesh
18601,Rourkela-JammuTawi Express,CNB,KANPUR CENTRAL,12:20:00,12:30:00,2,,NCR,Uttar Pradesh
18601,Rourkela-JammuTawi Express,TDL,TUNDLA JN,16:26:00,16:36:00,2,,NCR,Uttar Pradesh
18601,Rourkela-JammuTawi Express,ALJN,ALIGARH JN,17:55:00,18:00:00,2,,NCR,Uttar Pradesh
18601,Rourkela-JammuTawi Express,GZB,GHAZIABAD,20:35:00,20:40:00,2,,NR,Uttar Pradesh
18601,Rourkela-JammuTawi Express,UMB,AMBALA CANT JN,02:35:00,02:45:00,3,,NR,Haryana
18601,Rourkela-JammuTawi Express,LDH,LUDHIANA JN,04:55:00,05:05:00,3,,NR,Punjab
18601,Rourkela-JammuTawi Express,ASR,AMRITSAR JN,07:50:00,08:20:00,3,,NR,Punjab
18601,Rourkela-JammuTawi Express,PTK,PATHANKOT,10:50:00,11:10:00,3,,NR,Punjab
18601,Rourkela-JammuTawi Express,JAT,JAMMU TAWI,13:40:00,None,3,,NR,Jammu and Kashmir
16127,CHENNAI EGMORE - GURUVAYUR Exp,MS,CHENNAI EGMORE,None,07:40:00,1,,SR,Tamil Nadu
16127,CHENNAI EGMORE - GURUVAYUR Exp,TVC,TRIVANDRUM CENTRAL,23:30:00,23:40:00,1,,SR,Kerala
16127,CHENNAI EGMORE - GURUVAYUR Exp,ERS,ERNAKULAM JN,03:40:00,03:50:00,2,,SR,Kerala
14511,Allahabad-Saharanpur Nauchandi Express,ALD,ALLAHABAD JN,None,17:40:00,1,,NCR,Uttar Pradesh
14511,Allahabad-Saharanpur Nauchandi Express,LKO,LUCKNOW,22:55:00,23:05:00,1,,NER,Uttar Pradesh
14511,Allahabad-Saharanpur Nauchandi Express,BE,BAREILLY,03:10:00,03:15:00,2,,NER,Uttar Pradesh
14511,Allahabad-Saharanpur Nauchandi Express,MB,MORADABAD,04:55:00,05:05:00,2,,NR,Uttar Pradesh
16627,West Coast Express,MAS,CHENNAI CENTRAL,None,11:30:00,1,,SR,Tamil Nadu
16627,West Coast Express,CBE,COIMBATORE JN,19:55:00,20:00:00,1,,SR,Tamil Nadu
16627,West Coast Express,MAQ,MANGALORE CNTL,04:35:00,None,2,,SR,Karnataka
12954,August Kranti Rajdhani Express,NZM,DELHI H NIZAMUDDIN,None,16:55:00,1,,NR,Delhi
12954,August Kranti Rajdhani Express,KOTA,KOTA JN,21:45:00,21:55:00,1,,WCR,Rajasthan
12954,August Kranti Rajdhani Express,RTM,RATLAM JN,00:51:00,00:53:00,2,,WR,Madhya Pradesh
12954,August Kranti Rajdhani Express,BRC,VADODARA JN,04:23:00,04:40:00,2,,WR,Gujarat
12954,August Kranti Rajdhani Express,ST,SURAT,06:16:00,06:21:00,2,,WR,Gujarat
12954,August Kranti Rajdhani Express,BCT,Mumbai Central,10:35:00,None,2,,WR,Maharashtra
17230,Sabari Express,HYB,HYDERABAD DECCAN,None,12:00:00,1,,SCR,Andhra Pradesh
17230,Sabari Express,SC,SECUNDERABAD JN,12:20:00,12:25:00,1,,SCR,Telangana
17230,Sabari Express,CBE,COIMBATORE JN,08:30:00,08:35:00,2,,SR,Tamil Nadu
17230,Sabari Express,ERS,ERNAKULAM JN,13:53:00,13:53:00,2,,SR,Kerala
17230,Sabari Express,TVC,TRIVANDRUM CENTRAL,18:55:00,None,2,,SR,Kerala
11052,Kolhapur Solapur Express,KOP,C SHAHU M RAJ KOLHAPUR TERM,None,08:45:00,1,,CR,Maharashtra
11052,Kolhapur Solapur Express,SUR,SOLAPUR JN,15:00:00,None,1,,CR,Maharashtra
12454,New Delhi-Ranchi Rajdhani Express,NDLS,NEW DELHI,None,16:10:00,1,,NR,Delhi
12454,New Delhi-Ranchi Rajdhani Express,GZB,GHAZIABAD,16:27:00,16:27:00,1,,NR,Uttar Pradesh
12454,New Delhi-Ranchi Rajdhani Express,ALJN,ALIGARH JN,17:38:00,17:38:00,1,,NCR,Uttar Pradesh
12454,New Delhi-Ranchi Rajdhani Express,TDL,TUNDLA JN,18:30:00,18:30:00,1,,NCR,Uttar Pradesh
12454,New Delhi-Ranchi Rajdhani Express,CNB,KANPUR CENTRAL,21:00:00,21:05:00,1,,NCR,Uttar Pradesh
12454,New Delhi-Ranchi Rajdhani Express,ALD,ALLAHABAD JN,23:28:00,23:28:00,1,,NCR,Uttar Pradesh
12454,New Delhi-Ranchi Rajdhani Express,MGS,MUGHAL SARAI JN,01:18:00,01:28:00,2,,ECR,Uttar Pradesh
12208,Jammu-Kathgodam Garib Rath Express,JAT,JAMMU TAWI,None,23:45:00,1,,NR,Jammu and Kashmir
12208,Jammu-Kathgodam Garib Rath Express,LDH,LUDHIANA JN,04:10:00,04:20:00,2,,NR,Punjab
12208,Jammu-Kathgodam Garib Rath Express,UMB,AMBALA CANT JN,06:15:00,06:25:00,2,,NR,Haryana
12208,Jammu-Kathgodam Garib Rath Express,MB,MORADABAD,11:35:00,11:45:00,2,,NR,Uttar Pradesh
12272,New Delhi-Lucknow AC Duronto Express,NDLS,NEW DELHI,None,23:30:00,1,,NR,Delhi
12272,New Delhi-Lucknow AC Duronto Express,GZB,GHAZIABAD,23:54:00,23:54:00,1,,NR,Uttar Pradesh
12272,New Delhi-Lucknow AC Duronto Express,MB,MORADABAD,02:07:00,02:07:00,2,,NR,Uttar Pradesh
12272,New Delhi-Lucknow AC Duronto Express,BE,BAREILLY,03:32:00,03:32:00,2,,NER,Uttar Pradesh
12272,New Delhi-Lucknow AC Duronto Express,LKO,LUCKNOW,07:10:00,None,2,,NER,Uttar Pradesh
12627,Karnataka Express,SBC,BANGALORE CITY JN,None,19:20:00,1,,SWR,Karnataka
12627,Karnataka Express,GTL,GUNTAKAL JN,00:50:00,00:55:00,2,,SCR,Andhra Pradesh
12627,Karnataka Express,SUR,SOLAPUR JN,07:40:00,07:50:00,2,,CR,Maharashtra
12627,Karnataka Express,ET,ITARSI JN,21:40:00,21:50:00,2,,WCR,Madhya Pradesh
12627,Karnataka Express,BPL,BHOPAL JN,23:30:00,23:35:00,2,,WCR,Madhya Pradesh
12627,Karnataka Express,JHS,JHANSI JN,03:33:00,03:45:00,3,,NCR,Uttar Pradesh
12627,Karnataka Express,GWL,GWALIOR JN,05:00:00,05:03:00,3,,NCR,Madhya Pradesh
12627,Karnataka Express,AGC,AGRA CANTT,06:40:00,06:45:00,3,,NCR,Uttar Pradesh
12627,Karnataka Express,NZM,DELHI H NIZAMUDDIN,09:54:00,09:56:00,3,,NR,Delhi
12627,Karnataka Express,NDLS,NEW DELHI,10:35:00,None,3,,NR,Delhi
04727,Bikaner-Mumbai BandraT SF Special,BKN,BIKANER JN,None,15:00:00,1,,NWR,Rajasthan
04727,Bikaner-Mumbai BandraT SF Special,JU,JODHPUR JN,19:15:00,19:20:00,1,,NWR,Rajasthan
04727,Bikaner-Mumbai BandraT SF Special,ADI,AHMEDABAD JN,04:45:00,05:05:00,2,,WR,Gujarat
04727,Bikaner-Mumbai BandraT SF Special,BRC,VADODARA JN,07:05:00,07:10:00,2,,WR,Gujarat
04727,Bikaner-Mumbai BandraT SF Special,ST,SURAT,09:00:00,09:05:00,2,,WR,Gujarat
63246,Gaya Patna Passenger MEMU,GAYA,GAYA JN,None,10:30:00,1,,ECR,Bihar
63246,Gaya Patna Passenger MEMU,PNBE,PATNA JN,13:40:00,None,1,,ECR,Bihar
12332,Himgiri Express,JAT,JAMMU TAWI,None,22:45:00,1,,NR,Jammu and Kashmir
12332,Himgiri Express,LDH,LUDHIANA JN,03:25:00,03:35:00,2,,NR,Punjab
12332,Himgiri Express,UMB,AMBALA CANT JN,05:12:00,05:20:00,2,,NR,Haryana
12332,Himgiri Express,MB,MORADABAD,09:50:00,10:00:00,2,,NR,Uttar Pradesh
12332,Himgiri Express,BE,BAREILLY,11:15:00,11:20:00,2,,NER,Uttar Pradesh
12332,Himgiri Express,LKO,LUCKNOW,15:15:00,15:30:00,2,,NER,Uttar Pradesh
12332,Himgiri Express,MGS,MUGHAL SARAI JN,22:05:00,22:25:00,2,,ECR,Uttar Pradesh
12332,Himgiri Express,PNBE,PATNA JN,01:35:00,01:50:00,3,,ECR,Bihar
12332,Himgiri Express,ASN,ASANSOL JN,08:05:00,08:20:00,3,,ER,West Bengal
12332,Himgiri Express,BWN,BARDDHAMAN JN,09:54:00,09:54:00,3,,ER,West Bengal
12332,Himgiri Express,HWH,HOWRAH JN,11:15:00,None,3,,ER,West Bengal
12137,Punjab Mail,CSTM,MUMBAI CST,None,19:40:00,1,,CR,Maharashtra
12137,Punjab Mail,DR,MUMBAI DADAR CENTRAL,19:53:00,19:55:00,1,,CR,Maharashtra
12137,Punjab Mail,KYN,KALYAN JN,20:35:00,20:40:00,1,,CR,Maharashtra
12137,Punjab Mail,ET,ITARSI JN,07:40:00,07:50:00,2,,WCR,Madhya Pradesh
12137,Punjab Mail,BPL,BHOPAL JN,09:35:00,09:40:00,2,,WCR,Madhya Pradesh
12137,Punjab Mail,JHS,JHANSI JN,14:20:00,14:30:00,2,,NCR,Uttar Pradesh
12137,Punjab Mail,GWL,GWALIOR JN,16:00:00,16:05:00,2,,NCR,Madhya Pradesh
12137,Punjab Mail,AGC,AGRA CANTT,17:50:00,17:55:00,2,,NCR,Uttar Pradesh
12137,Punjab Mail,NZM,DELHI H NIZAMUDDIN,20:51:00,20:53:00,2,,NR,Delhi
12137,Punjab Mail,NDLS,NEW DELHI,21:15:00,21:50:00,2,,NR,Delhi
12137,Punjab Mail,FZR,FIROZPUR CANT,05:40:00,None,3,,NR,Punjab
16322,Tiruvananthapuram Bangalore Weekly Express,TVC,TRIVANDRUM CENTRAL,None,16:05:00,1,,SR,Kerala
16322,Tiruvananthapuram Bangalore Weekly Express,ERS,ERNAKULAM JN,20:25:00,20:35:00,1,,SR,Kerala
16322,Tiruvananthapuram Bangalore Weekly Express,CBE,COIMBATORE JN,00:55:00,01:00:00,2,,SR,Tamil Nadu
16322,Tiruvananthapuram Bangalore Weekly Express,SBC,BANGALORE CITY JN,08:35:00,None,2,,SWR,Karnataka
12175,Chambal Express,HWH,HOWRAH JN,None,17:45:00,1,,ER,West Bengal
12175,Chambal Express,BWN,BARDDHAMAN JN,19:03:00,19:08:00,1,,ER,West Bengal
12175,Chambal Express,ASN,ASANSOL JN,20:40:00,20:45:00,1,,ER,West Bengal
12175,Chambal Express,DHN,DHANBAD JN,22:17:00,22:27:00,1,,ECR,Jharkhand
12175,Chambal Express,GAYA,GAYA JN,01:45:00,01:55:00,2,,ECR,Bihar
12175,Chambal Express,MGS,MUGHAL SARAI JN,04:50:00,05:10:00,2,,ECR,Uttar Pradesh
12175,Chambal Express,ALD,ALLAHABAD JN,07:45:00,08:12:00,2,,NCR,Uttar Pradesh
12175,Chambal Express,JHS,JHANSI JN,15:30:00,15:40:00,2,,NCR,Uttar Pradesh
12175,Chambal Express,GWL,GWALIOR JN,17:20:00,None,2,,NCR,Madhya Pradesh
53614,Mughal Sarai Gaya Fast Passenger,MGS,MUGHAL SARAI JN,None,04:00:00,1,,ECR,Uttar Pradesh
53614,Mughal Sarai Gaya Fast Passenger,GAYA,GAYA JN,09:00:00,None,1,,ECR,Bihar
18238,Chhattisgarh Express,ASR,AMRITSAR JN,None,16:15:00,1,,NR,Punjab
18238,Chhattisgarh Express,LDH,LUDHIANA JN,19:20:00,19:30:00,1,,NR,Punjab
18238,Chhattisgarh Express,UMB,AMBALA CANT JN,22:10:00,22:20:00,1,,NR,Haryana
18238,Chhattisgarh Express,GZB,GHAZIABAD,03:28:00,03:30:00,2,,NR,Uttar Pradesh
18238,Chhattisgarh Express,NZM,DELHI H NIZAMUDDIN,04:15:00,04:40:00,2,,NR,Delhi
18238,Chhattisgarh Express,AGC,AGRA CANTT,08:30:00,08:40:00,2,,NCR,Uttar Pradesh
18238,Chhattisgarh Express,GWL,GWALIOR JN,10:30:00,10:35:00,2,,NCR,Madhya Pradesh
18238,Chhattisgarh Express,JHS,JHANSI JN,13:10:00,13:20:00,2,,NCR,Uttar Pradesh
18238,Chhattisgarh Express,BPL,BHOPAL JN,18:50:00,18:55:00,2,,WCR,Madhya Pradesh
18238,Chhattisgarh Express,ET,ITARSI JN,21:15:00,21:25:00,2,,WCR,Madhya Pradesh
18238,Chhattisgarh Express,NGP,NAGPUR,03:30:00,03:55:00,3,,SECR,Maharashtra
18238,Chhattisgarh Express,R,RAIPUR JN,09:35:00,09:50:00,3,,SECR,Chhattisgarh
18238,Chhattisgarh Express,BSP,BILASPUR JN,12:20:00,None,3,,SECR,Chhattisgarh
12987,Sealdah Ajmer Express,SDAH,KOLKATA SEALDAH,None,23:20:00,1,,ER,West Bengal
12987,Sealdah Ajmer Express,BWN,BARDDHAMAN JN,00:50:00,00:53:00,2,,ER,West Bengal
12987,Sealdah Ajmer Express,ASN,ASANSOL JN,02:18:00,02:23:00,2,,ER,West Bengal
12987,Sealdah Ajmer Express,DHN,DHANBAD JN,03:20:00,03:30:00,2,,ECR,Jharkhand
12987,Sealdah Ajmer Express,GAYA,GAYA JN,06:28:00,06:33:00,2,,ECR,Bihar
12987,Sealdah Ajmer Express,MGS,MUGHAL SARAI JN,09:50:00,10:10:00,2,,ECR,Uttar Pradesh
12987,Sealdah Ajmer Express,ALD,ALLAHABAD JN,12:35:00,12:40:00,2,,NCR,Uttar Pradesh
12987,Sealdah Ajmer Express,CNB,KANPUR CENTRAL,15:05:00,15:10:00,2,,NCR,Uttar Pradesh
12987,Sealdah Ajmer Express,TDL,TUNDLA JN,18:20:00,18:25:00,2,,NCR,Uttar Pradesh
12987,Sealdah Ajmer Express,JP,JAIPUR,23:50:00,00:01:00,2,,NWR,Rajasthan
12347,Howrah-Rampur Hat SF Express,HWH,HOWRAH JN,None,12:00:00,1,,ER,West Bengal
12347,Howrah-Rampur Hat SF Express,BWN,BARDDHAMAN JN,13:15:00,13:17:00,1,,ER,West Bengal
12753,Chennai-NewJalpaiguri SF Express,MAS,CHENNAI CENTRAL,None,11:00:00,1,,SR,Tamil Nadu
12753,Chennai-NewJalpaiguri SF Express,BZA,VIJAYAWADA JN,17:40:00,17:55:00,1,,SCR,Andhra Pradesh
12753,Chennai-NewJalpaiguri SF Express,BBS,BHUBANESWAR,07:40:00,07:45:00,2,,ECoR,Odisha
12753,Chennai-NewJalpaiguri SF Express,CTC,CUTTACK,08:08:00,08:08:00,2,,ECoR,Odisha
12753,Chennai-NewJalpaiguri SF Express,ASN,ASANSOL JN,16:15:00,16:25:00,2,,ER,West Bengal
12753,Chennai-NewJalpaiguri SF Express,NJP,NEW JALPAIGURI,03:45:00,None,3,,NFR,West Bengal
17481-Slip,Bilaspur Manmad Express Slip,BSP,BILASPUR JN,None,10:05:00,1,,SECR,Chhattisgarh
17481-Slip,Bilaspur Manmad Express Slip,R,RAIPUR JN,11:55:00,12:15:00,1,,SECR,Chhattisgarh
17481-Slip,Bilaspur Manmad Express Slip,VSKP,VISHAKAPATNAM,23:20:00,23:40:00,1,,ECoR,Andhra Pradesh
17481-Slip,Bilaspur Manmad Express Slip,BZA,VIJAYAWADA JN,08:00:00,10:30:00,2,,SCR,Andhra Pradesh
17481-Slip,Bilaspur Manmad Express Slip,SC,SECUNDERABAD JN,16:25:00,16:40:00,2,,SCR,Telangana
17481-Slip,Bilaspur Manmad Express Slip,AWB,AURANGABAD,04:55:00,05:00:00,3,,SCR,Maharashtra
14004,New Delhi-New Farakka Express,NDLS,NEW DELHI,None,17:45:00,1,,NR,Delhi
14004,New Delhi-New Farakka Express,GZB,GHAZIABAD,18:43:00,18:45:00,1,,NR,Uttar Pradesh
14004,New Delhi-New Farakka Express,MB,MORADABAD,21:00:00,21:10:00,1,,NR,Uttar Pradesh
14004,New Delhi-New Farakka Express,BE,BAREILLY,22:30:00,22:35:00,1,,NER,Uttar Pradesh
14004,New Delhi-New Farakka Express,LKO,LUCKNOW,02:25:00,02:35:00,2,,NER,Uttar Pradesh
14004,New Delhi-New Farakka Express,MGS,MUGHAL SARAI JN,09:15:00,09:35:00,2,,ECR,Uttar Pradesh
14004,New Delhi-New Farakka Express,PNBE,PATNA JN,13:15:00,13:25:00,2,,ECR,Bihar
12384,Dhanbad-Howrah AC DD Express,DHN,DHANBAD JN,None,05:00:00,1,,ECR,Jharkhand
12384,Dhanbad-Howrah AC DD Express,ASN,ASANSOL JN,06:08:00,06:10:00,1,,ER,West Bengal
12384,Dhanbad-Howrah AC DD Express,BWN,BARDDHAMAN JN,07:45:00,07:47:00,1,,ER,West Bengal
12384,Dhanbad-Howrah AC DD Express,HWH,HOWRAH JN,09:15:00,None,1,,ER,West Bengal
11070,Tulsi Express,ALD,ALLAHABAD JN,None,16:15:00,1,,NCR,Uttar Pradesh
11070,Tulsi Express,JHS,JHANSI JN,00:10:00,00:30:00,2,,NCR,Uttar Pradesh
11070,Tulsi Express,BPL,BHOPAL JN,05:00:00,05:10:00,2,,WCR,Madhya Pradesh
11070,Tulsi Express,ET,ITARSI JN,08:00:00,08:05:00,2,,WCR,Madhya Pradesh
11070,Tulsi Express,KYN,KALYAN JN,20:30:00,20:35:00,2,,CR,Maharashtra
59440,Ahmedabad Passenger,ADI,AHMEDABAD JN,None,23:00:00,1,,WR,Gujarat
59440,Ahmedabad Passenger,BRC,VADODARA JN,02:32:00,02:42:00,2,,WR,Gujarat
59440,Ahmedabad Passenger,ST,SURAT,06:45:00,07:20:00,2,,WR,Gujarat
12410,Gondwana Express,NZM,DELHI H NIZAMUDDIN,None,15:25:00,1,,NR,Delhi
12410,Gondwana Express,AGC,AGRA CANTT,18:47:00,18:50:00,1,,NCR,Uttar Pradesh
12410,Gondwana Express,GWL,GWALIOR JN,20:22:00,20:25:00,1,,NCR,Madhya Pradesh
12410,Gondwana Express,JHS,JHANSI JN,21:45:00,21:57:00,1,,NCR,Uttar Pradesh
12410,Gondwana Express,BPL,BHOPAL JN,02:15:00,02:25:00,2,,WCR,Madhya Pradesh
12410,Gondwana Express,ET,ITARSI JN,04:05:00,04:10:00,2,,WCR,Madhya Pradesh
12410,Gondwana Express,NGP,NAGPUR,09:00:00,09:40:00,2,,SECR,Maharashtra
12410,Gondwana Express,R,RAIPUR JN,14:05:00,14:15:00,2,,SECR,Chhattisgarh
12410,Gondwana Express,BSP,BILASPUR JN,16:45:00,17:00:00,2,,SECR,Chhattisgarh
12115,Siddheshwar Express,CSTM,MUMBAI CST,None,22:42:00,1,,CR,Maharashtra
12115,Siddheshwar Express,DR,MUMBAI DADAR CENTRAL,22:53:00,22:55:00,1,,CR,Maharashtra
12115,Siddheshwar Express,KYN,KALYAN JN,23:38:00,23:40:00,1,,CR,Maharashtra
12115,Siddheshwar Express,PUNE,PUNE JN,02:15:00,02:25:00,2,,CR,Maharashtra
12115,Siddheshwar Express,SUR,SOLAPUR JN,06:57:00,None,2,,CR,Maharashtra
12120,Nagpur Amravati Express,NGP,NAGPUR,None,18:25:00,1,,SECR,Maharashtra
12120,Nagpur Amravati Express,AMI,Amravati,21:45:00,None,1,,CR,Maharashtra
12922,Flying Rani Express,ST,SURAT,None,05:25:00,1,,WR,Gujarat
12922,Flying Rani Express,BCT,Mumbai Central,10:10:00,None,1,,WR,Maharashtra
16331,MUMBAI CST - TRIVANDRUM Exp,CBE,COIMBATORE JN,None,None,,,SR,Tamil Nadu
16331,MUMBAI CST - TRIVANDRUM Exp,CSTM,MUMBAI CST,None,12:05:00,1,,CR,Maharashtra
16331,MUMBAI CST - TRIVANDRUM Exp,DR,MUMBAI DADAR CENTRAL,12:18:00,12:20:00,1,,CR,Maharashtra
16331,MUMBAI CST - TRIVANDRUM Exp,KYN,KALYAN JN,13:05:00,13:10:00,1,,CR,Maharashtra
16331,MUMBAI CST - TRIVANDRUM Exp,PUNE,PUNE JN,15:45:00,15:50:00,1,,CR,Maharashtra
16331,MUMBAI CST - TRIVANDRUM Exp,SUR,SOLAPUR JN,20:15:00,20:25:00,1,,CR,Maharashtra
16331,MUMBAI CST - TRIVANDRUM Exp,GTL,GUNTAKAL JN,03:55:00,04:00:00,2,,SCR,Andhra Pradesh
16331,MUMBAI CST - TRIVANDRUM Exp,ERS,ERNAKULAM JN,22:40:00,22:50:00,2,,SR,Kerala
16331,MUMBAI CST - TRIVANDRUM Exp,TVC,TRIVANDRUM CENTRAL,03:00:00,None,3,,SR,Kerala
11058,Amritsar Dadar Express,ASR,AMRITSAR JN,None,08:30:00,1,,NR,Punjab
11058,Amritsar Dadar Express,LDH,LUDHIANA JN,11:30:00,11:40:00,1,,NR,Punjab
11058,Amritsar Dadar Express,UMB,AMBALA CANT JN,15:20:00,15:50:00,1,,NR,Haryana
11058,Amritsar Dadar Express,NDLS,NEW DELHI,20:20:00,20:50:00,1,,NR,Delhi
11058,Amritsar Dadar Express,NZM,DELHI H NIZAMUDDIN,21:07:00,21:09:00,1,,NR,Delhi
11058,Amritsar Dadar Express,AGC,AGRA CANTT,00:55:00,01:05:00,2,,NCR,Uttar Pradesh
11058,Amritsar Dadar Express,GWL,GWALIOR JN,03:00:00,03:08:00,2,,NCR,Madhya Pradesh
11058,Amritsar Dadar Express,JHS,JHANSI JN,04:55:00,05:05:00,2,,NCR,Uttar Pradesh
11058,Amritsar Dadar Express,BPL,BHOPAL JN,11:15:00,11:20:00,2,,WCR,Madhya Pradesh
11058,Amritsar Dadar Express,ET,ITARSI JN,13:20:00,13:30:00,2,,WCR,Madhya Pradesh
11058,Amritsar Dadar Express,KYN,KALYAN JN,02:50:00,02:55:00,3,,CR,Maharashtra
11058,Amritsar Dadar Express,DR,MUMBAI DADAR CENTRAL,04:00:00,None,3,,CR,Maharashtra
12220,Secunderabad-Mumbai LTT AC Duronto Express,SC,SECUNDERABAD JN,None,23:05:00,1,,SCR,Telangana
12220,Secunderabad-Mumbai LTT AC Duronto Express,SUR,SOLAPUR JN,04:20:00,04:20:00,2,,CR,Maharashtra
12220,Secunderabad-Mumbai LTT AC Duronto Express,PUNE,PUNE JN,08:27:00,08:27:00,2,,CR,Maharashtra
12220,Secunderabad-Mumbai LTT AC Duronto Express,KYN,KALYAN JN,10:37:00,10:37:00,2,,CR,Maharashtra
51829,Nagpur Itarsi Passenger,NGP,NAGPUR,None,08:00:00,1,,SECR,Maharashtra
51829,Nagpur Itarsi Passenger,ET,ITARSI JN,17:45:00,None,1,,WCR,Madhya Pradesh
10215,Madgaon Ernakulam Weekly Super Fast Express,MAO,MADGAON,None,21:30:00,1,,KR,Goa
10215,Madgaon Ernakulam Weekly Super Fast Express,ERS,ERNAKULAM JN,10:55:00,None,2,,SR,Kerala
09715,Jaipur Solapur (Weekly) Special,JP,JAIPUR,None,12:55:00,1,,NWR,Rajasthan
09715,Jaipur Solapur (Weekly) Special,KOTA,KOTA JN,17:00:00,17:10:00,1,,WCR,Rajasthan
09715,Jaipur Solapur (Weekly) Special,BPL,BHOPAL JN,02:40:00,02:50:00,2,,WCR,Madhya Pradesh
09715,Jaipur Solapur (Weekly) Special,ET,ITARSI JN,05:00:00,05:10:00,2,,WCR,Madhya Pradesh
09715,Jaipur Solapur (Weekly) Special,SUR,SOLAPUR JN,02:35:00,None,3,,CR,Maharashtra
19059,Surat-Jamnagar InterCity Express,ST,SURAT,None,13:35:00,1,,WR,Gujarat
19059,Surat-Jamnagar InterCity Express,BRC,VADODARA JN,15:26:00,15:31:00,1,,WR,Gujarat
19059,Surat-Jamnagar InterCity Express,ADI,AHMEDABAD JN,17:40:00,18:00:00,1,,WR,Gujarat
11042,ChennaiCentral-CST Mumbai Express,MAS,CHENNAI CENTRAL,None,11:55:00,1,,SR,Tamil Nadu
11042,ChennaiCentral-CST Mumbai Express,GTL,GUNTAKAL JN,20:40:00,20:55:00,1,,SCR,Andhra Pradesh
11042,ChennaiCentral-CST Mumbai Express,SUR,SOLAPUR JN,04:30:00,04:40:00,2,,CR,Maharashtra
11042,ChennaiCentral-CST Mumbai Express,PUNE,PUNE JN,09:30:00,09:35:00,2,,CR,Maharashtra
11042,ChennaiCentral-CST Mumbai Express,KYN,KALYAN JN,12:24:00,12:25:00,2,,CR,Maharashtra
11042,ChennaiCentral-CST Mumbai Express,DR,MUMBAI DADAR CENTRAL,13:14:00,13:15:00,2,,CR,Maharashtra
11042,ChennaiCentral-CST Mumbai Express,CSTM,MUMBAI CST,13:45:00,None,2,,CR,Maharashtra
14316,NewDelhi-Bareilly InterCity,NDLS,NEW DELHI,None,16:35:00,1,,NR,Delhi
14316,NewDelhi-Bareilly InterCity,GZB,GHAZIABAD,17:20:00,17:25:00,1,,NR,Uttar Pradesh
14316,NewDelhi-Bareilly InterCity,MB,MORADABAD,20:10:00,20:15:00,1,,NR,Uttar Pradesh
14316,NewDelhi-Bareilly InterCity,BE,BAREILLY,21:55:00,None,1,,NER,Uttar Pradesh
12655,Navjeevan Express,ADI,AHMEDABAD JN,None,06:30:00,1,,WR,Gujarat
12655,Navjeevan Express,BRC,VADODARA JN,08:25:00,08:30:00,1,,WR,Gujarat
12655,Navjeevan Express,ST,SURAT,10:25:00,10:35:00,1,,WR,Gujarat
12655,Navjeevan Express,BZA,VIJAYAWADA JN,08:45:00,09:00:00,2,,SCR,Andhra Pradesh
12655,Navjeevan Express,MAS,CHENNAI CENTRAL,16:05:00,None,2,,SR,Tamil Nadu
18101,Tatanagar Jammu Tawi Express,TATA,TATANAGAR JN,None,14:50:00,1,,SER,Jharkhand
18101,Tatanagar Jammu Tawi Express,ALD,ALLAHABAD JN,08:40:00,09:05:00,2,,NCR,Uttar Pradesh
18101,Tatanagar Jammu Tawi Express,CNB,KANPUR CENTRAL,12:20:00,12:30:00,2,,NCR,Uttar Pradesh
18101,Tatanagar Jammu Tawi Express,TDL,TUNDLA JN,16:26:00,16:36:00,2,,NCR,Uttar Pradesh
18101,Tatanagar Jammu Tawi Express,ALJN,ALIGARH JN,17:55:00,18:00:00,2,,NCR,Uttar Pradesh
18101,Tatanagar Jammu Tawi Express,GZB,GHAZIABAD,20:35:00,20:40:00,2,,NR,Uttar Pradesh
18101,Tatanagar Jammu Tawi Express,UMB,AMBALA CANT JN,02:35:00,02:45:00,3,,NR,Haryana
18101,Tatanagar Jammu Tawi Express,LDH,LUDHIANA JN,04:55:00,05:05:00,3,,NR,Punjab
18101,Tatanagar Jammu Tawi Express,ASR,AMRITSAR JN,07:50:00,08:20:00,3,,NR,Punjab
18101,Tatanagar Jammu Tawi Express,PTK,PATHANKOT,10:50:00,11:10:00,3,,NR,Punjab
18101,Tatanagar Jammu Tawi Express,JAT,JAMMU TAWI,13:40:00,None,3,,NR,Jammu and Kashmir
12944,Kanpur-Valsad Udyogkarmi Express,CNB,KANPUR CENTRAL,None,08:00:00,1,,NCR,Uttar Pradesh
12944,Kanpur-Valsad Udyogkarmi Express,JHS,JHANSI JN,11:40:00,12:05:00,1,,NCR,Uttar Pradesh
12944,Kanpur-Valsad Udyogkarmi Express,BPL,BHOPAL JN,16:10:00,16:15:00,1,,WCR,Madhya Pradesh
12944,Kanpur-Valsad Udyogkarmi Express,ET,ITARSI JN,18:25:00,18:30:00,1,,WCR,Madhya Pradesh
12432,DELHI H NIZAMUDDIN - TRIVANDRUM Rajdhani Exp,NZM,DELHI H NIZAMUDDIN,None,11:00:00,1,,NR,Delhi
12432,DELHI H NIZAMUDDIN - TRIVANDRUM Rajdhani Exp,KOTA,KOTA JN,15:30:00,15:40:00,1,,WCR,Rajasthan
12432,DELHI H NIZAMUDDIN - TRIVANDRUM Rajdhani Exp,RTM,RATLAM JN,19:04:00,19:04:00,1,,WR,Madhya Pradesh
12432,DELHI H NIZAMUDDIN - TRIVANDRUM Rajdhani Exp,BRC,VADODARA JN,22:20:00,22:36:00,1,,WR,Gujarat
12432,DELHI H NIZAMUDDIN - TRIVANDRUM Rajdhani Exp,ST,SURAT,00:30:00,00:30:00,2,,WR,Gujarat
12432,DELHI H NIZAMUDDIN - TRIVANDRUM Rajdhani Exp,PNVL,PANVEL,05:05:00,05:10:00,2,,CR,Maharashtra
12432,DELHI H NIZAMUDDIN - TRIVANDRUM Rajdhani Exp,MAO,MADGAON,12:40:00,12:50:00,2,,KR,Goa
12432,DELHI H NIZAMUDDIN - TRIVANDRUM Rajdhani Exp,ERS,ERNAKULAM JN,01:10:00,01:15:00,3,,SR,Kerala
12432,DELHI H NIZAMUDDIN - TRIVANDRUM Rajdhani Exp,TVC,TRIVANDRUM CENTRAL,05:05:00,None,3,,SR,Kerala
12679,ChennaiCentral-Coimbatore InterCity,MAS,CHENNAI CENTRAL,None,14:30:00,1,,SR,Tamil Nadu
12679,ChennaiCentral-Coimbatore InterCity,CBE,COIMBATORE JN,22:15:00,None,1,,SR,Tamil Nadu
12469,Kanpur Jammu Express,CNB,KANPUR CENTRAL,None,17:05:00,1,,NCR,Uttar Pradesh
12469,Kanpur Jammu Express,BE,BAREILLY,23:00:00,23:05:00,1,,NER,Uttar Pradesh
12469,Kanpur Jammu Express,MB,MORADABAD,00:35:00,00:45:00,2,,NR,Uttar Pradesh
12469,Kanpur Jammu Express,UMB,AMBALA CANT JN,05:05:00,05:10:00,2,,NR,Haryana
12469,Kanpur Jammu Express,LDH,LUDHIANA JN,06:42:00,06:52:00,2,,NR,Punjab
12469,Kanpur Jammu Express,JAT,JAMMU TAWI,11:50:00,None,2,,NR,Jammu and Kashmir
12329,West Bengal Sampark Kranti,SDAH,KOLKATA SEALDAH,None,13:10:00,1,,ER,West Bengal
12329,West Bengal Sampark Kranti,BWN,BARDDHAMAN JN,14:38:00,14:41:00,1,,ER,West Bengal
12329,West Bengal Sampark Kranti,ASN,ASANSOL JN,16:09:00,16:14:00,1,,ER,West Bengal
12329,West Bengal Sampark Kranti,DHN,DHANBAD JN,17:10:00,17:15:00,1,,ECR,Jharkhand
12329,West Bengal Sampark Kranti,GAYA,GAYA JN,20:04:00,20:04:00,1,,ECR,Bihar
12329,West Bengal Sampark Kranti,MGS,MUGHAL SARAI JN,22:58:00,22:58:00,1,,ECR,Uttar Pradesh
12329,West Bengal Sampark Kranti,ALD,ALLAHABAD JN,01:07:00,01:07:00,2,,NCR,Uttar Pradesh
12329,West Bengal Sampark Kranti,CNB,KANPUR CENTRAL,03:50:00,04:00:00,2,,NCR,Uttar Pradesh
12329,West Bengal Sampark Kranti,TDL,TUNDLA JN,08:14:00,08:14:00,2,,NCR,Uttar Pradesh
12329,West Bengal Sampark Kranti,ALJN,ALIGARH JN,09:39:00,09:39:00,2,,NCR,Uttar Pradesh
12329,West Bengal Sampark Kranti,GZB,GHAZIABAD,11:36:00,11:36:00,2,,NR,Uttar Pradesh
18104,Jallianwalabagh Express,ASR,AMRITSAR JN,None,12:40:00,1,,NR,Punjab
18104,Jallianwalabagh Express,LDH,LUDHIANA JN,15:00:00,15:05:00,1,,NR,Punjab
18104,Jallianwalabagh Express,UMB,AMBALA CANT JN,16:45:00,16:55:00,1,,NR,Haryana
18104,Jallianwalabagh Express,MB,MORADABAD,21:15:00,21:25:00,1,,NR,Uttar Pradesh
18104,Jallianwalabagh Express,BE,BAREILLY,22:45:00,22:50:00,1,,NER,Uttar Pradesh
18104,Jallianwalabagh Express,LKO,LUCKNOW,02:40:00,02:50:00,2,,NER,Uttar Pradesh
18104,Jallianwalabagh Express,MGS,MUGHAL SARAI JN,11:15:00,11:35:00,2,,ECR,Uttar Pradesh
18104,Jallianwalabagh Express,GAYA,GAYA JN,14:28:00,14:33:00,2,,ECR,Bihar
18104,Jallianwalabagh Express,TATA,TATANAGAR JN,21:35:00,None,2,,SER,Jharkhand
18181,Tata-Chapra Express,TATA,TATANAGAR JN,None,21:35:00,1,,SER,Jharkhand
18181,Tata-Chapra Express,ASN,ASANSOL JN,01:35:00,02:05:00,2,,ER,West Bengal
18181,Tata-Chapra Express,MFP,MUZAFFARPUR JN,12:23:00,12:33:00,2,,ECR,Bihar
11007,Deccan Express,CSTM,MUMBAI CST,None,07:10:00,1,,CR,Maharashtra
11007,Deccan Express,DR,MUMBAI DADAR CENTRAL,07:23:00,07:25:00,1,,CR,Maharashtra
11007,Deccan Express,KYN,KALYAN JN,08:08:00,08:10:00,1,,CR,Maharashtra
11007,Deccan Express,PUNE,PUNE JN,11:10:00,None,1,,CR,Maharashtra
12321,HOWRAH - MUMBAI CST Mail (via Allahabad),HWH,HOWRAH JN,None,22:00:00,1,,ER,West Bengal
12321,HOWRAH - MUMBAI CST Mail (via Allahabad),BWN,BARDDHAMAN JN,23:07:00,23:12:00,1,,ER,West Bengal
12321,HOWRAH - MUMBAI CST Mail (via Allahabad),ASN,ASANSOL JN,00:52:00,00:57:00,2,,ER,West Bengal
12321,HOWRAH - MUMBAI CST Mail (via Allahabad),DHN,DHANBAD JN,02:05:00,02:10:00,2,,ECR,Jharkhand
12321,HOWRAH - MUMBAI CST Mail (via Allahabad),GAYA,GAYA JN,05:22:00,05:27:00,2,,ECR,Bihar
12321,HOWRAH - MUMBAI CST Mail (via Allahabad),MGS,MUGHAL SARAI JN,08:20:00,08:30:00,2,,ECR,Uttar Pradesh
12321,HOWRAH - MUMBAI CST Mail (via Allahabad),ALD,ALLAHABAD JN,11:10:00,11:42:00,2,,NCR,Uttar Pradesh
12321,HOWRAH - MUMBAI CST Mail (via Allahabad),JBP,JABALPUR,17:55:00,18:05:00,2,,WCR,Madhya Pradesh
12321,HOWRAH - MUMBAI CST Mail (via Allahabad),ET,ITARSI JN,22:15:00,22:25:00,2,,WCR,Madhya Pradesh
12321,HOWRAH - MUMBAI CST Mail (via Allahabad),KYN,KALYAN JN,10:15:00,10:20:00,3,,CR,Maharashtra
12321,HOWRAH - MUMBAI CST Mail (via Allahabad),DR,MUMBAI DADAR CENTRAL,10:59:00,11:00:00,3,,CR,Maharashtra
12321,HOWRAH - MUMBAI CST Mail (via Allahabad),CSTM,MUMBAI CST,11:25:00,None,3,,CR,Maharashtra
12780-Slip,H.Nizamuddin Hubli Goa Express Slip,NZM,DELHI H NIZAMUDDIN,None,15:05:00,1,,NR,Delhi
12780-Slip,H.Nizamuddin Hubli Goa Express Slip,AGC,AGRA CANTT,17:45:00,17:50:00,1,,NCR,Uttar Pradesh
12780-Slip,H.Nizamuddin Hubli Goa Express Slip,GWL,GWALIOR JN,19:35:00,19:38:00,1,,NCR,Madhya Pradesh
12780-Slip,H.Nizamuddin Hubli Goa Express Slip,JHS,JHANSI JN,21:10:00,21:22:00,1,,NCR,Uttar Pradesh
12780-Slip,H.Nizamuddin Hubli Goa Express Slip,BPL,BHOPAL JN,01:10:00,01:20:00,2,,WCR,Madhya Pradesh
12780-Slip,H.Nizamuddin Hubli Goa Express Slip,ET,ITARSI JN,02:50:00,02:55:00,2,,WCR,Madhya Pradesh
12780-Slip,H.Nizamuddin Hubli Goa Express Slip,PUNE,PUNE JN,16:20:00,16:30:00,2,,CR,Maharashtra
14866,Marudhar Express,JU,JODHPUR JN,None,09:50:00,1,,NWR,Rajasthan
14866,Marudhar Express,JP,JAIPUR,15:25:00,15:40:00,1,,NWR,Rajasthan
14866,Marudhar Express,TDL,TUNDLA JN,22:05:00,22:10:00,1,,NCR,Uttar Pradesh
14866,Marudhar Express,CNB,KANPUR CENTRAL,01:20:00,01:25:00,2,,NCR,Uttar Pradesh
14866,Marudhar Express,LKO,LUCKNOW,02:50:00,03:15:00,2,,NER,Uttar Pradesh
12419,Gomti Express,LKO,LUCKNOW,None,05:25:00,1,,NER,Uttar Pradesh
12419,Gomti Express,CNB,KANPUR CENTRAL,06:55:00,07:00:00,1,,NCR,Uttar Pradesh
12419,Gomti Express,TDL,TUNDLA JN,10:21:00,10:24:00,1,,NCR,Uttar Pradesh
12419,Gomti Express,ALJN,ALIGARH JN,11:17:00,11:20:00,1,,NCR,Uttar Pradesh
12419,Gomti Express,GZB,GHAZIABAD,13:17:00,13:20:00,1,,NR,Uttar Pradesh
12419,Gomti Express,NDLS,NEW DELHI,14:00:00,None,1,,NR,Delhi
54158,Kanpur Jhansi Passenger,CNB,KANPUR CENTRAL,None,06:10:00,1,,NCR,Uttar Pradesh
54158,Kanpur Jhansi Passenger,JHS,JHANSI JN,12:25:00,None,1,,NCR,Uttar Pradesh
12821,Dhauli Express,HWH,HOWRAH JN,None,06:00:00,1,,ER,West Bengal
12821,Dhauli Express,CTC,CUTTACK,11:55:00,11:57:00,1,,ECoR,Odisha
12821,Dhauli Express,BBS,BHUBANESWAR,12:45:00,12:50:00,1,,ECoR,Odisha
12821,Dhauli Express,PURI,PURI,14:30:00,None,1,,ECoR,Odisha
12594,Bhopal-Lucknow Garib Rath Express,BPL,BHOPAL JN,None,22:45:00,1,,WCR,Madhya Pradesh
12594,Bhopal-Lucknow Garib Rath Express,JHS,JHANSI JN,03:45:00,04:00:00,2,,NCR,Uttar Pradesh
12594,Bhopal-Lucknow Garib Rath Express,CNB,KANPUR CENTRAL,08:15:00,08:20:00,2,,NCR,Uttar Pradesh
12742,PATNA - VASCO DA GAMA SF Exp,PNBE,PATNA JN,None,14:00:00,1,,ECR,Bihar
12742,PATNA - VASCO DA GAMA SF Exp,MGS,MUGHAL SARAI JN,17:40:00,18:00:00,1,,ECR,Uttar Pradesh
12742,PATNA - VASCO DA GAMA SF Exp,JBP,JABALPUR,02:00:00,02:10:00,2,,WCR,Madhya Pradesh
12742,PATNA - VASCO DA GAMA SF Exp,ET,ITARSI JN,07:50:00,08:05:00,2,,WCR,Madhya Pradesh
12742,PATNA - VASCO DA GAMA SF Exp,KYN,KALYAN JN,20:55:00,21:00:00,2,,CR,Maharashtra
12742,PATNA - VASCO DA GAMA SF Exp,PNVL,PANVEL,21:50:00,21:55:00,2,,CR,Maharashtra
12742,PATNA - VASCO DA GAMA SF Exp,MAO,MADGAON,08:00:00,08:15:00,3,,KR,Goa
12628,Karnataka Express,NDLS,NEW DELHI,None,21:15:00,1,,NR,Delhi
12628,Karnataka Express,NZM,DELHI H NIZAMUDDIN,21:21:00,21:21:00,1,,NR,Delhi
12628,Karnataka Express,AGC,AGRA CANTT,00:02:00,00:05:00,2,,NCR,Uttar Pradesh
12628,Karnataka Express,GWL,GWALIOR JN,01:31:00,01:34:00,2,,NCR,Madhya Pradesh
12628,Karnataka Express,JHS,JHANSI JN,02:54:00,03:06:00,2,,NCR,Uttar Pradesh
12628,Karnataka Express,BPL,BHOPAL JN,06:55:00,07:00:00,2,,WCR,Madhya Pradesh
12628,Karnataka Express,ET,ITARSI JN,08:30:00,08:35:00,2,,WCR,Madhya Pradesh
12628,Karnataka Express,SUR,SOLAPUR JN,00:01:00,00:10:00,3,,CR,Maharashtra
12628,Karnataka Express,GTL,GUNTAKAL JN,06:40:00,06:55:00,3,,SCR,Andhra Pradesh
12628,Karnataka Express,SBC,BANGALORE CITY JN,13:40:00,None,3,,SWR,Karnataka
12414,Pooja Express,JAT,JAMMU TAWI,None,18:15:00,1,,NR,Jammu and Kashmir
12414,Pooja Express,LDH,LUDHIANA JN,23:00:00,23:10:00,1,,NR,Punjab
12414,Pooja Express,UMB,AMBALA CANT JN,00:55:00,01:00:00,2,,NR,Haryana
12414,Pooja Express,JP,JAIPUR,10:00:00,10:10:00,2,,NWR,Rajasthan
18508,AMRITSAR - VISAKHAPATNAM Hirakud Exp,ASR,AMRITSAR JN,None,23:45:00,1,,NR,Punjab
18508,AMRITSAR - VISAKHAPATNAM Hirakud Exp,LDH,LUDHIANA JN,02:15:00,02:25:00,2,,NR,Punjab
18508,AMRITSAR - VISAKHAPATNAM Hirakud Exp,UMB,AMBALA CANT JN,04:10:00,04:20:00,2,,NR,Haryana
18508,AMRITSAR - VISAKHAPATNAM Hirakud Exp,NDLS,NEW DELHI,07:50:00,08:10:00,2,,NR,Delhi
18508,AMRITSAR - VISAKHAPATNAM Hirakud Exp,NZM,DELHI H NIZAMUDDIN,08:30:00,08:55:00,2,,NR,Delhi
18508,AMRITSAR - VISAKHAPATNAM Hirakud Exp,AGC,AGRA CANTT,11:45:00,11:50:00,2,,NCR,Uttar Pradesh
18508,AMRITSAR - VISAKHAPATNAM Hirakud Exp,GWL,GWALIOR JN,13:25:00,13:30:00,2,,NCR,Madhya Pradesh
18508,AMRITSAR - VISAKHAPATNAM Hirakud Exp,JHS,JHANSI JN,14:55:00,15:05:00,2,,NCR,Uttar Pradesh
18508,AMRITSAR - VISAKHAPATNAM Hirakud Exp,BSP,BILASPUR JN,04:30:00,04:45:00,3,,SECR,Chhattisgarh
18508,AMRITSAR - VISAKHAPATNAM Hirakud Exp,BBS,BHUBANESWAR,16:15:00,16:25:00,3,,ECoR,Odisha
18508,AMRITSAR - VISAKHAPATNAM Hirakud Exp,VSKP,VISHAKAPATNAM,23:50:00,None,3,,ECoR,Andhra Pradesh
12131,Mumbai Dadar-Sainagar Shirdi Express,DR,MUMBAI DADAR CENTRAL,None,21:45:00,1,,CR,Maharashtra
12131,Mumbai Dadar-Sainagar Shirdi Express,KYN,KALYAN JN,22:22:00,22:25:00,1,,CR,Maharashtra
54351,Aligarh Bareilly Passenger,ALJN,ALIGARH JN,None,11:50:00,1,,NCR,Uttar Pradesh
54351,Aligarh Bareilly Passenger,BE,BAREILLY,18:20:00,None,1,,NER,Uttar Pradesh
13105,Sealdah-Ballia Express,SDAH,KOLKATA SEALDAH,None,13:25:00,1,,ER,West Bengal
13105,Sealdah-Ballia Express,BWN,BARDDHAMAN JN,15:35:00,15:40:00,1,,ER,West Bengal
13105,Sealdah-Ballia Express,ASN,ASANSOL JN,17:07:00,17:15:00,1,,ER,West Bengal
01102,Gwalior Mumbai LTT (Weekly) Special,GWL,GWALIOR JN,None,15:00:00,1,,NCR,Madhya Pradesh
01102,Gwalior Mumbai LTT (Weekly) Special,JHS,JHANSI JN,16:35:00,16:45:00,1,,NCR,Uttar Pradesh
01102,Gwalior Mumbai LTT (Weekly) Special,BPL,BHOPAL JN,21:50:00,22:00:00,1,,WCR,Madhya Pradesh
01102,Gwalior Mumbai LTT (Weekly) Special,ET,ITARSI JN,23:45:00,23:55:00,1,,WCR,Madhya Pradesh
01102,Gwalior Mumbai LTT (Weekly) Special,KYN,KALYAN JN,10:55:00,11:00:00,2,,CR,Maharashtra
11057-Slip,Dadar Amritsar Express Slip,DR,MUMBAI DADAR CENTRAL,None,23:45:00,1,,CR,Maharashtra
11057-Slip,Dadar Amritsar Express Slip,KYN,KALYAN JN,00:30:00,00:35:00,2,,CR,Maharashtra
11020,Konark Express,BBS,BHUBANESWAR,None,15:20:00,1,,ECoR,Odisha
11020,Konark Express,VSKP,VISHAKAPATNAM,22:25:00,22:45:00,1,,ECoR,Andhra Pradesh
11020,Konark Express,BZA,VIJAYAWADA JN,05:00:00,05:20:00,2,,SCR,Andhra Pradesh
11020,Konark Express,SC,SECUNDERABAD JN,11:35:00,11:45:00,2,,SCR,Telangana
11020,Konark Express,SUR,SOLAPUR JN,18:45:00,18:55:00,2,,CR,Maharashtra
11020,Konark Express,PUNE,PUNE JN,23:45:00,23:50:00,2,,CR,Maharashtra
11020,Konark Express,KYN,KALYAN JN,02:39:00,02:40:00,3,,CR,Maharashtra
11020,Konark Express,DR,MUMBAI DADAR CENTRAL,03:24:00,03:25:00,3,,CR,Maharashtra
11020,Konark Express,CSTM,MUMBAI CST,03:55:00,None,3,,CR,Maharashtra
11078,Jhelum Express,JAT,JAMMU TAWI,None,21:45:00,1,,NR,Jammu and Kashmir
11078,Jhelum Express,LDH,LUDHIANA JN,03:00:00,03:20:00,2,,NR,Punjab
11078,Jhelum Express,UMB,AMBALA CANT JN,05:40:00,05:50:00,2,,NR,Haryana
11078,Jhelum Express,NDLS,NEW DELHI,10:00:00,10:20:00,2,,NR,Delhi
11078,Jhelum Express,NZM,DELHI H NIZAMUDDIN,10:28:00,10:28:00,2,,NR,Delhi
11078,Jhelum Express,AGC,AGRA CANTT,13:50:00,13:55:00,2,,NCR,Uttar Pradesh
11078,Jhelum Express,GWL,GWALIOR JN,15:35:00,15:40:00,2,,NCR,Madhya Pradesh
11078,Jhelum Express,JHS,JHANSI JN,17:13:00,17:23:00,2,,NCR,Uttar Pradesh
11078,Jhelum Express,BPL,BHOPAL JN,22:00:00,22:05:00,2,,WCR,Madhya Pradesh
11078,Jhelum Express,ET,ITARSI JN,00:01:00,00:05:00,3,,WCR,Madhya Pradesh
11078,Jhelum Express,PUNE,PUNE JN,14:35:00,None,3,,CR,Maharashtra
11107,Gwalior-Varanasi Bundelkhand Express,GWL,GWALIOR JN,None,20:40:00,1,,NCR,Madhya Pradesh
11107,Gwalior-Varanasi Bundelkhand Express,JHS,JHANSI JN,22:20:00,22:30:00,1,,NCR,Uttar Pradesh
11107,Gwalior-Varanasi Bundelkhand Express,ALD,ALLAHABAD JN,06:45:00,07:10:00,2,,NCR,Uttar Pradesh
12442,Bilaspur Rajdhani Express,NDLS,NEW DELHI,None,15:45:00,1,,NR,Delhi
12442,Bilaspur Rajdhani Express,NZM,DELHI H NIZAMUDDIN,15:50:00,15:50:00,1,,NR,Delhi
12442,Bilaspur Rajdhani Express,AGC,AGRA CANTT,18:04:00,18:04:00,1,,NCR,Uttar Pradesh
12442,Bilaspur Rajdhani Express,GWL,GWALIOR JN,19:29:00,19:29:00,1,,NCR,Madhya Pradesh
12442,Bilaspur Rajdhani Express,JHS,JHANSI JN,20:35:00,20:40:00,1,,NCR,Uttar Pradesh
12442,Bilaspur Rajdhani Express,BPL,BHOPAL JN,00:01:00,00:05:00,2,,WCR,Madhya Pradesh
12442,Bilaspur Rajdhani Express,ET,ITARSI JN,01:21:00,01:21:00,2,,WCR,Madhya Pradesh
12442,Bilaspur Rajdhani Express,NGP,NAGPUR,05:25:00,05:45:00,2,,SECR,Maharashtra
12442,Bilaspur Rajdhani Express,R,RAIPUR JN,10:05:00,10:15:00,2,,SECR,Chhattisgarh
12442,Bilaspur Rajdhani Express,BSP,BILASPUR JN,12:00:00,None,2,,SECR,Chhattisgarh
11011,Mahalaxmi Express,CSTM,MUMBAI CST,None,20:23:00,1,,CR,Maharashtra
11011,Mahalaxmi Express,DR,MUMBAI DADAR CENTRAL,20:33:00,20:35:00,1,,CR,Maharashtra
11011,Mahalaxmi Express,KYN,KALYAN JN,21:23:00,21:25:00,1,,CR,Maharashtra
11011,Mahalaxmi Express,PUNE,PUNE JN,00:10:00,00:15:00,2,,CR,Maharashtra
11011,Mahalaxmi Express,KOP,C SHAHU M RAJ KOLHAPUR TERM,07:20:00,None,2,,CR,Maharashtra
11096,Ahimsa Express,PUNE,PUNE JN,None,19:50:00,1,,CR,Maharashtra
11096,Ahimsa Express,KYN,KALYAN JN,22:20:00,22:25:00,1,,CR,Maharashtra
11096,Ahimsa Express,ST,SURAT,03:50:00,03:55:00,2,,WR,Gujarat
11096,Ahimsa Express,BRC,VADODARA JN,05:46:00,05:51:00,2,,WR,Gujarat
11096,Ahimsa Express,ADI,AHMEDABAD JN,07:45:00,None,2,,WR,Gujarat
12339,Coalfield Express,HWH,HOWRAH JN,None,17:20:00,1,,ER,West Bengal
12339,Coalfield Express,BWN,BARDDHAMAN JN,18:33:00,18:33:00,1,,ER,West Bengal
12339,Coalfield Express,ASN,ASANSOL JN,20:21:00,20:24:00,1,,ER,West Bengal
12339,Coalfield Express,DHN,DHANBAD JN,21:40:00,None,1,,ECR,Jharkhand
12124,Deccan Queen SF Express,PUNE,PUNE JN,None,07:15:00,1,,CR,Maharashtra
12124,Deccan Queen SF Express,KYN,KALYAN JN,09:21:00,09:21:00,1,,CR,Maharashtra
12124,Deccan Queen SF Express,DR,MUMBAI DADAR CENTRAL,10:03:00,10:05:00,1,,CR,Maharashtra
12124,Deccan Queen SF Express,CSTM,MUMBAI CST,10:25:00,None,1,,CR,Maharashtra
13021,Mithila Express,HWH,HOWRAH JN,None,15:45:00,1,,ER,West Bengal
13021,Mithila Express,BWN,BARDDHAMAN JN,18:06:00,18:10:00,1,,ER,West Bengal
13021,Mithila Express,ASN,ASANSOL JN,20:05:00,20:15:00,1,,ER,West Bengal
13021,Mithila Express,MFP,MUZAFFARPUR JN,05:00:00,05:15:00,2,,ECR,Bihar
63523,Barddhaman Asansol mEMU,BWN,BARDDHAMAN JN,None,17:20:00,1,,ER,West Bengal
63523,Barddhaman Asansol mEMU,ASN,ASANSOL JN,19:15:00,None,1,,ER,West Bengal
11088,Pune Veraval Express,PUNE,PUNE JN,None,19:50:00,1,,CR,Maharashtra
11088,Pune Veraval Express,KYN,KALYAN JN,22:20:00,22:25:00,1,,CR,Maharashtra
11088,Pune Veraval Express,ST,SURAT,03:50:00,03:55:00,2,,WR,Gujarat
11088,Pune Veraval Express,BRC,VADODARA JN,05:46:00,05:51:00,2,,WR,Gujarat
11088,Pune Veraval Express,ADI,AHMEDABAD JN,07:45:00,08:05:00,2,,WR,Gujarat
16603,Maveli Express,MAQ,MANGALORE CNTL,None,17:45:00,1,,SR,Karnataka
16603,Maveli Express,ERS,ERNAKULAM JN,02:25:00,02:35:00,2,,SR,Kerala
16603,Maveli Express,TVC,TRIVANDRUM CENTRAL,07:15:00,None,2,,SR,Kerala
11095,Ahimsa Express,ADI,AHMEDABAD JN,None,16:00:00,1,,WR,Gujarat
11095,Ahimsa Express,BRC,VADODARA JN,17:50:00,17:55:00,1,,WR,Gujarat
11095,Ahimsa Express,ST,SURAT,20:00:00,20:10:00,1,,WR,Gujarat
11095,Ahimsa Express,KYN,KALYAN JN,01:45:00,01:50:00,2,,CR,Maharashtra
11095,Ahimsa Express,PUNE,PUNE JN,04:45:00,None,2,,CR,Maharashtra
12278,Puri-Howrah AC Duronto Express,PURI,PURI,None,06:30:00,1,,ECoR,Odisha
12278,Puri-Howrah AC Duronto Express,BBS,BHUBANESWAR,07:24:00,07:24:00,1,,ECoR,Odisha
12278,Puri-Howrah AC Duronto Express,CTC,CUTTACK,07:49:00,07:49:00,1,,ECoR,Odisha
12278,Puri-Howrah AC Duronto Express,HWH,HOWRAH JN,13:45:00,None,1,,ER,West Bengal
12685,Chennai - Mangalore Express,MAS,CHENNAI CENTRAL,None,17:00:00,1,,SR,Tamil Nadu
12685,Chennai - Mangalore Express,MAQ,MANGALORE CNTL,09:05:00,None,2,,SR,Karnataka
12686,Mangalore - Chennai Express,MAQ,MANGALORE CNTL,None,16:10:00,1,,SR,Karnataka
12686,Mangalore - Chennai Express,MAS,CHENNAI CENTRAL,08:00:00,None,2,,SR,Tamil Nadu
16216,Chamundi Express,SBC,BANGALORE CITY JN,None,18:15:00,1,,SWR,Karnataka
16216,Chamundi Express,MYS,MYSORE JN,21:10:00,None,1,,SWR,Karnataka
07003,Hyderabad-Korba Special,HYB,HYDERABAD DECCAN,None,10:45:00,1,,SCR,Andhra Pradesh
07003,Hyderabad-Korba Special,SC,SECUNDERABAD JN,11:05:00,11:15:00,1,,SCR,Telangana
07003,Hyderabad-Korba Special,R,RAIPUR JN,01:00:00,01:10:00,2,,SECR,Chhattisgarh
07003,Hyderabad-Korba Special,BSP,BILASPUR JN,03:15:00,03:30:00,2,,SECR,Chhattisgarh
64090,Nizamuddin Parikrama EMU,NZM,DELHI H NIZAMUDDIN,None,09:15:00,1,,NR,Delhi
64090,Nizamuddin Parikrama EMU,NDLS,NEW DELHI,09:34:00,09:36:00,1,,NR,Delhi
16339,MUMBAI CST - NAGERCOIL Exp,CSTM,MUMBAI CST,None,12:05:00,1,,CR,Maharashtra
16339,MUMBAI CST - NAGERCOIL Exp,DR,MUMBAI DADAR CENTRAL,12:18:00,12:20:00,1,,CR,Maharashtra
16339,MUMBAI CST - NAGERCOIL Exp,KYN,KALYAN JN,13:05:00,13:10:00,1,,CR,Maharashtra
16339,MUMBAI CST - NAGERCOIL Exp,PUNE,PUNE JN,15:45:00,15:50:00,1,,CR,Maharashtra
16339,MUMBAI CST - NAGERCOIL Exp,SUR,SOLAPUR JN,20:15:00,20:25:00,1,,CR,Maharashtra
16339,MUMBAI CST - NAGERCOIL Exp,GTL,GUNTAKAL JN,03:55:00,04:00:00,2,,SCR,Andhra Pradesh
12030,Amritsar-New Delhi Swarna Shatabdi Express,ASR,AMRITSAR JN,None,16:55:00,1,,NR,Punjab
12030,Amritsar-New Delhi Swarna Shatabdi Express,LDH,LUDHIANA JN,18:53:00,18:58:00,1,,NR,Punjab
12030,Amritsar-New Delhi Swarna Shatabdi Express,UMB,AMBALA CANT JN,20:25:00,20:27:00,1,,NR,Haryana
12030,Amritsar-New Delhi Swarna Shatabdi Express,NDLS,NEW DELHI,23:05:00,None,1,,NR,Delhi
12961,Avantika Express,BCT,Mumbai Central,None,19:05:00,1,,WR,Maharashtra
12961,Avantika Express,ST,SURAT,23:03:00,23:08:00,1,,WR,Gujarat
12961,Avantika Express,BRC,VADODARA JN,01:02:00,01:20:00,2,,WR,Gujarat
12961,Avantika Express,RTM,RATLAM JN,05:20:00,05:30:00,2,,WR,Madhya Pradesh
12149,PUNE - PATLIPUTRA SF Exp,PUNE,PUNE JN,None,20:55:00,1,,CR,Maharashtra
12149,PUNE - PATLIPUTRA SF Exp,ET,ITARSI JN,10:02:00,10:02:00,2,,WCR,Madhya Pradesh
12149,PUNE - PATLIPUTRA SF Exp,JBP,JABALPUR,13:40:00,13:50:00,2,,WCR,Madhya Pradesh
12149,PUNE - PATLIPUTRA SF Exp,ALD,ALLAHABAD JN,21:05:00,21:35:00,2,,NCR,Uttar Pradesh
12149,PUNE - PATLIPUTRA SF Exp,MGS,MUGHAL SARAI JN,00:15:00,00:30:00,3,,ECR,Uttar Pradesh
14038,Pathankot Delhi Express,PTK,PATHANKOT,None,07:00:00,1,,NR,Punjab
14038,Pathankot Delhi Express,ASR,AMRITSAR JN,09:05:00,09:30:00,1,,NR,Punjab
14038,Pathankot Delhi Express,LDH,LUDHIANA JN,11:45:00,11:55:00,1,,NR,Punjab
14038,Pathankot Delhi Express,UMB,AMBALA CANT JN,13:50:00,13:55:00,1,,NR,Haryana
63511,Barddhaman Asansol mEMU,BWN,BARDDHAMAN JN,None,08:40:00,1,,ER,West Bengal
63511,Barddhaman Asansol mEMU,ASN,ASANSOL JN,10:35:00,None,1,,ER,West Bengal
12302,New Delhi-Howrah Rajdhani Express,NDLS,NEW DELHI,None,17:00:00,1,,NR,Delhi
12302,New Delhi-Howrah Rajdhani Express,GZB,GHAZIABAD,17:16:00,17:16:00,1,,NR,Uttar Pradesh
12302,New Delhi-Howrah Rajdhani Express,ALJN,ALIGARH JN,18:23:00,18:23:00,1,,NCR,Uttar Pradesh
12302,New Delhi-Howrah Rajdhani Express,TDL,TUNDLA JN,19:13:00,19:13:00,1,,NCR,Uttar Pradesh
12302,New Delhi-Howrah Rajdhani Express,CNB,KANPUR CENTRAL,21:37:00,21:42:00,1,,NCR,Uttar Pradesh
12302,New Delhi-Howrah Rajdhani Express,ALD,ALLAHABAD JN,23:42:00,23:45:00,1,,NCR,Uttar Pradesh
12302,New Delhi-Howrah Rajdhani Express,MGS,MUGHAL SARAI JN,01:45:00,01:55:00,2,,ECR,Uttar Pradesh
12302,New Delhi-Howrah Rajdhani Express,GAYA,GAYA JN,04:01:00,04:04:00,2,,ECR,Bihar
12302,New Delhi-Howrah Rajdhani Express,DHN,DHANBAD JN,06:40:00,06:45:00,2,,ECR,Jharkhand
12302,New Delhi-Howrah Rajdhani Express,ASN,ASANSOL JN,07:28:00,07:28:00,2,,ER,West Bengal
12302,New Delhi-Howrah Rajdhani Express,BWN,BARDDHAMAN JN,08:47:00,08:47:00,2,,ER,West Bengal
12302,New Delhi-Howrah Rajdhani Express,HWH,HOWRAH JN,09:55:00,None,2,,ER,West Bengal
12681,Chennai-Coimbatore Express,MAS,CHENNAI CENTRAL,None,22:30:00,1,,SR,Tamil Nadu
12681,Chennai-Coimbatore Express,CBE,COIMBATORE JN,06:50:00,None,2,,SR,Tamil Nadu
07106,Hyderabad-Ajmer Weekly Special,HYB,HYDERABAD DECCAN,None,21:35:00,1,,SCR,Andhra Pradesh
07106,Hyderabad-Ajmer Weekly Special,SC,SECUNDERABAD JN,22:00:00,22:05:00,1,,SCR,Telangana
07106,Hyderabad-Ajmer Weekly Special,NZB,NIZAMABAD,01:05:00,01:07:00,2,,SCR,Andhra Pradesh
07106,Hyderabad-Ajmer Weekly Special,AWB,AURANGABAD,07:50:00,07:55:00,2,,SCR,Maharashtra
07106,Hyderabad-Ajmer Weekly Special,ET,ITARSI JN,18:20:00,18:30:00,2,,WCR,Madhya Pradesh
07106,Hyderabad-Ajmer Weekly Special,BPL,BHOPAL JN,21:00:00,21:10:00,2,,WCR,Madhya Pradesh
07106,Hyderabad-Ajmer Weekly Special,KOTA,KOTA JN,04:45:00,05:05:00,3,,WCR,Rajasthan
15722,Paharia Express,NJP,NEW JALPAIGURI,None,21:15:00,1,,NFR,West Bengal
15722,Paharia Express,HWH,HOWRAH JN,07:20:00,07:50:00,2,,ER,West Bengal
12285,Secunderabad- Hazrat Nizamuddin Duronto Express,SC,SECUNDERABAD JN,None,13:30:00,1,,SCR,Telangana
12285,Secunderabad- Hazrat Nizamuddin Duronto Express,NGP,NAGPUR,20:52:00,20:52:00,1,,SECR,Maharashtra
12285,Secunderabad- Hazrat Nizamuddin Duronto Express,ET,ITARSI JN,00:40:00,00:40:00,2,,WCR,Madhya Pradesh
12285,Secunderabad- Hazrat Nizamuddin Duronto Express,BPL,BHOPAL JN,01:51:00,01:51:00,2,,WCR,Madhya Pradesh
12285,Secunderabad- Hazrat Nizamuddin Duronto Express,JHS,JHANSI JN,05:36:00,05:36:00,2,,NCR,Uttar Pradesh
12285,Secunderabad- Hazrat Nizamuddin Duronto Express,GWL,GWALIOR JN,06:51:00,06:51:00,2,,NCR,Madhya Pradesh
12285,Secunderabad- Hazrat Nizamuddin Duronto Express,AGC,AGRA CANTT,08:22:00,08:22:00,2,,NCR,Uttar Pradesh
12285,Secunderabad- Hazrat Nizamuddin Duronto Express,NZM,DELHI H NIZAMUDDIN,10:35:00,None,2,,NR,Delhi
17479,Puri-Tirupati Express,PURI,PURI,None,13:00:00,1,,ECoR,Odisha
17479,Puri-Tirupati Express,VSKP,VISHAKAPATNAM,23:20:00,23:40:00,1,,ECoR,Andhra Pradesh
17479,Puri-Tirupati Express,BZA,VIJAYAWADA JN,08:00:00,08:20:00,2,,SCR,Andhra Pradesh
12307,Howrah-Jodhpur SF Express,HWH,HOWRAH JN,None,23:30:00,1,,ER,West Bengal
12307,Howrah-Jodhpur SF Express,BWN,BARDDHAMAN JN,00:36:00,00:38:00,2,,ER,West Bengal
12307,Howrah-Jodhpur SF Express,ASN,ASANSOL JN,02:06:00,02:10:00,2,,ER,West Bengal
12307,Howrah-Jodhpur SF Express,DHN,DHANBAD JN,03:05:00,03:15:00,2,,ECR,Jharkhand
12307,Howrah-Jodhpur SF Express,GAYA,GAYA JN,06:15:00,06:20:00,2,,ECR,Bihar
12307,Howrah-Jodhpur SF Express,MGS,MUGHAL SARAI JN,09:35:00,09:55:00,2,,ECR,Uttar Pradesh
12307,Howrah-Jodhpur SF Express,ALD,ALLAHABAD JN,12:10:00,12:15:00,2,,NCR,Uttar Pradesh
12307,Howrah-Jodhpur SF Express,CNB,KANPUR CENTRAL,14:45:00,15:00:00,2,,NCR,Uttar Pradesh
12307,Howrah-Jodhpur SF Express,TDL,TUNDLA JN,19:14:00,19:14:00,2,,NCR,Uttar Pradesh
12307,Howrah-Jodhpur SF Express,JP,JAIPUR,00:05:00,00:15:00,3,,NWR,Rajasthan
12307,Howrah-Jodhpur SF Express,JU,JODHPUR JN,06:00:00,None,3,,NWR,Rajasthan
12381,Poorva Express,HWH,HOWRAH JN,None,08:20:00,1,,ER,West Bengal
12381,Poorva Express,BWN,BARDDHAMAN JN,09:30:00,09:33:00,1,,ER,West Bengal
12381,Poorva Express,ASN,ASANSOL JN,11:00:00,11:05:00,1,,ER,West Bengal
12381,Poorva Express,DHN,DHANBAD JN,11:58:00,12:06:00,1,,ECR,Jharkhand
12381,Poorva Express,GAYA,GAYA JN,14:50:00,14:55:00,1,,ECR,Bihar
12381,Poorva Express,MGS,MUGHAL SARAI JN,17:45:00,18:05:00,1,,ECR,Uttar Pradesh
12381,Poorva Express,ALD,ALLAHABAD JN,21:55:00,22:05:00,1,,NCR,Uttar Pradesh
12381,Poorva Express,CNB,KANPUR CENTRAL,00:27:00,00:32:00,2,,NCR,Uttar Pradesh
12381,Poorva Express,TDL,TUNDLA JN,03:36:00,03:41:00,2,,NCR,Uttar Pradesh
12381,Poorva Express,ALJN,ALIGARH JN,04:34:00,04:39:00,2,,NCR,Uttar Pradesh
12381,Poorva Express,GZB,GHAZIABAD,06:50:00,06:50:00,2,,NR,Uttar Pradesh
12381,Poorva Express,NDLS,NEW DELHI,07:20:00,None,2,,NR,Delhi
54052,Ludhiana Firozpur Passenger,FZR,FIROZPUR CANT,None,13:45:00,1,,NR,Punjab
54052,Ludhiana Firozpur Passenger,LDH,LUDHIANA JN,16:35:00,None,1,,NR,Punjab
11424,Hubli Jn - Solapur Express,UBL,HUBLI JN,None,15:00:00,1,,SWR,Karnataka
11424,Hubli Jn - Solapur Express,SUR,SOLAPUR JN,23:15:00,None,1,,CR,Maharashtra
63521,Barddhaman Asansol mEMU,BWN,BARDDHAMAN JN,None,16:05:00,1,,ER,West Bengal
63521,Barddhaman Asansol mEMU,ASN,ASANSOL JN,17:55:00,None,1,,ER,West Bengal
12289,Mumbai CSTM-Nagpur Duronto Express,CSTM,MUMBAI CST,None,20:15:00,1,,CR,Maharashtra
12289,Mumbai CSTM-Nagpur Duronto Express,DR,MUMBAI DADAR CENTRAL,20:22:00,20:22:00,1,,CR,Maharashtra
12289,Mumbai CSTM-Nagpur Duronto Express,KYN,KALYAN JN,20:57:00,20:57:00,1,,CR,Maharashtra
12289,Mumbai CSTM-Nagpur Duronto Express,NGP,NAGPUR,07:15:00,None,2,,SECR,Maharashtra
11049,Ahmedabad-Kolhapur Express,ADI,AHMEDABAD JN,None,19:30:00,1,,WR,Gujarat
11049,Ahmedabad-Kolhapur Express,BRC,VADODARA JN,21:48:00,21:53:00,1,,WR,Gujarat
11049,Ahmedabad-Kolhapur Express,ST,SURAT,00:07:00,00:17:00,2,,WR,Gujarat
11049,Ahmedabad-Kolhapur Express,KYN,KALYAN JN,05:15:00,05:20:00,2,,CR,Maharashtra
11049,Ahmedabad-Kolhapur Express,PUNE,PUNE JN,08:00:00,08:10:00,2,,CR,Maharashtra
11049,Ahmedabad-Kolhapur Express,KOP,C SHAHU M RAJ KOLHAPUR TERM,15:25:00,None,2,,CR,Maharashtra
16221,Kaveri Express,MYS,MYSORE JN,None,20:30:00,1,,SWR,Karnataka
16221,Kaveri Express,SBC,BANGALORE CITY JN,23:30:00,23:45:00,1,,SWR,Karnataka
16221,Kaveri Express,MAS,CHENNAI CENTRAL,07:25:00,None,2,,SR,Tamil Nadu
12647,Kongu Express,CBE,COIMBATORE JN,None,15:15:00,1,,SR,Tamil Nadu
12647,Kongu Express,SBC,BANGALORE CITY JN,23:00:00,23:15:00,1,,SWR,Karnataka
12647,Kongu Express,GTL,GUNTAKAL JN,04:47:00,04:47:00,2,,SCR,Andhra Pradesh
12647,Kongu Express,NGP,NAGPUR,21:00:00,21:10:00,2,,SECR,Maharashtra
12647,Kongu Express,ET,ITARSI JN,01:45:00,01:55:00,3,,WCR,Madhya Pradesh
12647,Kongu Express,BPL,BHOPAL JN,03:20:00,03:25:00,3,,WCR,Madhya Pradesh
12647,Kongu Express,JHS,JHANSI JN,07:35:00,07:45:00,3,,NCR,Uttar Pradesh
12647,Kongu Express,GWL,GWALIOR JN,09:10:00,09:15:00,3,,NCR,Madhya Pradesh
12647,Kongu Express,AGC,AGRA CANTT,11:20:00,11:25:00,3,,NCR,Uttar Pradesh
12647,Kongu Express,NZM,DELHI H NIZAMUDDIN,14:15:00,None,3,,NR,Delhi
12710,Simhapuri SF Express,SC,SECUNDERABAD JN,None,22:30:00,1,,SCR,Telangana
12710,Simhapuri SF Express,BZA,VIJAYAWADA JN,04:05:00,04:15:00,2,,SCR,Andhra Pradesh
12136,Nagpur Pune Express,NGP,NAGPUR,None,18:35:00,1,,SECR,Maharashtra
12136,Nagpur Pune Express,PUNE,PUNE JN,09:45:00,None,2,,CR,Maharashtra
12738,Secunderabad - Kakinada Gowthami SF Express,SC,SECUNDERABAD JN,None,21:15:00,1,,SCR,Telangana
12738,Secunderabad - Kakinada Gowthami SF Express,BZA,VIJAYAWADA JN,03:05:00,03:20:00,2,,SCR,Andhra Pradesh
11039-Slip,Kolhapur-Gorakhpur Express Slip,KOP,C SHAHU M RAJ KOLHAPUR TERM,None,15:30:00,1,,CR,Maharashtra
11039-Slip,Kolhapur-Gorakhpur Express Slip,PUNE,PUNE JN,23:10:00,23:20:00,1,,CR,Maharashtra
11039-Slip,Kolhapur-Gorakhpur Express Slip,ET,ITARSI JN,21:10:00,21:20:00,2,,WCR,Madhya Pradesh
11039-Slip,Kolhapur-Gorakhpur Express Slip,JBP,JABALPUR,01:10:00,01:20:00,3,,WCR,Madhya Pradesh
11039-Slip,Kolhapur-Gorakhpur Express Slip,ALD,ALLAHABAD JN,08:10:00,08:35:00,3,,NCR,Uttar Pradesh
11050,Kolhapur-Ahmedabad Express,KOP,C SHAHU M RAJ KOLHAPUR TERM,None,12:50:00,1,,CR,Maharashtra
11050,Kolhapur-Ahmedabad Express,PUNE,PUNE JN,19:40:00,19:50:00,1,,CR,Maharashtra
11050,Kolhapur-Ahmedabad Express,KYN,KALYAN JN,22:20:00,22:25:00,1,,CR,Maharashtra
11050,Kolhapur-Ahmedabad Express,ST,SURAT,03:50:00,03:55:00,2,,WR,Gujarat
11050,Kolhapur-Ahmedabad Express,BRC,VADODARA JN,05:46:00,05:51:00,2,,WR,Gujarat
11050,Kolhapur-Ahmedabad Express,ADI,AHMEDABAD JN,07:45:00,None,2,,WR,Gujarat
14115,Haridwar Express,ALD,ALLAHABAD JN,None,23:35:00,1,,NCR,Uttar Pradesh
14115,Haridwar Express,LKO,LUCKNOW,05:05:00,05:15:00,2,,NER,Uttar Pradesh
14115,Haridwar Express,BE,BAREILLY,08:55:00,09:00:00,2,,NER,Uttar Pradesh
14115,Haridwar Express,MB,MORADABAD,10:35:00,10:45:00,2,,NR,Uttar Pradesh
12417,Prayagraj Express,ALD,ALLAHABAD JN,None,21:30:00,1,,NCR,Uttar Pradesh
12417,Prayagraj Express,CNB,KANPUR CENTRAL,00:05:00,00:15:00,2,,NCR,Uttar Pradesh
12417,Prayagraj Express,TDL,TUNDLA JN,03:21:00,03:21:00,2,,NCR,Uttar Pradesh
12417,Prayagraj Express,ALJN,ALIGARH JN,04:20:00,04:23:00,2,,NCR,Uttar Pradesh
12417,Prayagraj Express,GZB,GHAZIABAD,06:08:00,06:13:00,2,,NR,Uttar Pradesh
12417,Prayagraj Express,NDLS,NEW DELHI,06:55:00,None,2,,NR,Delhi
19011,Gujarat Express,BCT,Mumbai Central,None,05:45:00,1,,WR,Maharashtra
19011,Gujarat Express,ST,SURAT,10:28:00,10:33:00,1,,WR,Gujarat
19011,Gujarat Express,BRC,VADODARA JN,12:40:00,12:45:00,1,,WR,Gujarat
19011,Gujarat Express,ADI,AHMEDABAD JN,15:05:00,None,1,,WR,Gujarat
22423,Guwahati-New Delhi Rajdhani Express,GHY,GUWAHATI,None,07:05:00,1,,NFR,Assam
22423,Guwahati-New Delhi Rajdhani Express,NJP,NEW JALPAIGURI,13:05:00,13:15:00,1,,NFR,West Bengal
22423,Guwahati-New Delhi Rajdhani Express,PNBE,PATNA JN,21:40:00,21:50:00,1,,ECR,Bihar
22423,Guwahati-New Delhi Rajdhani Express,MGS,MUGHAL SARAI JN,01:00:00,01:10:00,2,,ECR,Uttar Pradesh
22423,Guwahati-New Delhi Rajdhani Express,ALD,ALLAHABAD JN,02:52:00,02:55:00,2,,NCR,Uttar Pradesh
22423,Guwahati-New Delhi Rajdhani Express,CNB,KANPUR CENTRAL,05:00:00,05:08:00,2,,NCR,Uttar Pradesh
22423,Guwahati-New Delhi Rajdhani Express,TDL,TUNDLA JN,07:48:00,07:48:00,2,,NCR,Uttar Pradesh
22423,Guwahati-New Delhi Rajdhani Express,ALJN,ALIGARH JN,08:42:00,08:42:00,2,,NCR,Uttar Pradesh
22423,Guwahati-New Delhi Rajdhani Express,GZB,GHAZIABAD,09:56:00,09:56:00,2,,NR,Uttar Pradesh
22423,Guwahati-New Delhi Rajdhani Express,NDLS,NEW DELHI,10:10:00,None,2,,NR,Delhi
12392,Shramjeevi Express,NDLS,NEW DELHI,None,13:15:00,1,,NR,Delhi
12392,Shramjeevi Express,GZB,GHAZIABAD,13:53:00,13:55:00,1,,NR,Uttar Pradesh
12392,Shramjeevi Express,MB,MORADABAD,16:00:00,16:10:00,1,,NR,Uttar Pradesh
12392,Shramjeevi Express,BE,BAREILLY,17:30:00,17:35:00,1,,NER,Uttar Pradesh
12392,Shramjeevi Express,LKO,LUCKNOW,21:15:00,21:30:00,1,,NER,Uttar Pradesh
12392,Shramjeevi Express,MGS,MUGHAL SARAI JN,03:35:00,03:55:00,2,,ECR,Uttar Pradesh
12392,Shramjeevi Express,PNBE,PATNA JN,07:20:00,07:30:00,2,,ECR,Bihar
15001,Rapti Ganga Express,MFP,MUZAFFARPUR JN,None,14:00:00,1,,ECR,Bihar
15001,Rapti Ganga Express,LKO,LUCKNOW,02:50:00,03:00:00,2,,NER,Uttar Pradesh
15001,Rapti Ganga Express,BE,BAREILLY,06:45:00,06:50:00,2,,NER,Uttar Pradesh
15001,Rapti Ganga Express,MB,MORADABAD,08:30:00,08:40:00,2,,NR,Uttar Pradesh
18452-Slip,Tapaswini Express Slip,PURI,PURI,None,20:40:00,1,,ECoR,Odisha
18452-Slip,Tapaswini Express Slip,BBS,BHUBANESWAR,22:05:00,22:10:00,1,,ECoR,Odisha
18452-Slip,Tapaswini Express Slip,CTC,CUTTACK,22:40:00,22:45:00,1,,ECoR,Odisha
12702,Hussain Sagar Express,HYB,HYDERABAD DECCAN,None,14:45:00,1,,SCR,Andhra Pradesh
12702,Hussain Sagar Express,SUR,SOLAPUR JN,20:50:00,21:00:00,1,,CR,Maharashtra
12702,Hussain Sagar Express,PUNE,PUNE JN,01:10:00,01:15:00,2,,CR,Maharashtra
12702,Hussain Sagar Express,KYN,KALYAN JN,03:53:00,03:55:00,2,,CR,Maharashtra
12702,Hussain Sagar Express,DR,MUMBAI DADAR CENTRAL,04:33:00,04:35:00,2,,CR,Maharashtra
12702,Hussain Sagar Express,CSTM,MUMBAI CST,05:05:00,None,2,,CR,Maharashtra
17002,Secunderabad Sainagar Shirdi Express,SC,SECUNDERABAD JN,None,16:40:00,1,,SCR,Telangana
17002,Secunderabad Sainagar Shirdi Express,AWB,AURANGABAD,04:55:00,05:00:00,2,,SCR,Maharashtra
13153,Sealdah-Malda Town Gour Express,SDAH,KOLKATA SEALDAH,None,22:15:00,1,,ER,West Bengal
13153,Sealdah-Malda Town Gour Express,BWN,BARDDHAMAN JN,00:53:00,00:58:00,2,,ER,West Bengal
12431,TRIVANDRUM - DELHI H NIZAMUDDIN Rajdhani Exp,TVC,TRIVANDRUM CENTRAL,None,19:15:00,1,,SR,Kerala
12431,TRIVANDRUM - DELHI H NIZAMUDDIN Rajdhani Exp,ERS,ERNAKULAM JN,22:20:00,22:25:00,1,,SR,Kerala
12431,TRIVANDRUM - DELHI H NIZAMUDDIN Rajdhani Exp,MAO,MADGAON,10:15:00,10:25:00,2,,KR,Goa
12431,TRIVANDRUM - DELHI H NIZAMUDDIN Rajdhani Exp,PNVL,PANVEL,18:05:00,18:10:00,2,,CR,Maharashtra
12431,TRIVANDRUM - DELHI H NIZAMUDDIN Rajdhani Exp,ST,SURAT,22:29:00,22:29:00,2,,WR,Gujarat
12431,TRIVANDRUM - DELHI H NIZAMUDDIN Rajdhani Exp,BRC,VADODARA JN,00:10:00,00:26:00,3,,WR,Gujarat
12431,TRIVANDRUM - DELHI H NIZAMUDDIN Rajdhani Exp,RTM,RATLAM JN,03:36:00,03:36:00,3,,WR,Madhya Pradesh
12431,TRIVANDRUM - DELHI H NIZAMUDDIN Rajdhani Exp,KOTA,KOTA JN,06:50:00,07:00:00,3,,WCR,Rajasthan
12431,TRIVANDRUM - DELHI H NIZAMUDDIN Rajdhani Exp,NZM,DELHI H NIZAMUDDIN,12:40:00,None,3,,NR,Delhi
11109,Jhansi-Lucknow Intercity Express,JHS,JHANSI JN,None,06:10:00,1,,NCR,Uttar Pradesh
11109,Jhansi-Lucknow Intercity Express,CNB,KANPUR CENTRAL,10:01:00,10:01:00,1,,NCR,Uttar Pradesh
11109,Jhansi-Lucknow Intercity Express,LKO,LUCKNOW,12:00:00,None,1,,NER,Uttar Pradesh
18627,Howrah-Ranchi InterCity Express,HWH,HOWRAH JN,None,14:15:00,1,,ER,West Bengal
18627,Howrah-Ranchi InterCity Express,BWN,BARDDHAMAN JN,15:28:00,15:30:00,1,,ER,West Bengal
18627,Howrah-Ranchi InterCity Express,ASN,ASANSOL JN,17:00:00,17:02:00,1,,ER,West Bengal
18627,Howrah-Ranchi InterCity Express,DHN,DHANBAD JN,18:13:00,18:18:00,1,,ECR,Jharkhand
12695,Chennai-Trivandrum SuperFast Express,MAS,CHENNAI CENTRAL,None,15:25:00,1,,SR,Tamil Nadu
12695,Chennai-Trivandrum SuperFast Express,CBE,COIMBATORE JN,23:05:00,23:10:00,1,,SR,Tamil Nadu
12695,Chennai-Trivandrum SuperFast Express,ERS,ERNAKULAM JN,02:58:00,02:58:00,2,,SR,Kerala
12695,Chennai-Trivandrum SuperFast Express,TVC,TRIVANDRUM CENTRAL,07:40:00,None,2,,SR,Kerala
12270,Hazrat Nizamuddin-Chennai Duronto,NZM,DELHI H NIZAMUDDIN,None,15:50:00,1,,NR,Delhi
12270,Hazrat Nizamuddin-Chennai Duronto,AGC,AGRA CANTT,18:18:00,18:18:00,1,,NCR,Uttar Pradesh
12270,Hazrat Nizamuddin-Chennai Duronto,GWL,GWALIOR JN,19:51:00,19:51:00,1,,NCR,Madhya Pradesh
12270,Hazrat Nizamuddin-Chennai Duronto,JHS,JHANSI JN,21:08:00,21:08:00,1,,NCR,Uttar Pradesh
12270,Hazrat Nizamuddin-Chennai Duronto,BPL,BHOPAL JN,00:59:00,00:59:00,2,,WCR,Madhya Pradesh
12270,Hazrat Nizamuddin-Chennai Duronto,ET,ITARSI JN,02:11:00,02:11:00,2,,WCR,Madhya Pradesh
12270,Hazrat Nizamuddin-Chennai Duronto,NGP,NAGPUR,06:05:00,06:05:00,2,,SECR,Maharashtra
12270,Hazrat Nizamuddin-Chennai Duronto,BZA,VIJAYAWADA JN,14:45:00,14:45:00,2,,SCR,Andhra Pradesh
12270,Hazrat Nizamuddin-Chennai Duronto,MAS,CHENNAI CENTRAL,20:10:00,None,2,,SR,Tamil Nadu
59832,Kota Vadodara Passenger,KOTA,KOTA JN,None,09:30:00,1,,WCR,Rajasthan
59832,Kota Vadodara Passenger,RTM,RATLAM JN,18:00:00,18:15:00,1,,WR,Madhya Pradesh
59832,Kota Vadodara Passenger,BRC,VADODARA JN,03:10:00,None,2,,WR,Gujarat
11464,Jabalpur-Somnath Express,JBP,JABALPUR,None,12:00:00,1,,WCR,Madhya Pradesh
11464,Jabalpur-Somnath Express,ET,ITARSI JN,16:00:00,16:20:00,1,,WCR,Madhya Pradesh
11464,Jabalpur-Somnath Express,BPL,BHOPAL JN,18:40:00,18:55:00,1,,WCR,Madhya Pradesh
11464,Jabalpur-Somnath Express,RTM,RATLAM JN,01:00:00,01:15:00,2,,WR,Madhya Pradesh
11464,Jabalpur-Somnath Express,BRC,VADODARA JN,05:20:00,05:45:00,2,,WR,Gujarat
11464,Jabalpur-Somnath Express,ADI,AHMEDABAD JN,08:00:00,08:20:00,2,,WR,Gujarat
16534,BANGALORE CITY - JODHPUR Exp,SBC,BANGALORE CITY JN,None,None,,,SWR,Karnataka
16534,BANGALORE CITY - JODHPUR Exp,GTL,GUNTAKAL JN,23:50:00,23:55:00,1,,SCR,Andhra Pradesh
16534,BANGALORE CITY - JODHPUR Exp,UBL,HUBLI JN,06:25:00,06:35:00,2,,SWR,Karnataka
16534,BANGALORE CITY - JODHPUR Exp,PUNE,PUNE JN,18:40:00,18:50:00,2,,CR,Maharashtra
16534,BANGALORE CITY - JODHPUR Exp,KYN,KALYAN JN,21:40:00,21:45:00,2,,CR,Maharashtra
16534,BANGALORE CITY - JODHPUR Exp,ST,SURAT,03:10:00,03:20:00,3,,WR,Gujarat
16534,BANGALORE CITY - JODHPUR Exp,BRC,VADODARA JN,05:15:00,05:25:00,3,,WR,Gujarat
16534,BANGALORE CITY - JODHPUR Exp,ADI,AHMEDABAD JN,07:15:00,07:40:00,3,,WR,Gujarat
16534,BANGALORE CITY - JODHPUR Exp,JU,JODHPUR JN,16:35:00,None,3,,NWR,Rajasthan
12963,Mewar Express,NZM,DELHI H NIZAMUDDIN,None,19:05:00,1,,NR,Delhi
12963,Mewar Express,KOTA,KOTA JN,01:10:00,01:25:00,2,,WCR,Rajasthan
12963,Mewar Express,UDZ,UDAIPUR CITY,07:20:00,None,2,,NWR,Rajasthan
16557,Rajya Rani Express,MYS,MYSORE JN,None,16:15:00,1,,SWR,Karnataka
16557,Rajya Rani Express,SBC,BANGALORE CITY JN,19:40:00,None,1,,SWR,Karnataka
08469,Puri-Bangalore weekly Garib Rath special,PURI,PURI,None,14:30:00,1,,ECoR,Odisha
08469,Puri-Bangalore weekly Garib Rath special,VSKP,VISHAKAPATNAM,22:40:00,23:00:00,1,,ECoR,Andhra Pradesh
08469,Puri-Bangalore weekly Garib Rath special,BZA,VIJAYAWADA JN,05:10:00,05:20:00,2,,SCR,Andhra Pradesh
08469,Puri-Bangalore weekly Garib Rath special,GTL,GUNTAKAL JN,16:04:00,16:04:00,2,,SCR,Andhra Pradesh
08469,Puri-Bangalore weekly Garib Rath special,SBC,BANGALORE CITY JN,22:45:00,None,2,,SWR,Karnataka
12787,Bilaspur Tirunelveli SF Express,BSP,BILASPUR JN,None,08:10:00,1,,SECR,Chhattisgarh
12787,Bilaspur Tirunelveli SF Express,R,RAIPUR JN,10:00:00,10:10:00,1,,SECR,Chhattisgarh
12787,Bilaspur Tirunelveli SF Express,NGP,NAGPUR,15:05:00,15:15:00,1,,SECR,Maharashtra
12787,Bilaspur Tirunelveli SF Express,BZA,VIJAYAWADA JN,02:50:00,03:00:00,2,,SCR,Andhra Pradesh
12787,Bilaspur Tirunelveli SF Express,ERS,ERNAKULAM JN,21:20:00,21:25:00,2,,SR,Kerala
12787,Bilaspur Tirunelveli SF Express,TVC,TRIVANDRUM CENTRAL,01:25:00,01:35:00,3,,SR,Kerala
12562,Swatantrata Sainani Express,NDLS,NEW DELHI,None,20:40:00,1,,NR,Delhi
12562,Swatantrata Sainani Express,GZB,GHAZIABAD,21:03:00,21:03:00,1,,NR,Uttar Pradesh
12562,Swatantrata Sainani Express,ALJN,ALIGARH JN,22:38:00,22:40:00,1,,NCR,Uttar Pradesh
12562,Swatantrata Sainani Express,TDL,TUNDLA JN,23:44:00,23:44:00,1,,NCR,Uttar Pradesh
12562,Swatantrata Sainani Express,CNB,KANPUR CENTRAL,02:50:00,02:55:00,2,,NCR,Uttar Pradesh
12562,Swatantrata Sainani Express,ALD,ALLAHABAD JN,05:35:00,06:00:00,2,,NCR,Uttar Pradesh
12562,Swatantrata Sainani Express,MFP,MUZAFFARPUR JN,15:25:00,15:35:00,2,,ECR,Bihar
13147,Uttar Banga Express,SDAH,KOLKATA SEALDAH,None,19:35:00,1,,ER,West Bengal
13147,Uttar Banga Express,BWN,BARDDHAMAN JN,21:23:00,21:28:00,1,,ER,West Bengal
13147,Uttar Banga Express,NJP,NEW JALPAIGURI,07:00:00,07:15:00,2,,NFR,West Bengal
12588,Amarnath Express,JAT,JAMMU TAWI,None,22:45:00,1,,NR,Jammu and Kashmir
12588,Amarnath Express,LDH,LUDHIANA JN,03:25:00,03:35:00,2,,NR,Punjab
12588,Amarnath Express,UMB,AMBALA CANT JN,05:12:00,05:20:00,2,,NR,Haryana
12588,Amarnath Express,MB,MORADABAD,09:50:00,10:00:00,2,,NR,Uttar Pradesh
12588,Amarnath Express,BE,BAREILLY,11:15:00,11:20:00,2,,NER,Uttar Pradesh
12588,Amarnath Express,LKO,LUCKNOW,15:15:00,15:30:00,2,,NER,Uttar Pradesh
12231,Lucknow-Chandigarh Express,LKO,LUCKNOW,None,22:30:00,1,,NER,Uttar Pradesh
12231,Lucknow-Chandigarh Express,BE,BAREILLY,02:00:00,02:05:00,2,,NER,Uttar Pradesh
12231,Lucknow-Chandigarh Express,MB,MORADABAD,03:45:00,03:55:00,2,,NR,Uttar Pradesh
12231,Lucknow-Chandigarh Express,UMB,AMBALA CANT JN,09:02:00,09:12:00,2,,NR,Haryana
12231,Lucknow-Chandigarh Express,CDG,CHANDIGARH,09:55:00,None,2,,NR,Chandigarh
12229,Lucknow Mail,LKO,LUCKNOW,None,22:10:00,1,,NER,Uttar Pradesh
12229,Lucknow Mail,BE,BAREILLY,01:40:00,01:48:00,2,,NER,Uttar Pradesh
12229,Lucknow Mail,MB,MORADABAD,03:30:00,03:40:00,2,,NR,Uttar Pradesh
12229,Lucknow Mail,GZB,GHAZIABAD,06:03:00,06:05:00,2,,NR,Uttar Pradesh
12229,Lucknow Mail,NDLS,NEW DELHI,06:50:00,None,2,,NR,Delhi
12493,Bangalore-Hazrat Nizammudin Rajdhani Express,SBC,BANGALORE CITY JN,None,20:20:00,1,,SWR,Karnataka
12493,Bangalore-Hazrat Nizammudin Rajdhani Express,SC,SECUNDERABAD JN,07:35:00,07:50:00,2,,SCR,Telangana
12493,Bangalore-Hazrat Nizammudin Rajdhani Express,NGP,NAGPUR,15:25:00,15:35:00,2,,SECR,Maharashtra
12493,Bangalore-Hazrat Nizammudin Rajdhani Express,ET,ITARSI JN,20:05:00,20:05:00,2,,WCR,Madhya Pradesh
12493,Bangalore-Hazrat Nizammudin Rajdhani Express,BPL,BHOPAL JN,21:25:00,21:35:00,2,,WCR,Madhya Pradesh
12493,Bangalore-Hazrat Nizammudin Rajdhani Express,JHS,JHANSI JN,00:52:00,00:57:00,3,,NCR,Uttar Pradesh
12493,Bangalore-Hazrat Nizammudin Rajdhani Express,GWL,GWALIOR JN,02:09:00,02:09:00,3,,NCR,Madhya Pradesh
12493,Bangalore-Hazrat Nizammudin Rajdhani Express,AGC,AGRA CANTT,03:36:00,03:36:00,3,,NCR,Uttar Pradesh
12493,Bangalore-Hazrat Nizammudin Rajdhani Express,NZM,DELHI H NIZAMUDDIN,05:50:00,None,3,,NR,Delhi
11124,Gwalior Barauni Mail,GWL,GWALIOR JN,None,11:45:00,1,,NCR,Madhya Pradesh
11124,Gwalior Barauni Mail,JHS,JHANSI JN,13:20:00,13:50:00,1,,NCR,Uttar Pradesh
11124,Gwalior Barauni Mail,CNB,KANPUR CENTRAL,17:58:00,17:58:00,1,,NCR,Uttar Pradesh
11124,Gwalior Barauni Mail,LKO,LUCKNOW,20:10:00,20:25:00,1,,NER,Uttar Pradesh
11124,Gwalior Barauni Mail,MFP,MUZAFFARPUR JN,10:05:00,10:15:00,2,,ECR,Bihar
11030,Koyna Express,KOP,C SHAHU M RAJ KOLHAPUR TERM,None,07:55:00,1,,CR,Maharashtra
11030,Koyna Express,PUNE,PUNE JN,15:40:00,15:45:00,1,,CR,Maharashtra
11030,Koyna Express,KYN,KALYAN JN,18:53:00,18:55:00,1,,CR,Maharashtra
11030,Koyna Express,DR,MUMBAI DADAR CENTRAL,19:58:00,20:00:00,1,,CR,Maharashtra
11030,Koyna Express,CSTM,MUMBAI CST,20:22:00,None,1,,CR,Maharashtra
59439,Ahmadabad Passenger,BCT,Mumbai Central,None,12:15:00,1,,WR,Maharashtra
59439,Ahmadabad Passenger,ST,SURAT,20:49:00,21:09:00,1,,WR,Gujarat
59439,Ahmadabad Passenger,BRC,VADODARA JN,00:47:00,00:57:00,2,,WR,Gujarat
59439,Ahmadabad Passenger,ADI,AHMEDABAD JN,04:40:00,None,2,,WR,Gujarat
08569,Visakhapatnam-Kollam Sabarimalai Special,VSKP,VISHAKAPATNAM,None,09:00:00,1,,ECoR,Andhra Pradesh
08569,Visakhapatnam-Kollam Sabarimalai Special,BZA,VIJAYAWADA JN,14:50:00,15:10:00,1,,SCR,Andhra Pradesh
08569,Visakhapatnam-Kollam Sabarimalai Special,CBE,COIMBATORE JN,06:40:00,06:45:00,2,,SR,Tamil Nadu
08569,Visakhapatnam-Kollam Sabarimalai Special,ERS,ERNAKULAM JN,11:34:00,11:34:00,2,,SR,Kerala
14036,Dhauladhar Express,PTK,PATHANKOT,None,22:30:00,1,,NR,Punjab
14036,Dhauladhar Express,LDH,LUDHIANA JN,01:40:00,01:50:00,2,,NR,Punjab
13050,Amritsar Howrah Express,ASR,AMRITSAR JN,None,18:10:00,1,,NR,Punjab
13050,Amritsar Howrah Express,LDH,LUDHIANA JN,20:45:00,20:55:00,1,,NR,Punjab
13050,Amritsar Howrah Express,UMB,AMBALA CANT JN,23:00:00,23:10:00,1,,NR,Haryana
13050,Amritsar Howrah Express,MB,MORADABAD,04:10:00,04:20:00,2,,NR,Uttar Pradesh
13050,Amritsar Howrah Express,BE,BAREILLY,06:49:00,06:49:00,2,,NER,Uttar Pradesh
13050,Amritsar Howrah Express,LKO,LUCKNOW,11:50:00,12:05:00,2,,NER,Uttar Pradesh
13050,Amritsar Howrah Express,MGS,MUGHAL SARAI JN,20:20:00,20:45:00,2,,ECR,Uttar Pradesh
13050,Amritsar Howrah Express,PNBE,PATNA JN,02:15:00,02:30:00,3,,ECR,Bihar
13050,Amritsar Howrah Express,ASN,ASANSOL JN,10:50:00,11:05:00,3,,ER,West Bengal
13050,Amritsar Howrah Express,BWN,BARDDHAMAN JN,13:08:00,13:13:00,3,,ER,West Bengal
13050,Amritsar Howrah Express,HWH,HOWRAH JN,15:45:00,None,3,,ER,West Bengal
12696,Trivandrum-Chennai Superfast Express,TVC,TRIVANDRUM CENTRAL,None,17:10:00,1,,SR,Kerala
12696,Trivandrum-Chennai Superfast Express,ERS,ERNAKULAM JN,21:33:00,21:33:00,1,,SR,Kerala
12696,Trivandrum-Chennai Superfast Express,CBE,COIMBATORE JN,02:05:00,02:10:00,2,,SR,Tamil Nadu
12696,Trivandrum-Chennai Superfast Express,MAS,CHENNAI CENTRAL,09:50:00,None,2,,SR,Tamil Nadu
13243,Patna Dehri On Sone InterCity Express,PNBE,PATNA JN,None,17:30:00,1,,ECR,Bihar
13243,Patna Dehri On Sone InterCity Express,GAYA,GAYA JN,20:15:00,20:26:00,1,,ECR,Bihar
11057,Dadar Amritsar Express,DR,MUMBAI DADAR CENTRAL,None,23:45:00,1,,CR,Maharashtra
11057,Dadar Amritsar Express,KYN,KALYAN JN,00:30:00,00:35:00,2,,CR,Maharashtra
11057,Dadar Amritsar Express,ET,ITARSI JN,12:55:00,13:05:00,2,,WCR,Madhya Pradesh
11057,Dadar Amritsar Express,BPL,BHOPAL JN,15:30:00,15:35:00,2,,WCR,Madhya Pradesh
11057,Dadar Amritsar Express,JHS,JHANSI JN,20:30:00,20:40:00,2,,NCR,Uttar Pradesh
11057,Dadar Amritsar Express,GWL,GWALIOR JN,22:17:00,22:25:00,2,,NCR,Madhya Pradesh
11057,Dadar Amritsar Express,AGC,AGRA CANTT,00:08:00,00:18:00,3,,NCR,Uttar Pradesh
11057,Dadar Amritsar Express,NZM,DELHI H NIZAMUDDIN,03:45:00,03:47:00,3,,NR,Delhi
11057,Dadar Amritsar Express,NDLS,NEW DELHI,04:10:00,04:30:00,3,,NR,Delhi
11057,Dadar Amritsar Express,UMB,AMBALA CANT JN,09:25:00,09:45:00,3,,NR,Haryana
11057,Dadar Amritsar Express,LDH,LUDHIANA JN,13:35:00,13:45:00,3,,NR,Punjab
11057,Dadar Amritsar Express,ASR,AMRITSAR JN,16:30:00,None,3,,NR,Punjab
11077,Jhelum Express,PUNE,PUNE JN,None,17:20:00,1,,CR,Maharashtra
11077,Jhelum Express,ET,ITARSI JN,07:15:00,07:20:00,2,,WCR,Madhya Pradesh
11077,Jhelum Express,BPL,BHOPAL JN,09:10:00,09:15:00,2,,WCR,Madhya Pradesh
11077,Jhelum Express,JHS,JHANSI JN,13:35:00,13:45:00,2,,NCR,Uttar Pradesh
11077,Jhelum Express,GWL,GWALIOR JN,15:15:00,15:20:00,2,,NCR,Madhya Pradesh
11077,Jhelum Express,AGC,AGRA CANTT,17:05:00,17:10:00,2,,NCR,Uttar Pradesh
11077,Jhelum Express,NZM,DELHI H NIZAMUDDIN,20:16:00,20:18:00,2,,NR,Delhi
11077,Jhelum Express,NDLS,NEW DELHI,20:45:00,21:05:00,2,,NR,Delhi
11077,Jhelum Express,UMB,AMBALA CANT JN,01:20:00,01:30:00,3,,NR,Haryana
11077,Jhelum Express,LDH,LUDHIANA JN,03:35:00,03:55:00,3,,NR,Punjab
11077,Jhelum Express,JAT,JAMMU TAWI,09:20:00,None,3,,NR,Jammu and Kashmir
12718,Ratnachal SF Express,BZA,VIJAYAWADA JN,None,06:05:00,1,,SCR,Andhra Pradesh
12718,Ratnachal SF Express,VSKP,VISHAKAPATNAM,12:05:00,None,1,,ECoR,Andhra Pradesh
13187,Maa Tara Express,SDAH,KOLKATA SEALDAH,None,07:25:00,1,,ER,West Bengal
13187,Maa Tara Express,BWN,BARDDHAMAN JN,09:43:00,09:45:00,1,,ER,West Bengal
12648,Kongu Express,NZM,DELHI H NIZAMUDDIN,None,08:40:00,1,,NR,Delhi
12648,Kongu Express,AGC,AGRA CANTT,11:30:00,11:35:00,1,,NCR,Uttar Pradesh
12648,Kongu Express,GWL,GWALIOR JN,13:02:00,13:07:00,1,,NCR,Madhya Pradesh
12648,Kongu Express,JHS,JHANSI JN,14:35:00,14:45:00,1,,NCR,Uttar Pradesh
12648,Kongu Express,BPL,BHOPAL JN,19:10:00,19:15:00,1,,WCR,Madhya Pradesh
12648,Kongu Express,ET,ITARSI JN,21:00:00,21:10:00,1,,WCR,Madhya Pradesh
12648,Kongu Express,NGP,NAGPUR,01:40:00,01:50:00,2,,SECR,Maharashtra
12648,Kongu Express,GTL,GUNTAKAL JN,18:57:00,18:57:00,2,,SCR,Andhra Pradesh
12648,Kongu Express,SBC,BANGALORE CITY JN,01:00:00,01:30:00,3,,SWR,Karnataka
12648,Kongu Express,CBE,COIMBATORE JN,09:30:00,None,3,,SR,Tamil Nadu
12021,Barbil Janshatabdi,HWH,HOWRAH JN,None,06:20:00,1,,ER,West Bengal
12021,Barbil Janshatabdi,TATA,TATANAGAR JN,09:45:00,09:55:00,1,,SER,Jharkhand
12126,Pragati Superfast Express,PUNE,PUNE JN,None,07:50:00,1,,CR,Maharashtra
12126,Pragati Superfast Express,KYN,KALYAN JN,10:02:00,10:02:00,1,,CR,Maharashtra
12126,Pragati Superfast Express,DR,MUMBAI DADAR CENTRAL,10:48:00,10:50:00,1,,CR,Maharashtra
12126,Pragati Superfast Express,CSTM,MUMBAI CST,11:10:00,None,1,,CR,Maharashtra
12204,Amritsar Saharsa Garib Rath,ASR,AMRITSAR JN,None,04:40:00,1,,NR,Punjab
12204,Amritsar Saharsa Garib Rath,LDH,LUDHIANA JN,06:38:00,06:43:00,1,,NR,Punjab
12204,Amritsar Saharsa Garib Rath,UMB,AMBALA CANT JN,08:20:00,08:25:00,1,,NR,Haryana
12204,Amritsar Saharsa Garib Rath,NDLS,NEW DELHI,11:05:00,11:15:00,1,,NR,Delhi
12204,Amritsar Saharsa Garib Rath,GZB,GHAZIABAD,11:39:00,11:39:00,1,,NR,Uttar Pradesh
12204,Amritsar Saharsa Garib Rath,MB,MORADABAD,13:55:00,14:00:00,1,,NR,Uttar Pradesh
12204,Amritsar Saharsa Garib Rath,BE,BAREILLY,15:15:00,15:18:00,1,,NER,Uttar Pradesh
12204,Amritsar Saharsa Garib Rath,LKO,LUCKNOW,18:40:00,18:50:00,1,,NER,Uttar Pradesh
12204,Amritsar Saharsa Garib Rath,MFP,MUZAFFARPUR JN,05:40:00,05:45:00,2,,ECR,Bihar
16589,Rani Chennamma Express,SBC,BANGALORE CITY JN,None,21:15:00,1,,SWR,Karnataka
16589,Rani Chennamma Express,UBL,HUBLI JN,05:35:00,05:45:00,2,,SWR,Karnataka
16589,Rani Chennamma Express,KOP,C SHAHU M RAJ KOLHAPUR TERM,13:40:00,None,2,,CR,Maharashtra
16866,Tea Garden Express,ERS,ERNAKULAM JN,None,22:05:00,1,,SR,Kerala
16866,Tea Garden Express,CBE,COIMBATORE JN,02:55:00,03:00:00,2,,SR,Tamil Nadu
11023,Sahyadri Express,CSTM,MUMBAI CST,None,17:50:00,1,,CR,Maharashtra
11023,Sahyadri Express,DR,MUMBAI DADAR CENTRAL,18:02:00,18:04:00,1,,CR,Maharashtra
11023,Sahyadri Express,KYN,KALYAN JN,18:48:00,18:50:00,1,,CR,Maharashtra
11023,Sahyadri Express,PUNE,PUNE JN,21:55:00,22:05:00,1,,CR,Maharashtra
11023,Sahyadri Express,KOP,C SHAHU M RAJ KOLHAPUR TERM,06:05:00,None,2,,CR,Maharashtra
08470,Bangalore-Puri Garib Rath Special,SBC,BANGALORE CITY JN,None,23:55:00,1,,SWR,Karnataka
08470,Bangalore-Puri Garib Rath Special,GTL,GUNTAKAL JN,06:30:00,06:30:00,2,,SCR,Andhra Pradesh
08470,Bangalore-Puri Garib Rath Special,BZA,VIJAYAWADA JN,15:20:00,15:30:00,2,,SCR,Andhra Pradesh
08470,Bangalore-Puri Garib Rath Special,VSKP,VISHAKAPATNAM,22:20:00,22:40:00,2,,ECoR,Andhra Pradesh
08470,Bangalore-Puri Garib Rath Special,PURI,PURI,05:50:00,None,3,,ECoR,Odisha
12160,Jabalpur - Amravati Express,JBP,JABALPUR,None,20:50:00,1,,WCR,Madhya Pradesh
12160,Jabalpur - Amravati Express,ET,ITARSI JN,01:05:00,01:40:00,2,,WCR,Madhya Pradesh
12160,Jabalpur - Amravati Express,NGP,NAGPUR,06:25:00,06:35:00,2,,SECR,Maharashtra
12160,Jabalpur - Amravati Express,AMI,Amravati,09:50:00,None,2,,CR,Maharashtra
11401,Nandigram Express,CSTM,MUMBAI CST,None,16:35:00,1,,CR,Maharashtra
11401,Nandigram Express,DR,MUMBAI DADAR CENTRAL,16:48:00,16:50:00,1,,CR,Maharashtra
11401,Nandigram Express,KYN,KALYAN JN,17:30:00,17:35:00,1,,CR,Maharashtra
11401,Nandigram Express,AWB,AURANGABAD,23:40:00,23:45:00,1,,SCR,Maharashtra
11401,Nandigram Express,NGP,NAGPUR,16:15:00,None,2,,SECR,Maharashtra
16630,Malabar Express,MAQ,MANGALORE CNTL,None,18:25:00,1,,SR,Karnataka
16630,Malabar Express,ERS,ERNAKULAM JN,03:43:00,03:43:00,2,,SR,Kerala
16630,Malabar Express,TVC,TRIVANDRUM CENTRAL,09:05:00,None,2,,SR,Kerala
57226,Visakhapatnam Vijayawada Passenger,VSKP,VISHAKAPATNAM,None,09:15:00,1,,ECoR,Andhra Pradesh
57226,Visakhapatnam Vijayawada Passenger,BZA,VIJAYAWADA JN,18:55:00,None,1,,SCR,Andhra Pradesh
12466,Jodhpur-Indore Ranthambhore Intercity Express,JU,JODHPUR JN,None,05:55:00,1,,NWR,Rajasthan
12466,Jodhpur-Indore Ranthambhore Intercity Express,JP,JAIPUR,10:45:00,10:55:00,1,,NWR,Rajasthan
12466,Jodhpur-Indore Ranthambhore Intercity Express,KOTA,KOTA JN,14:45:00,14:55:00,1,,WCR,Rajasthan
12805,Janmabhoomi Express,VSKP,VISHAKAPATNAM,None,06:00:00,1,,ECoR,Andhra Pradesh
12805,Janmabhoomi Express,BZA,VIJAYAWADA JN,11:45:00,11:50:00,1,,SCR,Andhra Pradesh
12805,Janmabhoomi Express,SC,SECUNDERABAD JN,18:25:00,None,1,,SCR,Telangana
12676,Kovai Express,CBE,COIMBATORE JN,None,14:20:00,1,,SR,Tamil Nadu
12676,Kovai Express,MAS,CHENNAI CENTRAL,21:40:00,None,1,,SR,Tamil Nadu
12001,Bhopal-New Delhi Shatabdi Express,BPL,BHOPAL JN,None,14:40:00,1,,WCR,Madhya Pradesh
12001,Bhopal-New Delhi Shatabdi Express,JHS,JHANSI JN,17:47:00,17:55:00,1,,NCR,Uttar Pradesh
12001,Bhopal-New Delhi Shatabdi Express,GWL,GWALIOR JN,19:00:00,19:05:00,1,,NCR,Madhya Pradesh
12001,Bhopal-New Delhi Shatabdi Express,AGC,AGRA CANTT,20:25:00,20:30:00,1,,NCR,Uttar Pradesh
12001,Bhopal-New Delhi Shatabdi Express,NZM,DELHI H NIZAMUDDIN,22:27:00,22:27:00,1,,NR,Delhi
12001,Bhopal-New Delhi Shatabdi Express,NDLS,NEW DELHI,22:30:00,None,1,,NR,Delhi
12608,BANGALORE - CHENNAI CENTRAL Lalbagh Exp,SBC,BANGALORE CITY JN,None,06:30:00,1,,SWR,Karnataka
12608,BANGALORE - CHENNAI CENTRAL Lalbagh Exp,MAS,CHENNAI CENTRAL,12:15:00,None,1,,SR,Tamil Nadu
16590,Rani Chennamma Express,KOP,C SHAHU M RAJ KOLHAPUR TERM,None,14:20:00,1,,CR,Maharashtra
16590,Rani Chennamma Express,UBL,HUBLI JN,22:35:00,22:45:00,1,,SWR,Karnataka
16590,Rani Chennamma Express,SBC,BANGALORE CITY JN,07:35:00,None,2,,SWR,Karnataka
16107,Chennai Egmore-Mangalore Express,MS,CHENNAI EGMORE,None,22:15:00,1,,SR,Tamil Nadu
16107,Chennai Egmore-Mangalore Express,CBE,COIMBATORE JN,10:40:00,10:45:00,2,,SR,Tamil Nadu
16107,Chennai Egmore-Mangalore Express,MAQ,MANGALORE CNTL,22:00:00,None,2,,SR,Karnataka
18204,Betwa Express,CNB,KANPUR CENTRAL,None,18:20:00,1,,NCR,Uttar Pradesh
18204,Betwa Express,BSP,BILASPUR JN,09:35:00,10:20:00,2,,SECR,Chhattisgarh
18204,Betwa Express,R,RAIPUR JN,12:05:00,12:15:00,2,,SECR,Chhattisgarh
06201,Mysore-Sainagar Shirdi Special,MYS,MYSORE JN,None,05:30:00,1,,SWR,Karnataka
06201,Mysore-Sainagar Shirdi Special,SBC,BANGALORE CITY JN,08:15:00,08:25:00,1,,SWR,Karnataka
06201,Mysore-Sainagar Shirdi Special,GTL,GUNTAKAL JN,14:35:00,14:50:00,1,,SCR,Andhra Pradesh
06201,Mysore-Sainagar Shirdi Special,SUR,SOLAPUR JN,03:50:00,04:00:00,2,,CR,Maharashtra
13331,Dhanbad Patna Express,DHN,DHANBAD JN,None,08:30:00,1,,ECR,Jharkhand
13331,Dhanbad Patna Express,PNBE,PATNA JN,17:10:00,None,1,,ECR,Bihar
12308,Jodhpur-Howrah SF Express,JU,JODHPUR JN,None,20:30:00,1,,NWR,Rajasthan
12308,Jodhpur-Howrah SF Express,JP,JAIPUR,02:00:00,02:20:00,2,,NWR,Rajasthan
12308,Jodhpur-Howrah SF Express,TDL,TUNDLA JN,07:07:00,07:07:00,2,,NCR,Uttar Pradesh
12308,Jodhpur-Howrah SF Express,CNB,KANPUR CENTRAL,11:05:00,11:15:00,2,,NCR,Uttar Pradesh
12308,Jodhpur-Howrah SF Express,ALD,ALLAHABAD JN,14:00:00,14:10:00,2,,NCR,Uttar Pradesh
12308,Jodhpur-Howrah SF Express,MGS,MUGHAL SARAI JN,16:50:00,17:10:00,2,,ECR,Uttar Pradesh
12308,Jodhpur-Howrah SF Express,GAYA,GAYA JN,20:13:00,20:18:00,2,,ECR,Bihar
12308,Jodhpur-Howrah SF Express,DHN,DHANBAD JN,23:40:00,23:50:00,2,,ECR,Jharkhand
12308,Jodhpur-Howrah SF Express,ASN,ASANSOL JN,00:47:00,00:52:00,3,,ER,West Bengal
12308,Jodhpur-Howrah SF Express,BWN,BARDDHAMAN JN,02:33:00,02:33:00,3,,ER,West Bengal
12308,Jodhpur-Howrah SF Express,HWH,HOWRAH JN,04:00:00,None,3,,ER,West Bengal
12239,Mumbai Central Jaipur AC Duronto Express,BCT,Mumbai Central,None,23:15:00,1,,WR,Maharashtra
12239,Mumbai Central Jaipur AC Duronto Express,ST,SURAT,02:37:00,02:37:00,2,,WR,Gujarat
12239,Mumbai Central Jaipur AC Duronto Express,BRC,VADODARA JN,04:16:00,04:16:00,2,,WR,Gujarat
12239,Mumbai Central Jaipur AC Duronto Express,RTM,RATLAM JN,07:35:00,07:35:00,2,,WR,Madhya Pradesh
12239,Mumbai Central Jaipur AC Duronto Express,KOTA,KOTA JN,10:59:00,10:59:00,2,,WCR,Rajasthan
12239,Mumbai Central Jaipur AC Duronto Express,JP,JAIPUR,13:55:00,None,2,,NWR,Rajasthan
13153-Slip,Gour Express Slip,SDAH,KOLKATA SEALDAH,None,22:15:00,1,,ER,West Bengal
13153-Slip,Gour Express Slip,BWN,BARDDHAMAN JN,00:53:00,00:58:00,2,,ER,West Bengal
08567,Visakhapatnam Sainagar Shirdi special,VSKP,VISHAKAPATNAM,None,05:30:00,1,,ECoR,Andhra Pradesh
08567,Visakhapatnam Sainagar Shirdi special,BZA,VIJAYAWADA JN,11:35:00,11:50:00,1,,SCR,Andhra Pradesh
08567,Visakhapatnam Sainagar Shirdi special,SC,SECUNDERABAD JN,18:10:00,18:30:00,1,,SCR,Telangana
08567,Visakhapatnam Sainagar Shirdi special,NZB,NIZAMABAD,21:30:00,21:32:00,1,,SCR,Andhra Pradesh
08567,Visakhapatnam Sainagar Shirdi special,AWB,AURANGABAD,04:30:00,04:32:00,2,,SCR,Maharashtra
59441,Mumbai Central-Ahmedabad Passenger,BCT,Mumbai Central,None,22:40:00,1,,WR,Maharashtra
59441,Mumbai Central-Ahmedabad Passenger,ST,SURAT,06:05:00,06:45:00,2,,WR,Gujarat
59441,Mumbai Central-Ahmedabad Passenger,BRC,VADODARA JN,10:10:00,10:30:00,2,,WR,Gujarat
59441,Mumbai Central-Ahmedabad Passenger,ADI,AHMEDABAD JN,14:55:00,None,2,,WR,Gujarat
16348,Trivandrum Express,MAQ,MANGALORE CNTL,None,14:30:00,1,,SR,Karnataka
16348,Trivandrum Express,ERS,ERNAKULAM JN,23:48:00,23:48:00,1,,SR,Kerala
16348,Trivandrum Express,TVC,TRIVANDRUM CENTRAL,04:50:00,None,2,,SR,Kerala
51189,ITARSI - ALLAHABAD Passenger,ET,ITARSI JN,None,08:30:00,1,,WCR,Madhya Pradesh
51189,ITARSI - ALLAHABAD Passenger,JBP,JABALPUR,17:35:00,17:50:00,1,,WCR,Madhya Pradesh
51189,ITARSI - ALLAHABAD Passenger,ALD,ALLAHABAD JN,10:05:00,None,2,,NCR,Uttar Pradesh
11051,Solapur-Kolhapur Express,SUR,SOLAPUR JN,None,08:10:00,1,,CR,Maharashtra
11051,Solapur-Kolhapur Express,KOP,C SHAHU M RAJ KOLHAPUR TERM,14:15:00,None,1,,CR,Maharashtra
11423,Solapur - Hubli Express,SUR,SOLAPUR JN,None,06:25:00,1,,CR,Maharashtra
11423,Solapur - Hubli Express,UBL,HUBLI JN,14:30:00,None,1,,SWR,Karnataka
25631,Bikaner Guwahati Express,BKN,BIKANER JN,None,23:45:00,1,,NWR,Rajasthan
25631,Bikaner Guwahati Express,JP,JAIPUR,09:00:00,09:10:00,2,,NWR,Rajasthan
25631,Bikaner Guwahati Express,TDL,TUNDLA JN,14:45:00,14:55:00,2,,NCR,Uttar Pradesh
25631,Bikaner Guwahati Express,CNB,KANPUR CENTRAL,18:50:00,19:05:00,2,,NCR,Uttar Pradesh
25631,Bikaner Guwahati Express,ALD,ALLAHABAD JN,21:35:00,21:45:00,2,,NCR,Uttar Pradesh
25631,Bikaner Guwahati Express,MGS,MUGHAL SARAI JN,00:45:00,01:05:00,3,,ECR,Uttar Pradesh
25631,Bikaner Guwahati Express,PNBE,PATNA JN,04:30:00,04:45:00,3,,ECR,Bihar
25631,Bikaner Guwahati Express,NJP,NEW JALPAIGURI,15:05:00,15:20:00,3,,NFR,West Bengal
25631,Bikaner Guwahati Express,GHY,GUWAHATI,23:15:00,None,3,,NFR,Assam
12844,Ahmedabad Puri Superfast Express,ADI,AHMEDABAD JN,None,18:00:00,1,,WR,Gujarat
12844,Ahmedabad Puri Superfast Express,BRC,VADODARA JN,19:45:00,19:50:00,1,,WR,Gujarat
12844,Ahmedabad Puri Superfast Express,ST,SURAT,22:00:00,22:10:00,1,,WR,Gujarat
12844,Ahmedabad Puri Superfast Express,NGP,NAGPUR,11:25:00,11:45:00,2,,SECR,Maharashtra
12844,Ahmedabad Puri Superfast Express,R,RAIPUR JN,16:35:00,16:55:00,2,,SECR,Chhattisgarh
12844,Ahmedabad Puri Superfast Express,PURI,PURI,08:50:00,None,3,,ECoR,Odisha
11026,Pune Manmad Express,PUNE,PUNE JN,None,12:50:00,1,,CR,Maharashtra
11026,Pune Manmad Express,PNVL,PANVEL,15:40:00,15:45:00,1,,CR,Maharashtra
11026,Pune Manmad Express,KYN,KALYAN JN,16:45:00,16:50:00,1,,CR,Maharashtra
16628,West Coast Express,MAQ,MANGALORE CNTL,None,21:45:00,1,,SR,Karnataka
16628,West Coast Express,CBE,COIMBATORE JN,06:20:00,06:25:00,2,,SR,Tamil Nadu
16628,West Coast Express,MAS,CHENNAI CENTRAL,15:15:00,None,2,,SR,Tamil Nadu
12650,Karnataka Sampark Kranti Express,NZM,DELHI H NIZAMUDDIN,None,06:45:00,1,,NR,Delhi
12650,Karnataka Sampark Kranti Express,AGC,AGRA CANTT,09:14:00,09:14:00,1,,NCR,Uttar Pradesh
12650,Karnataka Sampark Kranti Express,GWL,GWALIOR JN,10:48:00,10:48:00,1,,NCR,Madhya Pradesh
12650,Karnataka Sampark Kranti Express,JHS,JHANSI JN,12:05:00,12:15:00,1,,NCR,Uttar Pradesh
12650,Karnataka Sampark Kranti Express,BPL,BHOPAL JN,16:10:00,16:20:00,1,,WCR,Madhya Pradesh
12650,Karnataka Sampark Kranti Express,ET,ITARSI JN,17:43:00,17:43:00,1,,WCR,Madhya Pradesh
12650,Karnataka Sampark Kranti Express,NGP,NAGPUR,22:10:00,22:20:00,1,,SECR,Maharashtra
07144,Shahu Maharaj T. Kolhapur - Hyderabad Special,KOP,C SHAHU M RAJ KOLHAPUR TERM,None,07:30:00,1,,CR,Maharashtra
07144,Shahu Maharaj T. Kolhapur - Hyderabad Special,UBL,HUBLI JN,16:05:00,16:15:00,1,,SWR,Karnataka
07144,Shahu Maharaj T. Kolhapur - Hyderabad Special,GTL,GUNTAKAL JN,21:30:00,21:50:00,1,,SCR,Andhra Pradesh
07144,Shahu Maharaj T. Kolhapur - Hyderabad Special,HYB,HYDERABAD DECCAN,06:45:00,None,2,,SCR,Andhra Pradesh
12113,Pune-Nagpur Garib Rath Express,PUNE,PUNE JN,None,17:40:00,1,,CR,Maharashtra
12113,Pune-Nagpur Garib Rath Express,NGP,NAGPUR,09:25:00,None,2,,SECR,Maharashtra
11454,Prerna Express,NGP,NAGPUR,None,09:35:00,1,,SECR,Maharashtra
11454,Prerna Express,ST,SURAT,23:45:00,23:50:00,1,,WR,Gujarat
11454,Prerna Express,BRC,VADODARA JN,01:45:00,01:50:00,2,,WR,Gujarat
11454,Prerna Express,ADI,AHMEDABAD JN,03:40:00,None,2,,WR,Gujarat
13305,Dhanbad-Gaya InterCity,DHN,DHANBAD JN,None,06:10:00,1,,ECR,Jharkhand
13305,Dhanbad-Gaya InterCity,GAYA,GAYA JN,09:35:00,None,1,,ECR,Bihar
14007,Muzaffarpur-Old Delhi Sadbhavna Express,MFP,MUZAFFARPUR JN,None,04:15:00,1,,ECR,Bihar
14007,Muzaffarpur-Old Delhi Sadbhavna Express,LKO,LUCKNOW,18:40:00,18:50:00,1,,NER,Uttar Pradesh
14007,Muzaffarpur-Old Delhi Sadbhavna Express,BE,BAREILLY,23:00:00,23:00:00,1,,NER,Uttar Pradesh
14007,Muzaffarpur-Old Delhi Sadbhavna Express,MB,MORADABAD,01:20:00,01:30:00,2,,NR,Uttar Pradesh
14007,Muzaffarpur-Old Delhi Sadbhavna Express,GZB,GHAZIABAD,04:00:00,04:02:00,2,,NR,Uttar Pradesh
12356,Archana Express,JAT,JAMMU TAWI,None,20:15:00,1,,NR,Jammu and Kashmir
12356,Archana Express,LDH,LUDHIANA JN,00:25:00,00:35:00,2,,NR,Punjab
12356,Archana Express,UMB,AMBALA CANT JN,02:20:00,02:30:00,2,,NR,Haryana
12356,Archana Express,MB,MORADABAD,06:45:00,06:55:00,2,,NR,Uttar Pradesh
12356,Archana Express,BE,BAREILLY,08:15:00,08:20:00,2,,NER,Uttar Pradesh
12356,Archana Express,LKO,LUCKNOW,12:25:00,12:40:00,2,,NER,Uttar Pradesh
12356,Archana Express,MGS,MUGHAL SARAI JN,19:40:00,19:50:00,2,,ECR,Uttar Pradesh
12356,Archana Express,PNBE,PATNA JN,22:45:00,22:55:00,2,,ECR,Bihar
15903,Dibrugarh-Chandigarh Weekly Express,DBRG,DIBRUGARH,None,08:40:00,1,,NFR,Assam
15903,Dibrugarh-Chandigarh Weekly Express,GHY,GUWAHATI,19:45:00,20:00:00,1,,NFR,Assam
15903,Dibrugarh-Chandigarh Weekly Express,NJP,NEW JALPAIGURI,03:35:00,03:50:00,2,,NFR,West Bengal
15903,Dibrugarh-Chandigarh Weekly Express,MFP,MUZAFFARPUR JN,12:48:00,12:53:00,2,,ECR,Bihar
15903,Dibrugarh-Chandigarh Weekly Express,LKO,LUCKNOW,01:50:00,02:00:00,3,,NER,Uttar Pradesh
15903,Dibrugarh-Chandigarh Weekly Express,BE,BAREILLY,05:50:00,05:55:00,3,,NER,Uttar Pradesh
15903,Dibrugarh-Chandigarh Weekly Express,MB,MORADABAD,07:55:00,08:10:00,3,,NR,Uttar Pradesh
15903,Dibrugarh-Chandigarh Weekly Express,UMB,AMBALA CANT JN,12:55:00,13:05:00,3,,NR,Haryana
15903,Dibrugarh-Chandigarh Weekly Express,CDG,CHANDIGARH,13:45:00,None,3,,NR,Chandigarh
16649,Parasuram Express,MAQ,MANGALORE CNTL,None,04:40:00,1,,SR,Karnataka
16649,Parasuram Express,ERS,ERNAKULAM JN,13:33:00,13:33:00,1,,SR,Kerala
16649,Parasuram Express,TVC,TRIVANDRUM CENTRAL,18:30:00,None,1,,SR,Kerala
15272,Muzzafarpur-Howrah JanSadharan Express,MFP,MUZAFFARPUR JN,None,15:20:00,1,,ECR,Bihar
15272,Muzzafarpur-Howrah JanSadharan Express,ASN,ASANSOL JN,23:15:00,23:25:00,1,,ER,West Bengal
15272,Muzzafarpur-Howrah JanSadharan Express,BWN,BARDDHAMAN JN,01:10:00,01:15:00,2,,ER,West Bengal
15272,Muzzafarpur-Howrah JanSadharan Express,HWH,HOWRAH JN,03:00:00,None,2,,ER,West Bengal
14216,Ganga Gomti Express,LKO,LUCKNOW,None,18:00:00,1,,NER,Uttar Pradesh
14216,Ganga Gomti Express,ALD,ALLAHABAD JN,22:20:00,None,1,,NCR,Uttar Pradesh
11472,Jabalpur-Indore Express,JBP,JABALPUR,None,23:00:00,1,,WCR,Madhya Pradesh
11472,Jabalpur-Indore Express,ET,ITARSI JN,03:20:00,03:40:00,2,,WCR,Madhya Pradesh
11472,Jabalpur-Indore Express,BPL,BHOPAL JN,06:00:00,06:10:00,2,,WCR,Madhya Pradesh
12671,Nilgiri (Blue Mountain) Express,MAS,CHENNAI CENTRAL,None,21:00:00,1,,SR,Tamil Nadu
12671,Nilgiri (Blue Mountain) Express,CBE,COIMBATORE JN,04:50:00,05:15:00,2,,SR,Tamil Nadu
12437,Secunderabad Rajdhani Express,SC,SECUNDERABAD JN,None,12:45:00,1,,SCR,Telangana
12437,Secunderabad Rajdhani Express,NGP,NAGPUR,20:35:00,20:45:00,1,,SECR,Maharashtra
12437,Secunderabad Rajdhani Express,ET,ITARSI JN,00:56:00,00:56:00,2,,WCR,Madhya Pradesh
12437,Secunderabad Rajdhani Express,BPL,BHOPAL JN,02:10:00,02:20:00,2,,WCR,Madhya Pradesh
12437,Secunderabad Rajdhani Express,JHS,JHANSI JN,05:26:00,05:31:00,2,,NCR,Uttar Pradesh
12437,Secunderabad Rajdhani Express,GWL,GWALIOR JN,06:42:00,06:42:00,2,,NCR,Madhya Pradesh
12437,Secunderabad Rajdhani Express,AGC,AGRA CANTT,08:07:00,08:07:00,2,,NCR,Uttar Pradesh
12437,Secunderabad Rajdhani Express,NZM,DELHI H NIZAMUDDIN,10:20:00,None,2,,NR,Delhi
12948,Azimabad Express,PNBE,PATNA JN,None,23:30:00,1,,ECR,Bihar
12948,Azimabad Express,MGS,MUGHAL SARAI JN,03:10:00,03:25:00,2,,ECR,Uttar Pradesh
12948,Azimabad Express,ALD,ALLAHABAD JN,05:30:00,05:35:00,2,,NCR,Uttar Pradesh
12948,Azimabad Express,CNB,KANPUR CENTRAL,08:00:00,08:15:00,2,,NCR,Uttar Pradesh
12948,Azimabad Express,TDL,TUNDLA JN,11:25:00,11:30:00,2,,NCR,Uttar Pradesh
12948,Azimabad Express,KOTA,KOTA JN,17:45:00,17:55:00,2,,WCR,Rajasthan
12948,Azimabad Express,RTM,RATLAM JN,22:30:00,22:40:00,2,,WR,Madhya Pradesh
12948,Azimabad Express,BRC,VADODARA JN,02:20:00,02:50:00,3,,WR,Gujarat
12948,Azimabad Express,ADI,AHMEDABAD JN,05:50:00,None,3,,WR,Gujarat
12233,Lucknow New Delhi AC Express,LKO,LUCKNOW,None,23:30:00,1,,NER,Uttar Pradesh
12233,Lucknow New Delhi AC Express,BE,BAREILLY,02:40:00,02:43:00,2,,NER,Uttar Pradesh
12233,Lucknow New Delhi AC Express,MB,MORADABAD,04:15:00,04:25:00,2,,NR,Uttar Pradesh
12233,Lucknow New Delhi AC Express,GZB,GHAZIABAD,06:44:00,06:46:00,2,,NR,Uttar Pradesh
12233,Lucknow New Delhi AC Express,NDLS,NEW DELHI,07:30:00,None,2,,NR,Delhi
14124,Kanpur Pratapgarh InterCity Express,CNB,KANPUR CENTRAL,None,17:35:00,1,,NCR,Uttar Pradesh
14124,Kanpur Pratapgarh InterCity Express,LKO,LUCKNOW,19:00:00,19:10:00,1,,NER,Uttar Pradesh
22688,Chandigarh Chennai Express,CDG,CHANDIGARH,None,07:45:00,1,,NR,Chandigarh
22688,Chandigarh Chennai Express,UMB,AMBALA CANT JN,08:45:00,08:55:00,1,,NR,Haryana
22688,Chandigarh Chennai Express,GZB,GHAZIABAD,13:11:00,13:15:00,1,,NR,Uttar Pradesh
22688,Chandigarh Chennai Express,NZM,DELHI H NIZAMUDDIN,14:25:00,14:50:00,1,,NR,Delhi
22688,Chandigarh Chennai Express,AGC,AGRA CANTT,18:30:00,18:35:00,1,,NCR,Uttar Pradesh
22688,Chandigarh Chennai Express,GWL,GWALIOR JN,20:09:00,20:12:00,1,,NCR,Madhya Pradesh
22688,Chandigarh Chennai Express,JHS,JHANSI JN,21:35:00,21:45:00,1,,NCR,Uttar Pradesh
22688,Chandigarh Chennai Express,BPL,BHOPAL JN,01:40:00,01:50:00,2,,WCR,Madhya Pradesh
22688,Chandigarh Chennai Express,ET,ITARSI JN,03:25:00,03:25:00,2,,WCR,Madhya Pradesh
22688,Chandigarh Chennai Express,NGP,NAGPUR,08:30:00,08:40:00,2,,SECR,Maharashtra
22688,Chandigarh Chennai Express,BZA,VIJAYAWADA JN,19:05:00,19:20:00,2,,SCR,Andhra Pradesh
22688,Chandigarh Chennai Express,MAS,CHENNAI CENTRAL,02:15:00,None,3,,SR,Tamil Nadu
17057,Mumbai-Secunderabad Devagiri Expres,CSTM,MUMBAI CST,None,21:05:00,1,,CR,Maharashtra
17057,Mumbai-Secunderabad Devagiri Expres,DR,MUMBAI DADAR CENTRAL,21:18:00,21:20:00,1,,CR,Maharashtra
17057,Mumbai-Secunderabad Devagiri Expres,KYN,KALYAN JN,22:05:00,22:10:00,1,,CR,Maharashtra
17057,Mumbai-Secunderabad Devagiri Expres,AWB,AURANGABAD,04:05:00,04:10:00,2,,SCR,Maharashtra
17057,Mumbai-Secunderabad Devagiri Expres,NZB,NIZAMABAD,11:00:00,11:05:00,2,,SCR,Andhra Pradesh
17057,Mumbai-Secunderabad Devagiri Expres,SC,SECUNDERABAD JN,14:15:00,None,2,,SCR,Telangana
18509,Visakhapatnam-Nanded Express,VSKP,VISHAKAPATNAM,None,19:40:00,1,,ECoR,Andhra Pradesh
18509,Visakhapatnam-Nanded Express,BZA,VIJAYAWADA JN,01:30:00,01:50:00,2,,SCR,Andhra Pradesh
18509,Visakhapatnam-Nanded Express,SC,SECUNDERABAD JN,09:00:00,09:20:00,2,,SCR,Telangana
18509,Visakhapatnam-Nanded Express,NZB,NIZAMABAD,12:15:00,12:20:00,2,,SCR,Andhra Pradesh
12467,Bikaner Jaipur InterCity,BKN,BIKANER JN,None,06:15:00,1,,NWR,Rajasthan
12467,Bikaner Jaipur InterCity,JP,JAIPUR,12:55:00,None,1,,NWR,Rajasthan
11448,HOWRAH - JABALPUR Shaktipunj Exp,HWH,HOWRAH JN,None,14:30:00,1,,ER,West Bengal
11448,HOWRAH - JABALPUR Shaktipunj Exp,BWN,BARDDHAMAN JN,15:53:00,15:58:00,1,,ER,West Bengal
11448,HOWRAH - JABALPUR Shaktipunj Exp,ASN,ASANSOL JN,17:27:00,17:35:00,1,,ER,West Bengal
11448,HOWRAH - JABALPUR Shaktipunj Exp,DHN,DHANBAD JN,18:58:00,19:08:00,1,,ECR,Jharkhand
11448,HOWRAH - JABALPUR Shaktipunj Exp,JBP,JABALPUR,15:45:00,None,2,,WCR,Madhya Pradesh
12403,Allahabad Mathura SF Express,ALD,ALLAHABAD JN,None,23:30:00,1,,NCR,Uttar Pradesh
12403,Allahabad Mathura SF Express,CNB,KANPUR CENTRAL,02:10:00,02:15:00,2,,NCR,Uttar Pradesh
12403,Allahabad Mathura SF Express,TDL,TUNDLA JN,05:35:00,05:40:00,2,,NCR,Uttar Pradesh
12403,Allahabad Mathura SF Express,AGC,AGRA CANTT,06:55:00,07:25:00,2,,NCR,Uttar Pradesh
56263,Night Queen Passenger,MYS,MYSORE JN,None,23:55:00,1,,SWR,Karnataka
56263,Night Queen Passenger,SBC,BANGALORE CITY JN,04:00:00,None,2,,SWR,Karnataka
12397,Mahabodhi Express,GAYA,GAYA JN,None,14:30:00,1,,ECR,Bihar
12397,Mahabodhi Express,MGS,MUGHAL SARAI JN,17:40:00,17:50:00,1,,ECR,Uttar Pradesh
12397,Mahabodhi Express,ALD,ALLAHABAD JN,20:00:00,20:10:00,1,,NCR,Uttar Pradesh
12397,Mahabodhi Express,CNB,KANPUR CENTRAL,22:35:00,22:43:00,1,,NCR,Uttar Pradesh
12397,Mahabodhi Express,TDL,TUNDLA JN,01:28:00,01:28:00,2,,NCR,Uttar Pradesh
12397,Mahabodhi Express,ALJN,ALIGARH JN,02:20:00,02:22:00,2,,NCR,Uttar Pradesh
12397,Mahabodhi Express,GZB,GHAZIABAD,04:30:00,04:30:00,2,,NR,Uttar Pradesh
12397,Mahabodhi Express,NDLS,NEW DELHI,05:00:00,None,2,,NR,Delhi
12162,Lashkar Express,AGC,AGRA CANTT,None,23:50:00,1,,NCR,Uttar Pradesh
12162,Lashkar Express,GWL,GWALIOR JN,01:50:00,01:55:00,2,,NCR,Madhya Pradesh
12162,Lashkar Express,JHS,JHANSI JN,03:25:00,03:35:00,2,,NCR,Uttar Pradesh
12162,Lashkar Express,BPL,BHOPAL JN,08:10:00,08:15:00,2,,WCR,Madhya Pradesh
12162,Lashkar Express,ET,ITARSI JN,10:00:00,10:05:00,2,,WCR,Madhya Pradesh
12162,Lashkar Express,KYN,KALYAN JN,21:45:00,21:50:00,2,,CR,Maharashtra
12148,Nizamuddin-Kolhapur Express,NZM,DELHI H NIZAMUDDIN,None,06:00:00,1,,NR,Delhi
12148,Nizamuddin-Kolhapur Express,AGC,AGRA CANTT,09:10:00,09:15:00,1,,NCR,Uttar Pradesh
12148,Nizamuddin-Kolhapur Express,GWL,GWALIOR JN,11:07:00,11:12:00,1,,NCR,Madhya Pradesh
12148,Nizamuddin-Kolhapur Express,JHS,JHANSI JN,12:45:00,12:55:00,1,,NCR,Uttar Pradesh
12148,Nizamuddin-Kolhapur Express,BPL,BHOPAL JN,17:10:00,17:15:00,1,,WCR,Madhya Pradesh
12148,Nizamuddin-Kolhapur Express,ET,ITARSI JN,19:00:00,19:10:00,1,,WCR,Madhya Pradesh
12148,Nizamuddin-Kolhapur Express,PUNE,PUNE JN,09:20:00,09:30:00,2,,CR,Maharashtra
12148,Nizamuddin-Kolhapur Express,KOP,C SHAHU M RAJ KOLHAPUR TERM,16:20:00,None,2,,CR,Maharashtra
12706,Secunderabad-Guntur SF Intercity,SC,SECUNDERABAD JN,None,07:40:00,1,,SCR,Telangana
12706,Secunderabad-Guntur SF Intercity,BZA,VIJAYAWADA JN,13:30:00,13:35:00,1,,SCR,Andhra Pradesh
53043,Howrah-Rajgir Fast Passenger,HWH,HOWRAH JN,None,11:10:00,1,,ER,West Bengal
53043,Howrah-Rajgir Fast Passenger,BWN,BARDDHAMAN JN,13:40:00,13:45:00,1,,ER,West Bengal
11041,Mumbai - Chennai Express,CSTM,MUMBAI CST,None,14:00:00,1,,CR,Maharashtra
11041,Mumbai - Chennai Express,DR,MUMBAI DADAR CENTRAL,14:12:00,14:15:00,1,,CR,Maharashtra
11041,Mumbai - Chennai Express,KYN,KALYAN JN,15:00:00,15:05:00,1,,CR,Maharashtra
11041,Mumbai - Chennai Express,PUNE,PUNE JN,18:00:00,18:10:00,1,,CR,Maharashtra
11041,Mumbai - Chennai Express,SUR,SOLAPUR JN,23:15:00,23:25:00,1,,CR,Maharashtra
11041,Mumbai - Chennai Express,GTL,GUNTAKAL JN,06:15:00,06:25:00,2,,SCR,Andhra Pradesh
11041,Mumbai - Chennai Express,MAS,CHENNAI CENTRAL,16:45:00,None,2,,SR,Tamil Nadu
17031,Mumbai CST-Hyderabad Express,CSTM,MUMBAI CST,None,12:45:00,1,,CR,Maharashtra
17031,Mumbai CST-Hyderabad Express,DR,MUMBAI DADAR CENTRAL,12:58:00,13:00:00,1,,CR,Maharashtra
17031,Mumbai CST-Hyderabad Express,KYN,KALYAN JN,13:40:00,13:45:00,1,,CR,Maharashtra
17031,Mumbai CST-Hyderabad Express,PUNE,PUNE JN,16:30:00,16:35:00,1,,CR,Maharashtra
17031,Mumbai CST-Hyderabad Express,SUR,SOLAPUR JN,22:15:00,22:25:00,1,,CR,Maharashtra
17031,Mumbai CST-Hyderabad Express,HYB,HYDERABAD DECCAN,05:55:00,None,2,,SCR,Andhra Pradesh
12611,Chennai Central-H.Nizamuddin Garib Rath Express,MAS,CHENNAI CENTRAL,None,06:10:00,1,,SR,Tamil Nadu
12611,Chennai Central-H.Nizamuddin Garib Rath Express,BZA,VIJAYAWADA JN,11:50:00,12:00:00,1,,SCR,Andhra Pradesh
12611,Chennai Central-H.Nizamuddin Garib Rath Express,NGP,NAGPUR,20:35:00,20:45:00,1,,SECR,Maharashtra
12611,Chennai Central-H.Nizamuddin Garib Rath Express,ET,ITARSI JN,00:56:00,00:56:00,2,,WCR,Madhya Pradesh
12611,Chennai Central-H.Nizamuddin Garib Rath Express,BPL,BHOPAL JN,02:10:00,02:20:00,2,,WCR,Madhya Pradesh
12611,Chennai Central-H.Nizamuddin Garib Rath Express,JHS,JHANSI JN,05:26:00,05:31:00,2,,NCR,Uttar Pradesh
12611,Chennai Central-H.Nizamuddin Garib Rath Express,GWL,GWALIOR JN,06:36:00,06:38:00,2,,NCR,Madhya Pradesh
12611,Chennai Central-H.Nizamuddin Garib Rath Express,AGC,AGRA CANTT,07:56:00,07:57:00,2,,NCR,Uttar Pradesh
12611,Chennai Central-H.Nizamuddin Garib Rath Express,NZM,DELHI H NIZAMUDDIN,10:20:00,None,2,,NR,Delhi
12307-Slip,Howrah-Bikaner Express,HWH,HOWRAH JN,None,23:30:00,1,,ER,West Bengal
12307-Slip,Howrah-Bikaner Express,BWN,BARDDHAMAN JN,00:36:00,00:38:00,2,,ER,West Bengal
12307-Slip,Howrah-Bikaner Express,ASN,ASANSOL JN,02:06:00,02:10:00,2,,ER,West Bengal
12307-Slip,Howrah-Bikaner Express,DHN,DHANBAD JN,03:05:00,03:15:00,2,,ECR,Jharkhand
12307-Slip,Howrah-Bikaner Express,GAYA,GAYA JN,06:15:00,06:20:00,2,,ECR,Bihar
12307-Slip,Howrah-Bikaner Express,MGS,MUGHAL SARAI JN,09:35:00,09:55:00,2,,ECR,Uttar Pradesh
12307-Slip,Howrah-Bikaner Express,ALD,ALLAHABAD JN,12:10:00,12:15:00,2,,NCR,Uttar Pradesh
12307-Slip,Howrah-Bikaner Express,CNB,KANPUR CENTRAL,14:45:00,15:00:00,2,,NCR,Uttar Pradesh
12307-Slip,Howrah-Bikaner Express,TDL,TUNDLA JN,19:14:00,19:14:00,2,,NCR,Uttar Pradesh
12307-Slip,Howrah-Bikaner Express,JP,JAIPUR,00:05:00,00:15:00,3,,NWR,Rajasthan
12307-Slip,Howrah-Bikaner Express,JU,JODHPUR JN,06:00:00,None,3,,NWR,Rajasthan
12306,New Delhi-Howrah Rajdhani Express,NDLS,NEW DELHI,None,17:00:00,1,,NR,Delhi
12306,New Delhi-Howrah Rajdhani Express,GZB,GHAZIABAD,17:16:00,17:16:00,1,,NR,Uttar Pradesh
12306,New Delhi-Howrah Rajdhani Express,ALJN,ALIGARH JN,18:23:00,18:23:00,1,,NCR,Uttar Pradesh
12306,New Delhi-Howrah Rajdhani Express,TDL,TUNDLA JN,19:13:00,19:13:00,1,,NCR,Uttar Pradesh
12306,New Delhi-Howrah Rajdhani Express,CNB,KANPUR CENTRAL,21:37:00,21:42:00,1,,NCR,Uttar Pradesh
12306,New Delhi-Howrah Rajdhani Express,ALD,ALLAHABAD JN,23:42:00,23:45:00,1,,NCR,Uttar Pradesh
12306,New Delhi-Howrah Rajdhani Express,MGS,MUGHAL SARAI JN,01:45:00,01:55:00,2,,ECR,Uttar Pradesh
12306,New Delhi-Howrah Rajdhani Express,PNBE,PATNA JN,04:50:00,05:00:00,2,,ECR,Bihar
12306,New Delhi-Howrah Rajdhani Express,ASN,ASANSOL JN,10:07:00,10:07:00,2,,ER,West Bengal
12306,New Delhi-Howrah Rajdhani Express,BWN,BARDDHAMAN JN,11:25:00,11:25:00,2,,ER,West Bengal
12306,New Delhi-Howrah Rajdhani Express,HWH,HOWRAH JN,12:40:00,None,2,,ER,West Bengal
54616,Amritsar Batala Pathankot DMU,PTK,PATHANKOT,None,17:25:00,1,,NR,Punjab
54616,Amritsar Batala Pathankot DMU,ASR,AMRITSAR JN,20:20:00,None,1,,NR,Punjab
16687,Navyug Express,MAQ,MANGALORE CNTL,None,17:05:00,1,,SR,Karnataka
16687,Navyug Express,CBE,COIMBATORE JN,00:55:00,01:00:00,2,,SR,Tamil Nadu
16687,Navyug Express,BZA,VIJAYAWADA JN,16:00:00,16:20:00,2,,SCR,Andhra Pradesh
16687,Navyug Express,NGP,NAGPUR,02:45:00,02:55:00,3,,SECR,Maharashtra
16687,Navyug Express,ET,ITARSI JN,07:35:00,07:40:00,3,,WCR,Madhya Pradesh
16687,Navyug Express,BPL,BHOPAL JN,09:25:00,09:35:00,3,,WCR,Madhya Pradesh
16687,Navyug Express,JHS,JHANSI JN,13:55:00,14:00:00,3,,NCR,Uttar Pradesh
16687,Navyug Express,GWL,GWALIOR JN,15:30:00,15:35:00,3,,NCR,Madhya Pradesh
16687,Navyug Express,AGC,AGRA CANTT,17:25:00,17:30:00,3,,NCR,Uttar Pradesh
16687,Navyug Express,NZM,DELHI H NIZAMUDDIN,20:40:00,21:10:00,3,,NR,Delhi
16687,Navyug Express,NDLS,NEW DELHI,21:40:00,00:10:00,3,,NR,Delhi
16687,Navyug Express,LDH,LUDHIANA JN,06:55:00,07:05:00,4,,NR,Punjab
16687,Navyug Express,JAT,JAMMU TAWI,13:10:00,None,4,,NR,Jammu and Kashmir
16304,Vanchinad Express,TVC,TRIVANDRUM CENTRAL,None,17:40:00,1,,SR,Kerala
16304,Vanchinad Express,ERS,ERNAKULAM JN,22:20:00,None,1,,SR,Kerala
12426,Jammu Rajdhani Express,JAT,JAMMU TAWI,None,19:45:00,1,,NR,Jammu and Kashmir
12426,Jammu Rajdhani Express,LDH,LUDHIANA JN,00:10:00,00:20:00,2,,NR,Punjab
12426,Jammu Rajdhani Express,UMB,AMBALA CANT JN,02:03:00,02:03:00,2,,NR,Haryana
12426,Jammu Rajdhani Express,NDLS,NEW DELHI,05:00:00,None,2,,NR,Delhi
12701,Hussain Sagar Express,CSTM,MUMBAI CST,None,21:50:00,1,,CR,Maharashtra
12701,Hussain Sagar Express,DR,MUMBAI DADAR CENTRAL,21:59:00,21:59:00,1,,CR,Maharashtra
12701,Hussain Sagar Express,KYN,KALYAN JN,22:43:00,22:45:00,1,,CR,Maharashtra
12701,Hussain Sagar Express,PUNE,PUNE JN,01:20:00,01:25:00,2,,CR,Maharashtra
12701,Hussain Sagar Express,SUR,SOLAPUR JN,05:30:00,05:40:00,2,,CR,Maharashtra
12701,Hussain Sagar Express,HYB,HYDERABAD DECCAN,12:10:00,None,2,,SCR,Andhra Pradesh
12680,Coimbatore-Chennai Central InterCity SF Express,CBE,COIMBATORE JN,None,06:15:00,1,,SR,Tamil Nadu
12680,Coimbatore-Chennai Central InterCity SF Express,MAS,CHENNAI CENTRAL,13:50:00,None,1,,SR,Tamil Nadu
18646,East Coast Express,HYB,HYDERABAD DECCAN,None,10:00:00,1,,SCR,Andhra Pradesh
18646,East Coast Express,SC,SECUNDERABAD JN,10:20:00,10:25:00,1,,SCR,Telangana
18646,East Coast Express,BZA,VIJAYAWADA JN,16:30:00,16:50:00,1,,SCR,Andhra Pradesh
18646,East Coast Express,VSKP,VISHAKAPATNAM,23:45:00,23:55:00,1,,ECoR,Andhra Pradesh
18646,East Coast Express,BBS,BHUBANESWAR,07:20:00,07:25:00,2,,ECoR,Odisha
18646,East Coast Express,CTC,CUTTACK,08:06:00,08:11:00,2,,ECoR,Odisha
18646,East Coast Express,HWH,HOWRAH JN,16:10:00,None,2,,ER,West Bengal
12687,Chennai Dehradun Express,MAS,CHENNAI CENTRAL,None,09:45:00,1,,SR,Tamil Nadu
12687,Chennai Dehradun Express,BZA,VIJAYAWADA JN,16:40:00,17:00:00,1,,SCR,Andhra Pradesh
12687,Chennai Dehradun Express,NGP,NAGPUR,03:40:00,03:50:00,2,,SECR,Maharashtra
12687,Chennai Dehradun Express,ET,ITARSI JN,08:27:00,08:27:00,2,,WCR,Madhya Pradesh
12687,Chennai Dehradun Express,BPL,BHOPAL JN,09:50:00,10:00:00,2,,WCR,Madhya Pradesh
12687,Chennai Dehradun Express,JHS,JHANSI JN,13:55:00,14:05:00,2,,NCR,Uttar Pradesh
12687,Chennai Dehradun Express,GWL,GWALIOR JN,15:30:00,15:35:00,2,,NCR,Madhya Pradesh
12687,Chennai Dehradun Express,AGC,AGRA CANTT,17:25:00,17:30:00,2,,NCR,Uttar Pradesh
12687,Chennai Dehradun Express,NZM,DELHI H NIZAMUDDIN,20:40:00,21:10:00,2,,NR,Delhi
12687,Chennai Dehradun Express,GZB,GHAZIABAD,21:55:00,21:58:00,2,,NR,Uttar Pradesh
12760,Charminar Express,HYB,HYDERABAD DECCAN,None,18:30:00,1,,SCR,Andhra Pradesh
12760,Charminar Express,SC,SECUNDERABAD JN,18:50:00,18:55:00,1,,SCR,Telangana
12760,Charminar Express,BZA,VIJAYAWADA JN,01:00:00,01:10:00,2,,SCR,Andhra Pradesh
12760,Charminar Express,MAS,CHENNAI CENTRAL,08:15:00,None,2,,SR,Tamil Nadu
16591,Hampi Express,UBL,HUBLI JN,None,18:00:00,1,,SWR,Karnataka
16591,Hampi Express,GTL,GUNTAKAL JN,23:10:00,23:15:00,1,,SCR,Andhra Pradesh
16591,Hampi Express,SBC,BANGALORE CITY JN,06:10:00,None,2,,SWR,Karnataka
14723,Kalindi Express,CNB,KANPUR CENTRAL,None,17:05:00,1,,NCR,Uttar Pradesh
14723,Kalindi Express,TDL,TUNDLA JN,00:45:00,00:53:00,2,,NCR,Uttar Pradesh
14723,Kalindi Express,ALJN,ALIGARH JN,02:30:00,02:35:00,2,,NCR,Uttar Pradesh
14723,Kalindi Express,GZB,GHAZIABAD,04:47:00,05:00:00,2,,NR,Uttar Pradesh
14211,Agra-New Delhi Intercity Express,AGC,AGRA CANTT,None,06:00:00,1,,NCR,Uttar Pradesh
14211,Agra-New Delhi Intercity Express,NZM,DELHI H NIZAMUDDIN,09:48:00,09:49:00,1,,NR,Delhi
14211,Agra-New Delhi Intercity Express,NDLS,NEW DELHI,10:20:00,None,1,,NR,Delhi
18621,Patliputra Express,PNBE,PATNA JN,None,15:25:00,1,,ECR,Bihar
18621,Patliputra Express,DHN,DHANBAD JN,00:05:00,00:17:00,2,,ECR,Jharkhand
58202,Raipur Bilaspur MEMU Local,R,RAIPUR JN,None,19:15:00,1,,SECR,Chhattisgarh
58202,Raipur Bilaspur MEMU Local,BSP,BILASPUR JN,22:30:00,None,1,,SECR,Chhattisgarh
13009-Slip,Doon Express Slip,HWH,HOWRAH JN,None,20:35:00,1,,ER,West Bengal
13009-Slip,Doon Express Slip,BWN,BARDDHAMAN JN,22:33:00,22:38:00,1,,ER,West Bengal
13009-Slip,Doon Express Slip,ASN,ASANSOL JN,00:18:00,00:23:00,2,,ER,West Bengal
13009-Slip,Doon Express Slip,DHN,DHANBAD JN,01:25:00,01:30:00,2,,ECR,Jharkhand
13009-Slip,Doon Express Slip,GAYA,GAYA JN,04:55:00,05:00:00,2,,ECR,Bihar
13009-Slip,Doon Express Slip,MGS,MUGHAL SARAI JN,09:15:00,09:40:00,2,,ECR,Uttar Pradesh
13009-Slip,Doon Express Slip,LKO,LUCKNOW,18:15:00,18:30:00,2,,NER,Uttar Pradesh
13009-Slip,Doon Express Slip,BE,BAREILLY,22:38:00,22:43:00,2,,NER,Uttar Pradesh
13009-Slip,Doon Express Slip,MB,MORADABAD,00:15:00,00:25:00,3,,NR,Uttar Pradesh
14017,Sadbhavna Express,MFP,MUZAFFARPUR JN,None,04:15:00,1,,ECR,Bihar
14017,Sadbhavna Express,LKO,LUCKNOW,18:40:00,18:50:00,1,,NER,Uttar Pradesh
14017,Sadbhavna Express,BE,BAREILLY,23:00:00,23:00:00,1,,NER,Uttar Pradesh
14017,Sadbhavna Express,MB,MORADABAD,01:20:00,01:30:00,2,,NR,Uttar Pradesh
14017,Sadbhavna Express,GZB,GHAZIABAD,04:00:00,04:02:00,2,,NR,Uttar Pradesh
11019,Konark Express,CSTM,MUMBAI CST,None,15:10:00,1,,CR,Maharashtra
11019,Konark Express,DR,MUMBAI DADAR CENTRAL,15:23:00,15:25:00,1,,CR,Maharashtra
11019,Konark Express,KYN,KALYAN JN,16:05:00,16:10:00,1,,CR,Maharashtra
11019,Konark Express,PUNE,PUNE JN,19:00:00,19:05:00,1,,CR,Maharashtra
11019,Konark Express,SUR,SOLAPUR JN,00:20:00,00:30:00,2,,CR,Maharashtra
11019,Konark Express,SC,SECUNDERABAD JN,07:50:00,08:00:00,2,,SCR,Telangana
11019,Konark Express,BZA,VIJAYAWADA JN,14:00:00,14:20:00,2,,SCR,Andhra Pradesh
11019,Konark Express,VSKP,VISHAKAPATNAM,20:55:00,21:15:00,2,,ECoR,Andhra Pradesh
11019,Konark Express,BBS,BHUBANESWAR,04:25:00,None,3,,ECoR,Odisha
12282,New Delhi-Bhubaneswar Duronto Express,NDLS,NEW DELHI,None,13:00:00,1,,NR,Delhi
12282,New Delhi-Bhubaneswar Duronto Express,GZB,GHAZIABAD,13:20:00,13:20:00,1,,NR,Uttar Pradesh
12282,New Delhi-Bhubaneswar Duronto Express,ALJN,ALIGARH JN,14:42:00,14:42:00,1,,NCR,Uttar Pradesh
12282,New Delhi-Bhubaneswar Duronto Express,TDL,TUNDLA JN,15:43:00,15:43:00,1,,NCR,Uttar Pradesh
12282,New Delhi-Bhubaneswar Duronto Express,CNB,KANPUR CENTRAL,18:43:00,18:43:00,1,,NCR,Uttar Pradesh
12282,New Delhi-Bhubaneswar Duronto Express,ALD,ALLAHABAD JN,21:13:00,21:13:00,1,,NCR,Uttar Pradesh
12282,New Delhi-Bhubaneswar Duronto Express,MGS,MUGHAL SARAI JN,23:12:00,23:12:00,1,,ECR,Uttar Pradesh
12282,New Delhi-Bhubaneswar Duronto Express,GAYA,GAYA JN,01:51:00,01:51:00,2,,ECR,Bihar
12282,New Delhi-Bhubaneswar Duronto Express,CTC,CUTTACK,10:58:00,10:58:00,2,,ECoR,Odisha
12282,New Delhi-Bhubaneswar Duronto Express,BBS,BHUBANESWAR,11:05:00,None,2,,ECoR,Odisha
12240,Jaipur-Mumbai Central AC Duronto Express,JP,JAIPUR,None,19:15:00,1,,NWR,Rajasthan
12240,Jaipur-Mumbai Central AC Duronto Express,KOTA,KOTA JN,22:46:00,22:46:00,1,,WCR,Rajasthan
12240,Jaipur-Mumbai Central AC Duronto Express,RTM,RATLAM JN,02:41:00,02:41:00,2,,WR,Madhya Pradesh
12240,Jaipur-Mumbai Central AC Duronto Express,BRC,VADODARA JN,06:28:00,06:28:00,2,,WR,Gujarat
12240,Jaipur-Mumbai Central AC Duronto Express,ST,SURAT,08:23:00,08:23:00,2,,WR,Gujarat
12240,Jaipur-Mumbai Central AC Duronto Express,BCT,Mumbai Central,12:05:00,None,2,,WR,Maharashtra
17015,Visakha Express,BBS,BHUBANESWAR,None,08:35:00,1,,ECoR,Odisha
17015,Visakha Express,VSKP,VISHAKAPATNAM,16:10:00,16:30:00,1,,ECoR,Andhra Pradesh
17015,Visakha Express,BZA,VIJAYAWADA JN,00:35:00,00:45:00,2,,SCR,Andhra Pradesh
17015,Visakha Express,SC,SECUNDERABAD JN,07:30:00,None,2,,SCR,Telangana
12277,Howrah Puri Duronto Express,HWH,HOWRAH JN,None,14:25:00,1,,ER,West Bengal
12277,Howrah Puri Duronto Express,CTC,CUTTACK,20:23:00,20:23:00,1,,ECoR,Odisha
12277,Howrah Puri Duronto Express,BBS,BHUBANESWAR,20:48:00,20:48:00,1,,ECoR,Odisha
12277,Howrah Puri Duronto Express,PURI,PURI,21:40:00,None,1,,ECoR,Odisha
18181-Slip,Tata-Chapra Express Slip,TATA,TATANAGAR JN,None,21:35:00,1,,SER,Jharkhand
18181-Slip,Tata-Chapra Express Slip,ASN,ASANSOL JN,01:35:00,02:05:00,2,,ER,West Bengal
19709,JAIPUR - KAMAKHYA Kavi Guru Exp,JP,JAIPUR,None,23:35:00,1,,NWR,Rajasthan
19709,JAIPUR - KAMAKHYA Kavi Guru Exp,CNB,KANPUR CENTRAL,11:50:00,12:20:00,2,,NCR,Uttar Pradesh
19709,JAIPUR - KAMAKHYA Kavi Guru Exp,LKO,LUCKNOW,13:45:00,14:00:00,2,,NER,Uttar Pradesh
19709,JAIPUR - KAMAKHYA Kavi Guru Exp,MFP,MUZAFFARPUR JN,03:35:00,03:45:00,3,,ECR,Bihar
19709,JAIPUR - KAMAKHYA Kavi Guru Exp,NJP,NEW JALPAIGURI,13:50:00,14:05:00,3,,NFR,West Bengal
12898,Bhubaneswar-Puducherry Superfast Express,BBS,BHUBANESWAR,None,12:00:00,1,,ECoR,Odisha
12898,Bhubaneswar-Puducherry Superfast Express,VSKP,VISHAKAPATNAM,19:10:00,19:30:00,1,,ECoR,Andhra Pradesh
12898,Bhubaneswar-Puducherry Superfast Express,BZA,VIJAYAWADA JN,01:25:00,01:35:00,2,,SCR,Andhra Pradesh
12898,Bhubaneswar-Puducherry Superfast Express,MS,CHENNAI EGMORE,09:00:00,09:20:00,2,,SR,Tamil Nadu
16347,Trivandrum Mangalore Express,TVC,TRIVANDRUM CENTRAL,None,20:40:00,1,,SR,Kerala
16347,Trivandrum Mangalore Express,ERS,ERNAKULAM JN,01:12:00,01:12:00,2,,SR,Kerala
16347,Trivandrum Mangalore Express,MAQ,MANGALORE CNTL,11:10:00,None,2,,SR,Karnataka
12974,Jaipur Indore SF Express,JP,JAIPUR,None,21:10:00,1,,NWR,Rajasthan
12974,Jaipur Indore SF Express,KOTA,KOTA JN,00:25:00,00:35:00,2,,WCR,Rajasthan
12271,Lucknow-New Delhi AC Duronto Express,LKO,LUCKNOW,None,23:30:00,1,,NER,Uttar Pradesh
12271,Lucknow-New Delhi AC Duronto Express,BE,BAREILLY,03:21:00,03:21:00,2,,NER,Uttar Pradesh
12271,Lucknow-New Delhi AC Duronto Express,MB,MORADABAD,04:50:00,04:50:00,2,,NR,Uttar Pradesh
12271,Lucknow-New Delhi AC Duronto Express,GZB,GHAZIABAD,07:09:00,07:09:00,2,,NR,Uttar Pradesh
12271,Lucknow-New Delhi AC Duronto Express,NDLS,NEW DELHI,07:30:00,None,2,,NR,Delhi
12915,Ashram SF Express,ADI,AHMEDABAD JN,None,18:30:00,1,,WR,Gujarat
12915,Ashram SF Express,JP,JAIPUR,04:30:00,04:40:00,2,,NWR,Rajasthan
13348-Slip,Palamau Express Slip Slip,PNBE,PATNA JN,None,21:15:00,1,,ECR,Bihar
13348-Slip,Palamau Express Slip Slip,GAYA,GAYA JN,23:33:00,23:43:00,1,,ECR,Bihar
12025,Pune-Secunderabad Shatabdi Express,PUNE,PUNE JN,None,05:50:00,1,,CR,Maharashtra
12025,Pune-Secunderabad Shatabdi Express,SUR,SOLAPUR JN,09:12:00,09:15:00,1,,CR,Maharashtra
12025,Pune-Secunderabad Shatabdi Express,SC,SECUNDERABAD JN,14:10:00,None,1,,SCR,Telangana
12197,Bhopal Gwalior InterCity Express,BPL,BHOPAL JN,None,15:30:00,1,,WCR,Madhya Pradesh
12197,Bhopal Gwalior InterCity Express,GWL,GWALIOR JN,23:55:00,None,1,,NCR,Madhya Pradesh
09001,Mumbai Central - Ahmedabad SF Special,BCT,Mumbai Central,None,22:50:00,1,,WR,Maharashtra
09001,Mumbai Central - Ahmedabad SF Special,ST,SURAT,03:27:00,03:30:00,2,,WR,Gujarat
09001,Mumbai Central - Ahmedabad SF Special,BRC,VADODARA JN,05:20:00,05:22:00,2,,WR,Gujarat
09001,Mumbai Central - Ahmedabad SF Special,ADI,AHMEDABAD JN,06:55:00,None,2,,WR,Gujarat
19215,Saurashtra Express,BCT,Mumbai Central,None,08:20:00,1,,WR,Maharashtra
19215,Saurashtra Express,ST,SURAT,14:15:00,14:20:00,1,,WR,Gujarat
19215,Saurashtra Express,BRC,VADODARA JN,16:50:00,16:55:00,1,,WR,Gujarat
19215,Saurashtra Express,ADI,AHMEDABAD JN,19:40:00,20:05:00,1,,WR,Gujarat
12470,Jammu Kanpur Express,JAT,JAMMU TAWI,None,20:15:00,1,,NR,Jammu and Kashmir
12470,Jammu Kanpur Express,LDH,LUDHIANA JN,00:25:00,00:35:00,2,,NR,Punjab
12470,Jammu Kanpur Express,UMB,AMBALA CANT JN,02:20:00,02:30:00,2,,NR,Haryana
12470,Jammu Kanpur Express,MB,MORADABAD,06:45:00,06:55:00,2,,NR,Uttar Pradesh
12470,Jammu Kanpur Express,BE,BAREILLY,08:15:00,08:20:00,2,,NER,Uttar Pradesh
12470,Jammu Kanpur Express,CNB,KANPUR CENTRAL,14:50:00,None,2,,NCR,Uttar Pradesh
18401,Puri - Okha (Weekly) Express,PURI,PURI,None,08:45:00,1,,ECoR,Odisha
18401,Puri - Okha (Weekly) Express,VSKP,VISHAKAPATNAM,17:15:00,17:35:00,1,,ECoR,Andhra Pradesh
18401,Puri - Okha (Weekly) Express,BZA,VIJAYAWADA JN,00:01:00,00:15:00,2,,SCR,Andhra Pradesh
18401,Puri - Okha (Weekly) Express,ST,SURAT,23:45:00,23:55:00,2,,WR,Gujarat
18401,Puri - Okha (Weekly) Express,BRC,VADODARA JN,01:45:00,01:50:00,3,,WR,Gujarat
18401,Puri - Okha (Weekly) Express,ADI,AHMEDABAD JN,03:40:00,04:00:00,3,,WR,Gujarat
12008,MYSORE - CHENNAI CENT Shatabdi Express,MYS,MYSORE JN,None,14:15:00,1,,SWR,Karnataka
12008,MYSORE - CHENNAI CENT Shatabdi Express,SBC,BANGALORE CITY JN,16:15:00,16:25:00,1,,SWR,Karnataka
12008,MYSORE - CHENNAI CENT Shatabdi Express,MAS,CHENNAI CENTRAL,21:25:00,None,1,,SR,Tamil Nadu
18183,Tata-Danapur Express,TATA,TATANAGAR JN,None,07:55:00,1,,SER,Jharkhand
18183,Tata-Danapur Express,ASN,ASANSOL JN,11:55:00,12:15:00,1,,ER,West Bengal
18183,Tata-Danapur Express,PNBE,PATNA JN,18:55:00,19:05:00,1,,ECR,Bihar
12157,Hutatma Express,PUNE,PUNE JN,None,18:00:00,1,,CR,Maharashtra
12157,Hutatma Express,SUR,SOLAPUR JN,22:00:00,None,1,,CR,Maharashtra
12942,Asansol Ahmedabad (Weekly) SF Express,ASN,ASANSOL JN,None,19:50:00,1,,ER,West Bengal
12942,Asansol Ahmedabad (Weekly) SF Express,DHN,DHANBAD JN,20:43:00,20:53:00,1,,ECR,Jharkhand
12942,Asansol Ahmedabad (Weekly) SF Express,GAYA,GAYA JN,23:48:00,23:55:00,1,,ECR,Bihar
12942,Asansol Ahmedabad (Weekly) SF Express,MGS,MUGHAL SARAI JN,03:05:00,03:25:00,2,,ECR,Uttar Pradesh
12942,Asansol Ahmedabad (Weekly) SF Express,ALD,ALLAHABAD JN,05:30:00,05:35:00,2,,NCR,Uttar Pradesh
12942,Asansol Ahmedabad (Weekly) SF Express,CNB,KANPUR CENTRAL,08:00:00,08:15:00,2,,NCR,Uttar Pradesh
12942,Asansol Ahmedabad (Weekly) SF Express,TDL,TUNDLA JN,11:25:00,11:30:00,2,,NCR,Uttar Pradesh
12942,Asansol Ahmedabad (Weekly) SF Express,KOTA,KOTA JN,17:45:00,17:55:00,2,,WCR,Rajasthan
12942,Asansol Ahmedabad (Weekly) SF Express,RTM,RATLAM JN,22:30:00,22:40:00,2,,WR,Madhya Pradesh
12942,Asansol Ahmedabad (Weekly) SF Express,BRC,VADODARA JN,02:20:00,02:50:00,3,,WR,Gujarat
12942,Asansol Ahmedabad (Weekly) SF Express,ADI,AHMEDABAD JN,05:50:00,None,3,,WR,Gujarat
12626,Kerala Express,NDLS,NEW DELHI,None,11:30:00,1,,NR,Delhi
12626,Kerala Express,NZM,DELHI H NIZAMUDDIN,11:36:00,11:36:00,1,,NR,Delhi
12626,Kerala Express,AGC,AGRA CANTT,14:25:00,14:30:00,1,,NCR,Uttar Pradesh
12626,Kerala Express,GWL,GWALIOR JN,15:57:00,16:02:00,1,,NCR,Madhya Pradesh
12626,Kerala Express,JHS,JHANSI JN,17:22:00,17:34:00,1,,NCR,Uttar Pradesh
12626,Kerala Express,BPL,BHOPAL JN,21:35:00,21:40:00,1,,WCR,Madhya Pradesh
12626,Kerala Express,ET,ITARSI JN,23:25:00,23:35:00,1,,WCR,Madhya Pradesh
12626,Kerala Express,NGP,NAGPUR,03:50:00,04:00:00,2,,SECR,Maharashtra
12626,Kerala Express,BZA,VIJAYAWADA JN,14:45:00,15:00:00,2,,SCR,Andhra Pradesh
12626,Kerala Express,CBE,COIMBATORE JN,05:10:00,05:15:00,3,,SR,Tamil Nadu
12626,Kerala Express,ERS,ERNAKULAM JN,09:30:00,09:40:00,3,,SR,Kerala
12626,Kerala Express,TVC,TRIVANDRUM CENTRAL,14:35:00,None,3,,SR,Kerala
14218,Chandigarh Allahabad Unchahar Express,CDG,CHANDIGARH,None,16:25:00,1,,NR,Chandigarh
14218,Chandigarh Allahabad Unchahar Express,UMB,AMBALA CANT JN,17:10:00,17:25:00,1,,NR,Haryana
14218,Chandigarh Allahabad Unchahar Express,GZB,GHAZIABAD,22:13:00,22:15:00,1,,NR,Uttar Pradesh
14218,Chandigarh Allahabad Unchahar Express,ALJN,ALIGARH JN,23:40:00,23:45:00,1,,NCR,Uttar Pradesh
14218,Chandigarh Allahabad Unchahar Express,TDL,TUNDLA JN,00:55:00,01:03:00,2,,NCR,Uttar Pradesh
14218,Chandigarh Allahabad Unchahar Express,CNB,KANPUR CENTRAL,05:05:00,05:30:00,2,,NCR,Uttar Pradesh
14218,Chandigarh Allahabad Unchahar Express,ALD,ALLAHABAD JN,11:20:00,None,2,,NCR,Uttar Pradesh
06502,Ahmedabad -Yesvantpur Garib Rath Special,ADI,AHMEDABAD JN,None,20:15:00,1,,WR,Gujarat
06502,Ahmedabad -Yesvantpur Garib Rath Special,BRC,VADODARA JN,22:05:00,22:10:00,1,,WR,Gujarat
06502,Ahmedabad -Yesvantpur Garib Rath Special,ST,SURAT,00:45:00,00:50:00,2,,WR,Gujarat
06502,Ahmedabad -Yesvantpur Garib Rath Special,KYN,KALYAN JN,04:45:00,04:50:00,2,,CR,Maharashtra
06502,Ahmedabad -Yesvantpur Garib Rath Special,PUNE,PUNE JN,07:20:00,07:30:00,2,,CR,Maharashtra
06502,Ahmedabad -Yesvantpur Garib Rath Special,SUR,SOLAPUR JN,12:05:00,12:15:00,2,,CR,Maharashtra
06502,Ahmedabad -Yesvantpur Garib Rath Special,UBL,HUBLI JN,23:40:00,23:55:00,2,,SWR,Karnataka
12111,Mumbai CST-Amaravati SF Express,CSTM,MUMBAI CST,None,20:05:00,1,,CR,Maharashtra
12111,Mumbai CST-Amaravati SF Express,DR,MUMBAI DADAR CENTRAL,20:13:00,20:15:00,1,,CR,Maharashtra
12111,Mumbai CST-Amaravati SF Express,KYN,KALYAN JN,21:00:00,21:03:00,1,,CR,Maharashtra
12111,Mumbai CST-Amaravati SF Express,AMI,Amravati,08:15:00,None,2,,CR,Maharashtra
09734,Kota Hanumangarh Special,KOTA,KOTA JN,None,16:40:00,1,,WCR,Rajasthan
09734,Kota Hanumangarh Special,JP,JAIPUR,21:05:00,21:15:00,1,,NWR,Rajasthan
09734,Kota Hanumangarh Special,BKN,BIKANER JN,04:30:00,04:40:00,2,,NWR,Rajasthan
12268,Ahmedabad-Mumbai Central AC Duronto Express,ADI,AHMEDABAD JN,None,23:45:00,1,,WR,Gujarat
12268,Ahmedabad-Mumbai Central AC Duronto Express,BRC,VADODARA JN,01:05:00,01:05:00,2,,WR,Gujarat
12268,Ahmedabad-Mumbai Central AC Duronto Express,ST,SURAT,02:49:00,02:49:00,2,,WR,Gujarat
12268,Ahmedabad-Mumbai Central AC Duronto Express,BCT,Mumbai Central,06:15:00,None,2,,WR,Maharashtra
12351,Howrah- Danapur Express,HWH,HOWRAH JN,None,20:35:00,1,,ER,West Bengal
12351,Howrah- Danapur Express,BWN,BARDDHAMAN JN,21:45:00,21:50:00,1,,ER,West Bengal
12351,Howrah- Danapur Express,ASN,ASANSOL JN,23:23:00,23:33:00,1,,ER,West Bengal
12351,Howrah- Danapur Express,PNBE,PATNA JN,06:05:00,06:20:00,2,,ECR,Bihar
12882,Puri Howrah Garib Rath,PURI,PURI,None,22:15:00,1,,ECoR,Odisha
12882,Puri Howrah Garib Rath,BBS,BHUBANESWAR,23:45:00,23:50:00,1,,ECoR,Odisha
12882,Puri Howrah Garib Rath,CTC,CUTTACK,00:20:00,00:25:00,2,,ECoR,Odisha
12882,Puri Howrah Garib Rath,HWH,HOWRAH JN,07:05:00,None,2,,ER,West Bengal
12687-Slip,Chennai Chandigarh Express Slip,MAS,CHENNAI CENTRAL,None,09:45:00,1,,SR,Tamil Nadu
12687-Slip,Chennai Chandigarh Express Slip,BZA,VIJAYAWADA JN,16:40:00,17:00:00,1,,SCR,Andhra Pradesh
12687-Slip,Chennai Chandigarh Express Slip,NGP,NAGPUR,03:40:00,03:50:00,2,,SECR,Maharashtra
12687-Slip,Chennai Chandigarh Express Slip,ET,ITARSI JN,08:25:00,08:25:00,2,,WCR,Madhya Pradesh
12687-Slip,Chennai Chandigarh Express Slip,BPL,BHOPAL JN,09:50:00,10:00:00,2,,WCR,Madhya Pradesh
12687-Slip,Chennai Chandigarh Express Slip,JHS,JHANSI JN,13:55:00,14:05:00,2,,NCR,Uttar Pradesh
12687-Slip,Chennai Chandigarh Express Slip,GWL,GWALIOR JN,15:30:00,15:35:00,2,,NCR,Madhya Pradesh
12687-Slip,Chennai Chandigarh Express Slip,AGC,AGRA CANTT,17:25:00,17:30:00,2,,NCR,Uttar Pradesh
12687-Slip,Chennai Chandigarh Express Slip,NZM,DELHI H NIZAMUDDIN,20:40:00,21:10:00,2,,NR,Delhi
12687-Slip,Chennai Chandigarh Express Slip,GZB,GHAZIABAD,21:55:00,21:58:00,2,,NR,Uttar Pradesh
12109,Panchavati Express,CSTM,MUMBAI CST,None,18:15:00,1,,CR,Maharashtra
12109,Panchavati Express,DR,MUMBAI DADAR CENTRAL,18:27:00,18:29:00,1,,CR,Maharashtra
12109,Panchavati Express,KYN,KALYAN JN,19:12:00,19:15:00,1,,CR,Maharashtra
54646,Ludhiana Firozpur Passenger,FZR,FIROZPUR CANT,None,05:15:00,1,,NR,Punjab
54646,Ludhiana Firozpur Passenger,LDH,LUDHIANA JN,08:45:00,None,1,,NR,Punjab
12243,Chennai Central-Coimbatore AC Duronto Express,MAS,CHENNAI CENTRAL,None,06:50:00,1,,SR,Tamil Nadu
12243,Chennai Central-Coimbatore AC Duronto Express,CBE,COIMBATORE JN,13:30:00,None,1,,SR,Tamil Nadu
18463,Prasanti Express,BBS,BHUBANESWAR,None,05:45:00,1,,ECoR,Odisha
18463,Prasanti Express,VSKP,VISHAKAPATNAM,12:45:00,13:05:00,1,,ECoR,Andhra Pradesh
18463,Prasanti Express,BZA,VIJAYAWADA JN,19:10:00,19:25:00,1,,SCR,Andhra Pradesh
18463,Prasanti Express,GTL,GUNTAKAL JN,04:30:00,04:45:00,2,,SCR,Andhra Pradesh
18463,Prasanti Express,SBC,BANGALORE CITY JN,12:05:00,None,2,,SWR,Karnataka
12813,Steel Express,HWH,HOWRAH JN,None,17:30:00,1,,ER,West Bengal
12813,Steel Express,TATA,TATANAGAR JN,21:25:00,None,1,,SER,Jharkhand
12644,Swarna Jayanti Express,NZM,DELHI H NIZAMUDDIN,None,06:00:00,1,,NR,Delhi
12644,Swarna Jayanti Express,AGC,AGRA CANTT,09:10:00,09:15:00,1,,NCR,Uttar Pradesh
12644,Swarna Jayanti Express,GWL,GWALIOR JN,11:07:00,11:12:00,1,,NCR,Madhya Pradesh
12644,Swarna Jayanti Express,JHS,JHANSI JN,12:45:00,12:55:00,1,,NCR,Uttar Pradesh
12644,Swarna Jayanti Express,BPL,BHOPAL JN,17:10:00,17:15:00,1,,WCR,Madhya Pradesh
12644,Swarna Jayanti Express,ET,ITARSI JN,19:00:00,19:10:00,1,,WCR,Madhya Pradesh
12644,Swarna Jayanti Express,NGP,NAGPUR,23:15:00,23:25:00,1,,SECR,Maharashtra
12644,Swarna Jayanti Express,BZA,VIJAYAWADA JN,11:00:00,11:15:00,2,,SCR,Andhra Pradesh
12644,Swarna Jayanti Express,CBE,COIMBATORE JN,01:15:00,01:20:00,3,,SR,Tamil Nadu
12644,Swarna Jayanti Express,ERS,ERNAKULAM JN,05:50:00,06:00:00,3,,SR,Kerala
12644,Swarna Jayanti Express,TVC,TRIVANDRUM CENTRAL,11:10:00,None,3,,SR,Kerala
12241,Chandigarh-Amritsar Duronto Express,CDG,CHANDIGARH,None,19:00:00,1,,NR,Chandigarh
12241,Chandigarh-Amritsar Duronto Express,LDH,LUDHIANA JN,21:00:00,21:00:00,1,,NR,Punjab
12241,Chandigarh-Amritsar Duronto Express,ASR,AMRITSAR JN,23:15:00,None,1,,NR,Punjab
14674,Shaheed Express,ASR,AMRITSAR JN,None,11:55:00,1,,NR,Punjab
14674,Shaheed Express,LDH,LUDHIANA JN,14:25:00,14:35:00,1,,NR,Punjab
14674,Shaheed Express,UMB,AMBALA CANT JN,17:00:00,17:10:00,1,,NR,Haryana
14674,Shaheed Express,GZB,GHAZIABAD,22:05:00,22:07:00,1,,NR,Uttar Pradesh
14674,Shaheed Express,MB,MORADABAD,00:35:00,00:50:00,2,,NR,Uttar Pradesh
14674,Shaheed Express,BE,BAREILLY,02:15:00,02:20:00,2,,NER,Uttar Pradesh
14674,Shaheed Express,LKO,LUCKNOW,06:10:00,06:40:00,2,,NER,Uttar Pradesh
14674,Shaheed Express,MFP,MUZAFFARPUR JN,19:25:00,19:35:00,2,,ECR,Bihar
11272,BHOPAL - ITARSI Vindhyachal Exp,BPL,BHOPAL JN,None,18:00:00,1,,WCR,Madhya Pradesh
11272,BHOPAL - ITARSI Vindhyachal Exp,JBP,JABALPUR,06:45:00,07:00:00,2,,WCR,Madhya Pradesh
11272,BHOPAL - ITARSI Vindhyachal Exp,ET,ITARSI JN,12:20:00,None,2,,WCR,Madhya Pradesh
12311,Kalka Mail,HWH,HOWRAH JN,None,19:40:00,1,,ER,West Bengal
12311,Kalka Mail,BWN,BARDDHAMAN JN,20:49:00,20:54:00,1,,ER,West Bengal
12311,Kalka Mail,ASN,ASANSOL JN,22:22:00,22:27:00,1,,ER,West Bengal
12311,Kalka Mail,DHN,DHANBAD JN,23:30:00,23:40:00,1,,ECR,Jharkhand
12311,Kalka Mail,GAYA,GAYA JN,02:55:00,03:00:00,2,,ECR,Bihar
12311,Kalka Mail,MGS,MUGHAL SARAI JN,06:20:00,07:00:00,2,,ECR,Uttar Pradesh
12311,Kalka Mail,ALD,ALLAHABAD JN,09:20:00,09:30:00,2,,NCR,Uttar Pradesh
12311,Kalka Mail,CNB,KANPUR CENTRAL,12:30:00,12:40:00,2,,NCR,Uttar Pradesh
12311,Kalka Mail,TDL,TUNDLA JN,16:10:00,16:18:00,2,,NCR,Uttar Pradesh
12311,Kalka Mail,ALJN,ALIGARH JN,17:30:00,17:35:00,2,,NCR,Uttar Pradesh
12311,Kalka Mail,GZB,GHAZIABAD,20:00:00,20:02:00,2,,NR,Uttar Pradesh
12311,Kalka Mail,UMB,AMBALA CANT JN,02:15:00,02:25:00,3,,NR,Haryana
12311,Kalka Mail,CDG,CHANDIGARH,03:05:00,03:50:00,3,,NR,Chandigarh
54612,Amritsar Batala Pathankot,PTK,PATHANKOT,None,05:20:00,1,,NR,Punjab
54612,Amritsar Batala Pathankot,ASR,AMRITSAR JN,08:10:00,None,1,,NR,Punjab
12242,Amritsar-Chandigarh Duronto Express,ASR,AMRITSAR JN,None,05:25:00,1,,NR,Punjab
12242,Amritsar-Chandigarh Duronto Express,LDH,LUDHIANA JN,07:42:00,07:42:00,1,,NR,Punjab
12242,Amritsar-Chandigarh Duronto Express,CDG,CHANDIGARH,09:30:00,None,1,,NR,Chandigarh
17416,Haripriya Express,KOP,C SHAHU M RAJ KOLHAPUR TERM,None,11:35:00,1,,CR,Maharashtra
17416,Haripriya Express,UBL,HUBLI JN,19:10:00,19:20:00,1,,SWR,Karnataka
17416,Haripriya Express,GTL,GUNTAKAL JN,01:10:00,01:20:00,2,,SCR,Andhra Pradesh
12494,Hazrat Nizamuddin-Bangalore Rajdhani Express,NZM,DELHI H NIZAMUDDIN,None,20:50:00,1,,NR,Delhi
12494,Hazrat Nizamuddin-Bangalore Rajdhani Express,AGC,AGRA CANTT,22:55:00,22:55:00,1,,NCR,Uttar Pradesh
12494,Hazrat Nizamuddin-Bangalore Rajdhani Express,GWL,GWALIOR JN,00:13:00,00:13:00,2,,NCR,Madhya Pradesh
12494,Hazrat Nizamuddin-Bangalore Rajdhani Express,JHS,JHANSI JN,01:15:00,01:20:00,2,,NCR,Uttar Pradesh
12494,Hazrat Nizamuddin-Bangalore Rajdhani Express,BPL,BHOPAL JN,04:40:00,04:50:00,2,,WCR,Madhya Pradesh
12494,Hazrat Nizamuddin-Bangalore Rajdhani Express,ET,ITARSI JN,06:07:00,06:07:00,2,,WCR,Madhya Pradesh
12494,Hazrat Nizamuddin-Bangalore Rajdhani Express,NGP,NAGPUR,10:15:00,10:25:00,2,,SECR,Maharashtra
12494,Hazrat Nizamuddin-Bangalore Rajdhani Express,SC,SECUNDERABAD JN,18:35:00,18:50:00,2,,SCR,Telangana
12494,Hazrat Nizamuddin-Bangalore Rajdhani Express,SBC,BANGALORE CITY JN,06:40:00,None,3,,SWR,Karnataka
53653,Patna Gaya Passenger,PNBE,PATNA JN,None,19:30:00,1,,ECR,Bihar
53653,Patna Gaya Passenger,GAYA,GAYA JN,22:45:00,None,1,,ECR,Bihar
12301,Howrah-New Delhi Rajdhani Express,HWH,HOWRAH JN,None,16:55:00,1,,ER,West Bengal
12301,Howrah-New Delhi Rajdhani Express,BWN,BARDDHAMAN JN,18:03:00,18:03:00,1,,ER,West Bengal
12301,Howrah-New Delhi Rajdhani Express,ASN,ASANSOL JN,19:20:00,19:20:00,1,,ER,West Bengal
12301,Howrah-New Delhi Rajdhani Express,DHN,DHANBAD JN,20:00:00,20:05:00,1,,ECR,Jharkhand
12301,Howrah-New Delhi Rajdhani Express,GAYA,GAYA JN,22:36:00,22:39:00,1,,ECR,Bihar
12301,Howrah-New Delhi Rajdhani Express,MGS,MUGHAL SARAI JN,00:50:00,01:00:00,2,,ECR,Uttar Pradesh
12301,Howrah-New Delhi Rajdhani Express,ALD,ALLAHABAD JN,02:42:00,02:45:00,2,,NCR,Uttar Pradesh
12301,Howrah-New Delhi Rajdhani Express,CNB,KANPUR CENTRAL,04:45:00,04:53:00,2,,NCR,Uttar Pradesh
12301,Howrah-New Delhi Rajdhani Express,TDL,TUNDLA JN,07:34:00,07:34:00,2,,NCR,Uttar Pradesh
12301,Howrah-New Delhi Rajdhani Express,ALJN,ALIGARH JN,08:28:00,08:28:00,2,,NCR,Uttar Pradesh
12301,Howrah-New Delhi Rajdhani Express,GZB,GHAZIABAD,09:42:00,09:42:00,2,,NR,Uttar Pradesh
12301,Howrah-New Delhi Rajdhani Express,NDLS,NEW DELHI,09:55:00,None,2,,NR,Delhi
15934,Amritsar-DibrugarhTown Weekly Express,ASR,AMRITSAR JN,None,15:50:00,1,,NR,Punjab
15934,Amritsar-DibrugarhTown Weekly Express,LDH,LUDHIANA JN,18:00:00,18:10:00,1,,NR,Punjab
15934,Amritsar-DibrugarhTown Weekly Express,UMB,AMBALA CANT JN,20:30:00,20:40:00,1,,NR,Haryana
15934,Amritsar-DibrugarhTown Weekly Express,MB,MORADABAD,01:10:00,01:25:00,2,,NR,Uttar Pradesh
15934,Amritsar-DibrugarhTown Weekly Express,BE,BAREILLY,02:50:00,02:55:00,2,,NER,Uttar Pradesh
15934,Amritsar-DibrugarhTown Weekly Express,LKO,LUCKNOW,08:00:00,08:15:00,2,,NER,Uttar Pradesh
15934,Amritsar-DibrugarhTown Weekly Express,NJP,NEW JALPAIGURI,07:45:00,08:00:00,3,,NFR,West Bengal
15934,Amritsar-DibrugarhTown Weekly Express,GHY,GUWAHATI,15:50:00,16:05:00,3,,NFR,Assam
15934,Amritsar-DibrugarhTown Weekly Express,DBRG,DIBRUGARH,04:20:00,04:20:00,4,,NFR,Assam
12119,Amaravati Nagpur Express,AMI,Amravati,None,05:15:00,1,,CR,Maharashtra
12119,Amaravati Nagpur Express,NGP,NAGPUR,08:35:00,None,1,,SECR,Maharashtra
12658,BANGALORE - CHENNAI Mail,SBC,BANGALORE CITY JN,None,22:45:00,1,,SWR,Karnataka
12658,BANGALORE - CHENNAI Mail,MAS,CHENNAI CENTRAL,04:40:00,None,2,,SR,Tamil Nadu
13318,Black Diamond Express,DHN,DHANBAD JN,None,16:25:00,1,,ECR,Jharkhand
13318,Black Diamond Express,ASN,ASANSOL JN,17:34:00,17:37:00,1,,ER,West Bengal
13318,Black Diamond Express,BWN,BARDDHAMAN JN,19:21:00,19:23:00,1,,ER,West Bengal
13318,Black Diamond Express,HWH,HOWRAH JN,21:25:00,None,1,,ER,West Bengal
12984,Chandigarh-Ajmer GaribRath,CDG,CHANDIGARH,None,21:05:00,1,,NR,Chandigarh
12984,Chandigarh-Ajmer GaribRath,UMB,AMBALA CANT JN,21:45:00,21:55:00,1,,NR,Haryana
12984,Chandigarh-Ajmer GaribRath,JP,JAIPUR,07:30:00,07:45:00,2,,NWR,Rajasthan
08566,Secunderabad Vishakaptnam Special,SC,SECUNDERABAD JN,None,21:30:00,1,,SCR,Telangana
08566,Secunderabad Vishakaptnam Special,BZA,VIJAYAWADA JN,03:35:00,03:55:00,2,,SCR,Andhra Pradesh
08566,Secunderabad Vishakaptnam Special,VSKP,VISHAKAPATNAM,10:15:00,None,2,,ECoR,Andhra Pradesh
13039,Howrah-Rajgir Express Slip,HWH,HOWRAH JN,None,20:20:00,1,,ER,West Bengal
13039,Howrah-Rajgir Express Slip,BWN,BARDDHAMAN JN,22:16:00,22:21:00,1,,ER,West Bengal
13039,Howrah-Rajgir Express Slip,ASN,ASANSOL JN,00:03:00,00:10:00,2,,ER,West Bengal
13306,Gaya-Dhanbad InterCity,GAYA,GAYA JN,None,17:45:00,1,,ECR,Bihar
13306,Gaya-Dhanbad InterCity,DHN,DHANBAD JN,21:20:00,None,1,,ECR,Jharkhand
12105,Vidarbha Express,CSTM,MUMBAI CST,None,19:10:00,1,,CR,Maharashtra
12105,Vidarbha Express,DR,MUMBAI DADAR CENTRAL,19:23:00,19:25:00,1,,CR,Maharashtra
12105,Vidarbha Express,KYN,KALYAN JN,20:05:00,20:10:00,1,,CR,Maharashtra
12105,Vidarbha Express,NGP,NAGPUR,08:55:00,09:20:00,2,,SECR,Maharashtra
12474,Sarvodaya SF Express,JAT,JAMMU TAWI,None,11:15:00,1,,NR,Jammu and Kashmir
12474,Sarvodaya SF Express,LDH,LUDHIANA JN,15:45:00,16:10:00,1,,NR,Punjab
12474,Sarvodaya SF Express,UMB,AMBALA CANT JN,17:50:00,18:00:00,1,,NR,Haryana
12474,Sarvodaya SF Express,NDLS,NEW DELHI,21:30:00,21:50:00,1,,NR,Delhi
12474,Sarvodaya SF Express,NZM,DELHI H NIZAMUDDIN,21:57:00,21:57:00,1,,NR,Delhi
12474,Sarvodaya SF Express,KOTA,KOTA JN,03:50:00,04:00:00,2,,WCR,Rajasthan
12474,Sarvodaya SF Express,RTM,RATLAM JN,08:00:00,08:20:00,2,,WR,Madhya Pradesh
12474,Sarvodaya SF Express,BRC,VADODARA JN,12:05:00,12:23:00,2,,WR,Gujarat
12474,Sarvodaya SF Express,ADI,AHMEDABAD JN,14:10:00,None,2,,WR,Gujarat
12527,Mumbai CST-Latur Superfast Express.,CSTM,MUMBAI CST,None,21:00:00,1,,CR,Maharashtra
12527,Mumbai CST-Latur Superfast Express.,DR,MUMBAI DADAR CENTRAL,21:13:00,21:15:00,1,,CR,Maharashtra
12527,Mumbai CST-Latur Superfast Express.,KYN,KALYAN JN,21:51:00,21:53:00,1,,CR,Maharashtra
12527,Mumbai CST-Latur Superfast Express.,PUNE,PUNE JN,00:30:00,00:35:00,2,,CR,Maharashtra
15636,GUWAHATI - OKHA DWARKA EXP,GHY,GUWAHATI,None,10:45:00,1,,NFR,Assam
15636,GUWAHATI - OKHA DWARKA EXP,NJP,NEW JALPAIGURI,18:10:00,18:25:00,1,,NFR,West Bengal
15636,GUWAHATI - OKHA DWARKA EXP,PNBE,PATNA JN,04:50:00,05:05:00,2,,ECR,Bihar
15636,GUWAHATI - OKHA DWARKA EXP,MGS,MUGHAL SARAI JN,08:55:00,09:15:00,2,,ECR,Uttar Pradesh
15636,GUWAHATI - OKHA DWARKA EXP,LKO,LUCKNOW,17:10:00,17:35:00,2,,NER,Uttar Pradesh
15636,GUWAHATI - OKHA DWARKA EXP,CNB,KANPUR CENTRAL,19:20:00,19:30:00,2,,NCR,Uttar Pradesh
15636,GUWAHATI - OKHA DWARKA EXP,TDL,TUNDLA JN,23:35:00,23:45:00,2,,NCR,Uttar Pradesh
15636,GUWAHATI - OKHA DWARKA EXP,KOTA,KOTA JN,06:10:00,06:20:00,3,,WCR,Rajasthan
15636,GUWAHATI - OKHA DWARKA EXP,RTM,RATLAM JN,10:20:00,10:40:00,3,,WR,Madhya Pradesh
15636,GUWAHATI - OKHA DWARKA EXP,BRC,VADODARA JN,15:10:00,15:40:00,3,,WR,Gujarat
15636,GUWAHATI - OKHA DWARKA EXP,ADI,AHMEDABAD JN,17:55:00,18:15:00,3,,WR,Gujarat
12723,Andhra Pradesh Express,HYB,HYDERABAD DECCAN,None,06:25:00,1,,SCR,Andhra Pradesh
12723,Andhra Pradesh Express,SC,SECUNDERABAD JN,06:45:00,06:50:00,1,,SCR,Telangana
12723,Andhra Pradesh Express,NGP,NAGPUR,15:45:00,15:55:00,1,,SECR,Maharashtra
12723,Andhra Pradesh Express,ET,ITARSI JN,20:33:00,20:33:00,1,,WCR,Madhya Pradesh
12723,Andhra Pradesh Express,BPL,BHOPAL JN,22:00:00,22:10:00,1,,WCR,Madhya Pradesh
12723,Andhra Pradesh Express,JHS,JHANSI JN,02:08:00,02:20:00,2,,NCR,Uttar Pradesh
12723,Andhra Pradesh Express,GWL,GWALIOR JN,03:37:00,03:38:00,2,,NCR,Madhya Pradesh
12723,Andhra Pradesh Express,AGC,AGRA CANTT,05:25:00,05:28:00,2,,NCR,Uttar Pradesh
12723,Andhra Pradesh Express,NZM,DELHI H NIZAMUDDIN,08:38:00,08:40:00,2,,NR,Delhi
12723,Andhra Pradesh Express,NDLS,NEW DELHI,09:05:00,None,2,,NR,Delhi
12610,BANGALORE - CHENNAI CENT SF Intercity Exp,SBC,BANGALORE CITY JN,None,08:00:00,1,,SWR,Karnataka
12610,BANGALORE - CHENNAI CENT SF Intercity Exp,MAS,CHENNAI CENTRAL,14:30:00,None,1,,SR,Tamil Nadu
12017,New Delhi-Dehradun Shatabdi,NDLS,NEW DELHI,None,06:50:00,1,,NR,Delhi
12017,New Delhi-Dehradun Shatabdi,GZB,GHAZIABAD,07:28:00,07:30:00,1,,NR,Uttar Pradesh
12011,Kalka Shatabdi Express,NDLS,NEW DELHI,None,07:40:00,1,,NR,Delhi
12011,Kalka Shatabdi Express,UMB,AMBALA CANT JN,10:28:00,10:30:00,1,,NR,Haryana
12011,Kalka Shatabdi Express,CDG,CHANDIGARH,11:05:00,11:13:00,1,,NR,Chandigarh
12830,Bhubaneswar Chennai Superfast Express,BBS,BHUBANESWAR,None,12:00:00,1,,ECoR,Odisha
12830,Bhubaneswar Chennai Superfast Express,VSKP,VISHAKAPATNAM,19:10:00,19:30:00,1,,ECoR,Andhra Pradesh
12830,Bhubaneswar Chennai Superfast Express,BZA,VIJAYAWADA JN,01:25:00,01:35:00,2,,SCR,Andhra Pradesh
12830,Bhubaneswar Chennai Superfast Express,MAS,CHENNAI CENTRAL,08:55:00,None,2,,SR,Tamil Nadu
12953,MumbaiCentral-H Nizamuddin August Kranti Rajdhani Express,BCT,Mumbai Central,None,17:40:00,1,,WR,Maharashtra
12953,MumbaiCentral-H Nizamuddin August Kranti Rajdhani Express,ST,SURAT,20:59:00,21:04:00,1,,WR,Gujarat
12953,MumbaiCentral-H Nizamuddin August Kranti Rajdhani Express,BRC,VADODARA JN,22:36:00,22:52:00,1,,WR,Gujarat
12953,MumbaiCentral-H Nizamuddin August Kranti Rajdhani Express,RTM,RATLAM JN,02:20:00,02:22:00,2,,WR,Madhya Pradesh
12953,MumbaiCentral-H Nizamuddin August Kranti Rajdhani Express,KOTA,KOTA JN,05:15:00,05:25:00,2,,WCR,Rajasthan
12953,MumbaiCentral-H Nizamuddin August Kranti Rajdhani Express,NZM,DELHI H NIZAMUDDIN,10:55:00,None,2,,NR,Delhi
18234,BILASPUR - INDORE Narmada Exp,BSP,BILASPUR JN,None,09:55:00,1,,SECR,Chhattisgarh
18234,BILASPUR - INDORE Narmada Exp,JBP,JABALPUR,20:50:00,21:00:00,1,,WCR,Madhya Pradesh
18234,BILASPUR - INDORE Narmada Exp,ET,ITARSI JN,01:50:00,02:00:00,2,,WCR,Madhya Pradesh
18234,BILASPUR - INDORE Narmada Exp,BPL,BHOPAL JN,04:25:00,04:35:00,2,,WCR,Madhya Pradesh
12019,Howrah-Ranchi Shatabdi Express,HWH,HOWRAH JN,None,06:05:00,1,,ER,West Bengal
12019,Howrah-Ranchi Shatabdi Express,BWN,BARDDHAMAN JN,07:08:00,07:08:00,1,,ER,West Bengal
12019,Howrah-Ranchi Shatabdi Express,ASN,ASANSOL JN,08:32:00,08:34:00,1,,ER,West Bengal
12019,Howrah-Ranchi Shatabdi Express,DHN,DHANBAD JN,09:22:00,09:27:00,1,,ECR,Jharkhand
12854,BHOPAL - DURG Amarkantak SF Exp,BPL,BHOPAL JN,None,15:45:00,1,,WCR,Madhya Pradesh
12854,BHOPAL - DURG Amarkantak SF Exp,ET,ITARSI JN,17:30:00,17:45:00,1,,WCR,Madhya Pradesh
12854,BHOPAL - DURG Amarkantak SF Exp,JBP,JABALPUR,21:25:00,21:30:00,1,,WCR,Madhya Pradesh
12854,BHOPAL - DURG Amarkantak SF Exp,BSP,BILASPUR JN,05:05:00,05:25:00,2,,SECR,Chhattisgarh
12854,BHOPAL - DURG Amarkantak SF Exp,R,RAIPUR JN,07:00:00,07:10:00,2,,SECR,Chhattisgarh
12526,Indrayani SF Express,PUNE,PUNE JN,None,18:35:00,1,,CR,Maharashtra
12526,Indrayani SF Express,KYN,KALYAN JN,20:50:00,20:52:00,1,,CR,Maharashtra
12526,Indrayani SF Express,DR,MUMBAI DADAR CENTRAL,21:33:00,21:35:00,1,,CR,Maharashtra
12526,Indrayani SF Express,CSTM,MUMBAI CST,21:55:00,None,1,,CR,Maharashtra
14258,Kashi Vishwanath Express,NDLS,NEW DELHI,None,11:40:00,1,,NR,Delhi
14258,Kashi Vishwanath Express,GZB,GHAZIABAD,12:18:00,12:20:00,1,,NR,Uttar Pradesh
14258,Kashi Vishwanath Express,MB,MORADABAD,15:05:00,15:15:00,1,,NR,Uttar Pradesh
14258,Kashi Vishwanath Express,BE,BAREILLY,16:42:00,16:47:00,1,,NER,Uttar Pradesh
14258,Kashi Vishwanath Express,LKO,LUCKNOW,21:35:00,21:50:00,1,,NER,Uttar Pradesh
12473,Sarvodaya SF Express,ADI,AHMEDABAD JN,None,11:35:00,1,,WR,Gujarat
12473,Sarvodaya SF Express,BRC,VADODARA JN,13:32:00,13:50:00,1,,WR,Gujarat
12473,Sarvodaya SF Express,RTM,RATLAM JN,17:50:00,18:10:00,1,,WR,Madhya Pradesh
12473,Sarvodaya SF Express,KOTA,KOTA JN,21:40:00,21:50:00,1,,WCR,Rajasthan
12473,Sarvodaya SF Express,NZM,DELHI H NIZAMUDDIN,04:11:00,04:13:00,2,,NR,Delhi
12473,Sarvodaya SF Express,NDLS,NEW DELHI,04:30:00,04:50:00,2,,NR,Delhi
12473,Sarvodaya SF Express,UMB,AMBALA CANT JN,07:55:00,08:05:00,2,,NR,Haryana
12473,Sarvodaya SF Express,LDH,LUDHIANA JN,09:40:00,10:00:00,2,,NR,Punjab
12473,Sarvodaya SF Express,JAT,JAMMU TAWI,14:45:00,None,2,,NR,Jammu and Kashmir
12675,Kovai Express,MAS,CHENNAI CENTRAL,None,06:15:00,1,,SR,Tamil Nadu
12675,Kovai Express,CBE,COIMBATORE JN,13:55:00,None,1,,SR,Tamil Nadu
18496,Bhubaneswar-Rameswaram Weekly Express,BBS,BHUBANESWAR,None,12:00:00,1,,ECoR,Odisha
18496,Bhubaneswar-Rameswaram Weekly Express,VSKP,VISHAKAPATNAM,19:10:00,19:30:00,1,,ECoR,Andhra Pradesh
18496,Bhubaneswar-Rameswaram Weekly Express,BZA,VIJAYAWADA JN,01:25:00,01:35:00,2,,SCR,Andhra Pradesh
18496,Bhubaneswar-Rameswaram Weekly Express,MS,CHENNAI EGMORE,09:00:00,09:20:00,2,,SR,Tamil Nadu
58414,Puri Talcher Passenger,PURI,PURI,None,16:35:00,1,,ECoR,Odisha
58414,Puri Talcher Passenger,BBS,BHUBANESWAR,18:20:00,18:25:00,1,,ECoR,Odisha
58414,Puri Talcher Passenger,CTC,CUTTACK,19:25:00,19:30:00,1,,ECoR,Odisha
13049,Howrah-Amritsar Express,HWH,HOWRAH JN,None,14:00:00,1,,ER,West Bengal
13049,Howrah-Amritsar Express,BWN,BARDDHAMAN JN,16:10:00,16:17:00,1,,ER,West Bengal
13049,Howrah-Amritsar Express,ASN,ASANSOL JN,18:25:00,18:35:00,1,,ER,West Bengal
13049,Howrah-Amritsar Express,PNBE,PATNA JN,02:00:00,02:15:00,2,,ECR,Bihar
13049,Howrah-Amritsar Express,MGS,MUGHAL SARAI JN,07:20:00,07:40:00,2,,ECR,Uttar Pradesh
13049,Howrah-Amritsar Express,LKO,LUCKNOW,15:35:00,15:45:00,2,,NER,Uttar Pradesh
13049,Howrah-Amritsar Express,BE,BAREILLY,20:07:00,20:07:00,2,,NER,Uttar Pradesh
13049,Howrah-Amritsar Express,MB,MORADABAD,22:20:00,22:30:00,2,,NR,Uttar Pradesh
13049,Howrah-Amritsar Express,UMB,AMBALA CANT JN,04:30:00,04:40:00,3,,NR,Haryana
13049,Howrah-Amritsar Express,LDH,LUDHIANA JN,07:10:00,07:20:00,3,,NR,Punjab
13049,Howrah-Amritsar Express,ASR,AMRITSAR JN,10:10:00,None,3,,NR,Punjab
12324,New Delhi-Howrah SF Express,NDLS,NEW DELHI,None,07:10:00,1,,NR,Delhi
12324,New Delhi-Howrah SF Express,GZB,GHAZIABAD,07:31:00,07:31:00,1,,NR,Uttar Pradesh
12324,New Delhi-Howrah SF Express,ALJN,ALIGARH JN,09:01:00,09:01:00,1,,NCR,Uttar Pradesh
12324,New Delhi-Howrah SF Express,TDL,TUNDLA JN,10:08:00,10:08:00,1,,NCR,Uttar Pradesh
12324,New Delhi-Howrah SF Express,CNB,KANPUR CENTRAL,13:20:00,13:40:00,1,,NCR,Uttar Pradesh
12324,New Delhi-Howrah SF Express,ALD,ALLAHABAD JN,16:35:00,16:45:00,1,,NCR,Uttar Pradesh
12324,New Delhi-Howrah SF Express,MGS,MUGHAL SARAI JN,19:25:00,19:45:00,1,,ECR,Uttar Pradesh
12324,New Delhi-Howrah SF Express,GAYA,GAYA JN,22:15:00,22:20:00,1,,ECR,Bihar
12324,New Delhi-Howrah SF Express,DHN,DHANBAD JN,01:50:00,02:00:00,2,,ECR,Jharkhand
12324,New Delhi-Howrah SF Express,ASN,ASANSOL JN,02:55:00,03:00:00,2,,ER,West Bengal
12324,New Delhi-Howrah SF Express,BWN,BARDDHAMAN JN,04:36:00,04:36:00,2,,ER,West Bengal
12324,New Delhi-Howrah SF Express,HWH,HOWRAH JN,06:00:00,None,2,,ER,West Bengal
12380,Amritsar - Sealdah Superfast Express,ASR,AMRITSAR JN,None,10:50:00,1,,NR,Punjab
12380,Amritsar - Sealdah Superfast Express,LDH,LUDHIANA JN,12:55:00,13:05:00,1,,NR,Punjab
12380,Amritsar - Sealdah Superfast Express,UMB,AMBALA CANT JN,14:50:00,15:00:00,1,,NR,Haryana
12380,Amritsar - Sealdah Superfast Express,GZB,GHAZIABAD,19:26:00,19:26:00,1,,NR,Uttar Pradesh
12380,Amritsar - Sealdah Superfast Express,ALJN,ALIGARH JN,20:53:00,20:53:00,1,,NCR,Uttar Pradesh
12380,Amritsar - Sealdah Superfast Express,TDL,TUNDLA JN,21:57:00,21:57:00,1,,NCR,Uttar Pradesh
12380,Amritsar - Sealdah Superfast Express,CNB,KANPUR CENTRAL,01:05:00,01:15:00,2,,NCR,Uttar Pradesh
12380,Amritsar - Sealdah Superfast Express,ALD,ALLAHABAD JN,04:11:00,04:11:00,2,,NCR,Uttar Pradesh
12380,Amritsar - Sealdah Superfast Express,MGS,MUGHAL SARAI JN,06:30:00,06:55:00,2,,ECR,Uttar Pradesh
12380,Amritsar - Sealdah Superfast Express,GAYA,GAYA JN,09:48:00,09:48:00,2,,ECR,Bihar
12380,Amritsar - Sealdah Superfast Express,DHN,DHANBAD JN,12:35:00,12:45:00,2,,ECR,Jharkhand
12380,Amritsar - Sealdah Superfast Express,ASN,ASANSOL JN,13:42:00,13:57:00,2,,ER,West Bengal
12380,Amritsar - Sealdah Superfast Express,BWN,BARDDHAMAN JN,15:20:00,15:23:00,2,,ER,West Bengal
12380,Amritsar - Sealdah Superfast Express,SDAH,KOLKATA SEALDAH,17:25:00,None,2,,ER,West Bengal
09735,Secunderabad-Jaipur Special,SC,SECUNDERABAD JN,None,23:25:00,1,,SCR,Telangana
09735,Secunderabad-Jaipur Special,NGP,NAGPUR,10:20:00,10:30:00,2,,SECR,Maharashtra
09735,Secunderabad-Jaipur Special,ET,ITARSI JN,16:05:00,16:10:00,2,,WCR,Madhya Pradesh
09735,Secunderabad-Jaipur Special,BPL,BHOPAL JN,18:10:00,18:20:00,2,,WCR,Madhya Pradesh
09735,Secunderabad-Jaipur Special,KOTA,KOTA JN,02:00:00,02:10:00,3,,WCR,Rajasthan
09735,Secunderabad-Jaipur Special,JP,JAIPUR,05:55:00,None,3,,NWR,Rajasthan
12014,Amritsar-NewDelhi Shatabdi,ASR,AMRITSAR JN,None,05:00:00,1,,NR,Punjab
12014,Amritsar-NewDelhi Shatabdi,LDH,LUDHIANA JN,06:58:00,07:03:00,1,,NR,Punjab
12014,Amritsar-NewDelhi Shatabdi,UMB,AMBALA CANT JN,08:33:00,08:33:00,1,,NR,Haryana
12014,Amritsar-NewDelhi Shatabdi,NDLS,NEW DELHI,11:15:00,None,1,,NR,Delhi
11017,Chalukya Express,DR,MUMBAI DADAR CENTRAL,None,21:30:00,1,,CR,Maharashtra
11017,Chalukya Express,KYN,KALYAN JN,22:13:00,22:15:00,1,,CR,Maharashtra
11017,Chalukya Express,PUNE,PUNE JN,01:00:00,01:10:00,2,,CR,Maharashtra
11017,Chalukya Express,UBL,HUBLI JN,12:40:00,12:50:00,2,,SWR,Karnataka
18425,PURI - DURG Exp,PURI,PURI,None,17:45:00,1,,ECoR,Odisha
18425,PURI - DURG Exp,BBS,BHUBANESWAR,19:05:00,19:10:00,1,,ECoR,Odisha
18425,PURI - DURG Exp,CTC,CUTTACK,19:52:00,19:57:00,1,,ECoR,Odisha
18425,PURI - DURG Exp,R,RAIPUR JN,08:40:00,08:50:00,2,,SECR,Chhattisgarh
12525,Indrayani SF Express,CSTM,MUMBAI CST,None,05:40:00,1,,CR,Maharashtra
12525,Indrayani SF Express,DR,MUMBAI DADAR CENTRAL,05:51:00,05:53:00,1,,CR,Maharashtra
12525,Indrayani SF Express,KYN,KALYAN JN,06:35:00,06:37:00,1,,CR,Maharashtra
12525,Indrayani SF Express,PUNE,PUNE JN,09:08:00,None,1,,CR,Maharashtra
12615,Grand Trunk (GT) Express,MAS,CHENNAI CENTRAL,None,19:15:00,1,,SR,Tamil Nadu
12615,Grand Trunk (GT) Express,BZA,VIJAYAWADA JN,01:55:00,02:05:00,2,,SCR,Andhra Pradesh
12615,Grand Trunk (GT) Express,NGP,NAGPUR,12:15:00,12:25:00,2,,SECR,Maharashtra
12615,Grand Trunk (GT) Express,ET,ITARSI JN,17:25:00,17:35:00,2,,WCR,Madhya Pradesh
12615,Grand Trunk (GT) Express,BPL,BHOPAL JN,19:20:00,19:30:00,2,,WCR,Madhya Pradesh
12615,Grand Trunk (GT) Express,JHS,JHANSI JN,23:28:00,23:40:00,2,,NCR,Uttar Pradesh
12615,Grand Trunk (GT) Express,GWL,GWALIOR JN,00:57:00,01:02:00,3,,NCR,Madhya Pradesh
12615,Grand Trunk (GT) Express,AGC,AGRA CANTT,02:45:00,02:50:00,3,,NCR,Uttar Pradesh
12615,Grand Trunk (GT) Express,NZM,DELHI H NIZAMUDDIN,05:57:00,05:59:00,3,,NR,Delhi
12615,Grand Trunk (GT) Express,NDLS,NEW DELHI,06:20:00,None,3,,NR,Delhi
12378,Padatik Express,NJP,NEW JALPAIGURI,None,21:00:00,1,,NFR,West Bengal
12378,Padatik Express,BWN,BARDDHAMAN JN,05:02:00,05:04:00,2,,ER,West Bengal
12378,Padatik Express,SDAH,KOLKATA SEALDAH,06:45:00,None,2,,ER,West Bengal
12616,GrandTrunk Express,NDLS,NEW DELHI,None,18:40:00,1,,NR,Delhi
12616,GrandTrunk Express,NZM,DELHI H NIZAMUDDIN,18:47:00,18:47:00,1,,NR,Delhi
12616,GrandTrunk Express,AGC,AGRA CANTT,21:45:00,21:50:00,1,,NCR,Uttar Pradesh
12616,GrandTrunk Express,GWL,GWALIOR JN,23:31:00,23:36:00,1,,NCR,Madhya Pradesh
12616,GrandTrunk Express,JHS,JHANSI JN,00:56:00,01:08:00,2,,NCR,Uttar Pradesh
12616,GrandTrunk Express,BPL,BHOPAL JN,05:20:00,05:25:00,2,,WCR,Madhya Pradesh
12616,GrandTrunk Express,ET,ITARSI JN,07:20:00,07:35:00,2,,WCR,Madhya Pradesh
12616,GrandTrunk Express,NGP,NAGPUR,12:20:00,12:30:00,2,,SECR,Maharashtra
12616,GrandTrunk Express,BZA,VIJAYAWADA JN,23:15:00,23:25:00,2,,SCR,Andhra Pradesh
12616,GrandTrunk Express,MAS,CHENNAI CENTRAL,06:15:00,None,3,,SR,Tamil Nadu
16604,Maveli Express,TVC,TRIVANDRUM CENTRAL,None,19:25:00,1,,SR,Kerala
16604,Maveli Express,ERS,ERNAKULAM JN,23:25:00,23:35:00,1,,SR,Kerala
16604,Maveli Express,MAQ,MANGALORE CNTL,08:50:00,None,2,,SR,Karnataka
19711,Jaipur-Bhopal Express,JP,JAIPUR,None,17:35:00,1,,NWR,Rajasthan
19711,Jaipur-Bhopal Express,RTM,RATLAM JN,05:25:00,06:00:00,2,,WR,Madhya Pradesh
19711,Jaipur-Bhopal Express,BPL,BHOPAL JN,11:25:00,None,2,,WCR,Madhya Pradesh
58113,TATA BSP PASS,TATA,TATANAGAR JN,None,06:30:00,1,,SER,Jharkhand
58113,TATA BSP PASS,ROU,ROURKELA,10:40:00,11:15:00,1,,SER,Odisha
58113,TATA BSP PASS,BSP,BILASPUR JN,19:55:00,None,1,,SECR,Chhattisgarh
12026,Secunderabad-Pune Shatabdi,SC,SECUNDERABAD JN,None,14:40:00,1,,SCR,Telangana
12026,Secunderabad-Pune Shatabdi,SUR,SOLAPUR JN,19:20:00,19:23:00,1,,CR,Maharashtra
12026,Secunderabad-Pune Shatabdi,PUNE,PUNE JN,23:00:00,None,1,,CR,Maharashtra
12286,Hazrat Nizamuddin-Secunderabad Duronto Express,NZM,DELHI H NIZAMUDDIN,None,15:50:00,1,,NR,Delhi
12286,Hazrat Nizamuddin-Secunderabad Duronto Express,AGC,AGRA CANTT,18:22:00,18:22:00,1,,NCR,Uttar Pradesh
12286,Hazrat Nizamuddin-Secunderabad Duronto Express,GWL,GWALIOR JN,19:57:00,19:57:00,1,,NCR,Madhya Pradesh
12286,Hazrat Nizamuddin-Secunderabad Duronto Express,JHS,JHANSI JN,21:16:00,21:16:00,1,,NCR,Uttar Pradesh
12286,Hazrat Nizamuddin-Secunderabad Duronto Express,BPL,BHOPAL JN,01:13:00,01:13:00,2,,WCR,Madhya Pradesh
12286,Hazrat Nizamuddin-Secunderabad Duronto Express,ET,ITARSI JN,02:27:00,02:27:00,2,,WCR,Madhya Pradesh
12286,Hazrat Nizamuddin-Secunderabad Duronto Express,NGP,NAGPUR,06:27:00,06:27:00,2,,SECR,Maharashtra
12286,Hazrat Nizamuddin-Secunderabad Duronto Express,SC,SECUNDERABAD JN,14:00:00,None,2,,SCR,Telangana
12691,CHENNAI - SSP NILAYAM SF Exp,MAS,CHENNAI CENTRAL,None,23:30:00,1,,SR,Tamil Nadu
12691,CHENNAI - SSP NILAYAM SF Exp,SBC,BANGALORE CITY JN,05:25:00,05:40:00,2,,SWR,Karnataka
12536,Raipur-Lucknow Garib Rath,R,RAIPUR JN,None,12:20:00,1,,SECR,Chhattisgarh
12536,Raipur-Lucknow Garib Rath,BSP,BILASPUR JN,14:13:00,14:13:00,1,,SECR,Chhattisgarh
12536,Raipur-Lucknow Garib Rath,CNB,KANPUR CENTRAL,03:30:00,03:40:00,2,,NCR,Uttar Pradesh
12323,Howrah-NewDelhi SF Express,HWH,HOWRAH JN,None,18:45:00,1,,ER,West Bengal
12323,Howrah-NewDelhi SF Express,BWN,BARDDHAMAN JN,20:01:00,20:01:00,1,,ER,West Bengal
12323,Howrah-NewDelhi SF Express,ASN,ASANSOL JN,21:25:00,21:30:00,1,,ER,West Bengal
12323,Howrah-NewDelhi SF Express,DHN,DHANBAD JN,22:40:00,22:50:00,1,,ECR,Jharkhand
12323,Howrah-NewDelhi SF Express,GAYA,GAYA JN,02:05:00,02:10:00,2,,ECR,Bihar
12323,Howrah-NewDelhi SF Express,MGS,MUGHAL SARAI JN,05:05:00,05:25:00,2,,ECR,Uttar Pradesh
12323,Howrah-NewDelhi SF Express,ALD,ALLAHABAD JN,07:35:00,07:40:00,2,,NCR,Uttar Pradesh
12323,Howrah-NewDelhi SF Express,CNB,KANPUR CENTRAL,10:10:00,10:20:00,2,,NCR,Uttar Pradesh
12323,Howrah-NewDelhi SF Express,TDL,TUNDLA JN,13:53:00,13:53:00,2,,NCR,Uttar Pradesh
12323,Howrah-NewDelhi SF Express,ALJN,ALIGARH JN,15:05:00,15:05:00,2,,NCR,Uttar Pradesh
12323,Howrah-NewDelhi SF Express,GZB,GHAZIABAD,16:42:00,16:42:00,2,,NR,Uttar Pradesh
12323,Howrah-NewDelhi SF Express,NDLS,NEW DELHI,17:00:00,None,2,,NR,Delhi
18236,Bilaspur Express Cum Passenger,BSP,BILASPUR JN,None,20:25:00,1,,SECR,Chhattisgarh
18236,Bilaspur Express Cum Passenger,BPL,BHOPAL JN,18:15:00,None,2,,WCR,Madhya Pradesh
54106,Allahabad Mughal Sarai Passenger,ALD,ALLAHABAD JN,None,07:10:00,1,,NCR,Uttar Pradesh
54106,Allahabad Mughal Sarai Passenger,MGS,MUGHAL SARAI JN,11:10:00,None,1,,ECR,Uttar Pradesh
10111,MUMBAI CST - MADGAON Konkan Knaya Exp,CSTM,MUMBAI CST,None,23:05:00,1,,CR,Maharashtra
10111,MUMBAI CST - MADGAON Konkan Knaya Exp,DR,MUMBAI DADAR CENTRAL,23:18:00,23:20:00,1,,CR,Maharashtra
10111,MUMBAI CST - MADGAON Konkan Knaya Exp,PNVL,PANVEL,00:25:00,00:30:00,2,,CR,Maharashtra
10111,MUMBAI CST - MADGAON Konkan Knaya Exp,MAO,MADGAON,10:45:00,None,2,,KR,Goa
63546,Dhanbad Asansol Passenger MEMU,DHN,DHANBAD JN,None,09:50:00,1,,ECR,Jharkhand
63546,Dhanbad Asansol Passenger MEMU,ASN,ASANSOL JN,11:10:00,None,1,,ER,West Bengal
11110,Lucknow-Jhansi InterCity,LKO,LUCKNOW,None,16:30:00,1,,NER,Uttar Pradesh
11110,Lucknow-Jhansi InterCity,CNB,KANPUR CENTRAL,18:15:00,18:30:00,1,,NCR,Uttar Pradesh
11110,Lucknow-Jhansi InterCity,JHS,JHANSI JN,22:35:00,None,1,,NCR,Uttar Pradesh
12621,Tamil Nadu Express,MAS,CHENNAI CENTRAL,None,22:00:00,1,,SR,Tamil Nadu
12621,Tamil Nadu Express,BZA,VIJAYAWADA JN,04:10:00,04:20:00,2,,SCR,Andhra Pradesh
12621,Tamil Nadu Express,NGP,NAGPUR,14:10:00,14:20:00,2,,SECR,Maharashtra
12621,Tamil Nadu Express,ET,ITARSI JN,18:50:00,18:53:00,2,,WCR,Madhya Pradesh
12621,Tamil Nadu Express,BPL,BHOPAL JN,20:25:00,20:35:00,2,,WCR,Madhya Pradesh
12621,Tamil Nadu Express,JHS,JHANSI JN,00:15:00,00:27:00,3,,NCR,Uttar Pradesh
12621,Tamil Nadu Express,GWL,GWALIOR JN,01:44:00,01:45:00,3,,NCR,Madhya Pradesh
12621,Tamil Nadu Express,AGC,AGRA CANTT,03:52:00,03:53:00,3,,NCR,Uttar Pradesh
12621,Tamil Nadu Express,NZM,DELHI H NIZAMUDDIN,06:37:00,06:39:00,3,,NR,Delhi
12621,Tamil Nadu Express,NDLS,NEW DELHI,07:00:00,None,3,,NR,Delhi
16529,Udyan Express,CSTM,MUMBAI CST,None,08:05:00,1,,CR,Maharashtra
16529,Udyan Express,DR,MUMBAI DADAR CENTRAL,08:18:00,08:20:00,1,,CR,Maharashtra
16529,Udyan Express,KYN,KALYAN JN,08:58:00,09:00:00,1,,CR,Maharashtra
16529,Udyan Express,PUNE,PUNE JN,11:40:00,11:45:00,1,,CR,Maharashtra
16529,Udyan Express,SUR,SOLAPUR JN,16:05:00,16:20:00,1,,CR,Maharashtra
16529,Udyan Express,GTL,GUNTAKAL JN,00:05:00,00:10:00,2,,SCR,Andhra Pradesh
16529,Udyan Express,SBC,BANGALORE CITY JN,08:50:00,None,2,,SWR,Karnataka
54571,Ludhiana Firozpur Passenger,LDH,LUDHIANA JN,None,17:20:00,1,,NR,Punjab
54571,Ludhiana Firozpur Passenger,FZR,FIROZPUR CANT,20:55:00,None,1,,NR,Punjab
19105,Ahmedabad-Haridwar Mail,ADI,AHMEDABAD JN,None,10:05:00,1,,WR,Gujarat
19105,Ahmedabad-Haridwar Mail,JP,JAIPUR,23:00:00,23:15:00,1,,NWR,Rajasthan
19105,Ahmedabad-Haridwar Mail,GZB,GHAZIABAD,06:15:00,06:17:00,2,,NR,Uttar Pradesh
12445,Uttar Sampark Kranti Express,NDLS,NEW DELHI,None,20:50:00,1,,NR,Delhi
12445,Uttar Sampark Kranti Express,UMB,AMBALA CANT JN,23:53:00,23:58:00,1,,NR,Haryana
12445,Uttar Sampark Kranti Express,LDH,LUDHIANA JN,01:35:00,01:50:00,2,,NR,Punjab
12445,Uttar Sampark Kranti Express,JAT,JAMMU TAWI,06:35:00,06:45:00,2,,NR,Jammu and Kashmir
12921,Flying Rani Express,BCT,Mumbai Central,None,17:55:00,1,,WR,Maharashtra
12921,Flying Rani Express,ST,SURAT,22:35:00,None,1,,WR,Gujarat
17016,Visakha Express,SC,SECUNDERABAD JN,None,17:00:00,1,,SCR,Telangana
17016,Visakha Express,BZA,VIJAYAWADA JN,22:50:00,23:00:00,1,,SCR,Andhra Pradesh
17016,Visakha Express,VSKP,VISHAKAPATNAM,07:15:00,07:35:00,2,,ECoR,Andhra Pradesh
17016,Visakha Express,BBS,BHUBANESWAR,15:25:00,None,2,,ECoR,Odisha
12698,Thiruvananthapuram Central Chennai Central weekly express,TVC,TRIVANDRUM CENTRAL,None,20:10:00,1,,SR,Kerala
12698,Thiruvananthapuram Central Chennai Central weekly express,ERS,ERNAKULAM JN,00:13:00,00:13:00,2,,SR,Kerala
12698,Thiruvananthapuram Central Chennai Central weekly express,MAS,CHENNAI CENTRAL,12:25:00,None,2,,SR,Tamil Nadu
12230,Lucknow Mail,NDLS,NEW DELHI,None,22:10:00,1,,NR,Delhi
12230,Lucknow Mail,GZB,GHAZIABAD,22:46:00,22:48:00,1,,NR,Uttar Pradesh
12230,Lucknow Mail,MB,MORADABAD,01:00:00,01:10:00,2,,NR,Uttar Pradesh
12230,Lucknow Mail,BE,BAREILLY,02:35:00,02:40:00,2,,NER,Uttar Pradesh
12230,Lucknow Mail,LKO,LUCKNOW,06:45:00,None,2,,NER,Uttar Pradesh
11008,Deccan Express,PUNE,PUNE JN,None,15:30:00,1,,CR,Maharashtra
11008,Deccan Express,KYN,KALYAN JN,18:20:00,18:25:00,1,,CR,Maharashtra
11008,Deccan Express,DR,MUMBAI DADAR CENTRAL,19:13:00,19:15:00,1,,CR,Maharashtra
11008,Deccan Express,CSTM,MUMBAI CST,19:40:00,None,1,,CR,Maharashtra
08565,Visakhapatnam-Secunderabad Special,VSKP,VISHAKAPATNAM,None,19:40:00,1,,ECoR,Andhra Pradesh
08565,Visakhapatnam-Secunderabad Special,BZA,VIJAYAWADA JN,01:30:00,01:50:00,2,,SCR,Andhra Pradesh
08565,Visakhapatnam-Secunderabad Special,SC,SECUNDERABAD JN,09:00:00,None,2,,SCR,Telangana
12125,Pragati Superfast Express,CSTM,MUMBAI CST,None,16:25:00,1,,CR,Maharashtra
12125,Pragati Superfast Express,DR,MUMBAI DADAR CENTRAL,16:37:00,16:39:00,1,,CR,Maharashtra
12125,Pragati Superfast Express,KYN,KALYAN JN,17:16:00,17:16:00,1,,CR,Maharashtra
12125,Pragati Superfast Express,PUNE,PUNE JN,19:53:00,None,1,,CR,Maharashtra
12341,Agniveena Express,HWH,HOWRAH JN,None,18:20:00,1,,ER,West Bengal
12341,Agniveena Express,BWN,BARDDHAMAN JN,19:31:00,19:33:00,1,,ER,West Bengal
12341,Agniveena Express,ASN,ASANSOL JN,21:40:00,None,1,,ER,West Bengal
11012,Mahalaxmi Express,KOP,C SHAHU M RAJ KOLHAPUR TERM,None,20:30:00,1,,CR,Maharashtra
11012,Mahalaxmi Express,PUNE,PUNE JN,03:30:00,03:40:00,2,,CR,Maharashtra
11012,Mahalaxmi Express,KYN,KALYAN JN,06:18:00,06:20:00,2,,CR,Maharashtra
11012,Mahalaxmi Express,DR,MUMBAI DADAR CENTRAL,07:04:00,07:06:00,2,,CR,Maharashtra
11012,Mahalaxmi Express,CSTM,MUMBAI CST,07:25:00,None,2,,CR,Maharashtra
12468,Jaipur Bikaner InterCity Express,JP,JAIPUR,None,15:00:00,1,,NWR,Rajasthan
12468,Jaipur Bikaner InterCity Express,BKN,BIKANER JN,21:40:00,None,1,,NWR,Rajasthan
09405,Ahmedabad Yesvantpur (Weekly) Special,ADI,AHMEDABAD JN,None,19:30:00,1,,WR,Gujarat
09405,Ahmedabad Yesvantpur (Weekly) Special,BRC,VADODARA JN,21:42:00,21:47:00,1,,WR,Gujarat
09405,Ahmedabad Yesvantpur (Weekly) Special,ST,SURAT,00:01:00,00:08:00,2,,WR,Gujarat
09405,Ahmedabad Yesvantpur (Weekly) Special,KYN,KALYAN JN,04:45:00,04:50:00,2,,CR,Maharashtra
09405,Ahmedabad Yesvantpur (Weekly) Special,PUNE,PUNE JN,07:20:00,07:40:00,2,,CR,Maharashtra
09405,Ahmedabad Yesvantpur (Weekly) Special,SUR,SOLAPUR JN,12:05:00,12:15:00,2,,CR,Maharashtra
09405,Ahmedabad Yesvantpur (Weekly) Special,GTL,GUNTAKAL JN,19:45:00,19:50:00,2,,SCR,Andhra Pradesh
12238,Jammu-Varanasi SF Express,JAT,JAMMU TAWI,None,14:00:00,1,,NR,Jammu and Kashmir
12238,Jammu-Varanasi SF Express,LDH,LUDHIANA JN,18:30:00,18:40:00,1,,NR,Punjab
12238,Jammu-Varanasi SF Express,UMB,AMBALA CANT JN,20:45:00,20:55:00,1,,NR,Haryana
12238,Jammu-Varanasi SF Express,MB,MORADABAD,01:30:00,01:40:00,2,,NR,Uttar Pradesh
12238,Jammu-Varanasi SF Express,BE,BAREILLY,03:24:00,03:24:00,2,,NER,Uttar Pradesh
12238,Jammu-Varanasi SF Express,LKO,LUCKNOW,07:50:00,08:05:00,2,,NER,Uttar Pradesh
12602,Chennai Mail,MAQ,MANGALORE CNTL,None,13:15:00,1,,SR,Karnataka
12602,Chennai Mail,MAS,CHENNAI CENTRAL,05:25:00,None,2,,SR,Tamil Nadu
07143,Hyderabad - C.Shahu Maharaj T. Kolhapur Special,HYB,HYDERABAD DECCAN,None,23:10:00,1,,SCR,Andhra Pradesh
07143,Hyderabad - C.Shahu Maharaj T. Kolhapur Special,GTL,GUNTAKAL JN,07:49:00,07:50:00,2,,SCR,Andhra Pradesh
07143,Hyderabad - C.Shahu Maharaj T. Kolhapur Special,UBL,HUBLI JN,13:59:00,14:00:00,2,,SWR,Karnataka
07143,Hyderabad - C.Shahu Maharaj T. Kolhapur Special,KOP,C SHAHU M RAJ KOLHAPUR TERM,22:45:00,None,2,,CR,Maharashtra
12896,Puri-Howrah Express,PURI,PURI,None,22:15:00,1,,ECoR,Odisha
12896,Puri-Howrah Express,BBS,BHUBANESWAR,23:45:00,23:50:00,1,,ECoR,Odisha
12896,Puri-Howrah Express,CTC,CUTTACK,00:20:00,00:25:00,2,,ECoR,Odisha
12896,Puri-Howrah Express,HWH,HOWRAH JN,07:05:00,None,2,,ER,West Bengal
12430,Delhi H Nizamuddin-Bangalore Rajdhani Express,NZM,DELHI H NIZAMUDDIN,None,20:50:00,1,,NR,Delhi
12430,Delhi H Nizamuddin-Bangalore Rajdhani Express,AGC,AGRA CANTT,22:55:00,22:55:00,1,,NCR,Uttar Pradesh
12430,Delhi H Nizamuddin-Bangalore Rajdhani Express,GWL,GWALIOR JN,00:13:00,00:13:00,2,,NCR,Madhya Pradesh
12430,Delhi H Nizamuddin-Bangalore Rajdhani Express,JHS,JHANSI JN,01:15:00,01:20:00,2,,NCR,Uttar Pradesh
12430,Delhi H Nizamuddin-Bangalore Rajdhani Express,BPL,BHOPAL JN,04:40:00,04:50:00,2,,WCR,Madhya Pradesh
12430,Delhi H Nizamuddin-Bangalore Rajdhani Express,ET,ITARSI JN,06:07:00,06:07:00,2,,WCR,Madhya Pradesh
12430,Delhi H Nizamuddin-Bangalore Rajdhani Express,NGP,NAGPUR,10:15:00,10:25:00,2,,SECR,Maharashtra
12430,Delhi H Nizamuddin-Bangalore Rajdhani Express,SC,SECUNDERABAD JN,18:35:00,18:50:00,2,,SCR,Telangana
12430,Delhi H Nizamuddin-Bangalore Rajdhani Express,GTL,GUNTAKAL JN,01:02:00,01:02:00,3,,SCR,Andhra Pradesh
12430,Delhi H Nizamuddin-Bangalore Rajdhani Express,SBC,BANGALORE CITY JN,06:40:00,None,3,,SWR,Karnataka
58528,Visakhapatnam Raipur Passenger,VSKP,VISHAKAPATNAM,None,02:40:00,1,,ECoR,Andhra Pradesh
58528,Visakhapatnam Raipur Passenger,R,RAIPUR JN,19:00:00,None,1,,SECR,Chhattisgarh
12861,Link Superfast Express,VSKP,VISHAKAPATNAM,None,15:10:00,1,,ECoR,Andhra Pradesh
12861,Link Superfast Express,BZA,VIJAYAWADA JN,21:15:00,21:30:00,1,,SCR,Andhra Pradesh
12861,Link Superfast Express,NGP,NAGPUR,09:15:00,09:25:00,2,,SECR,Maharashtra
12861,Link Superfast Express,ET,ITARSI JN,14:45:00,14:55:00,2,,WCR,Madhya Pradesh
12861,Link Superfast Express,BPL,BHOPAL JN,16:45:00,16:50:00,2,,WCR,Madhya Pradesh
12861,Link Superfast Express,JHS,JHANSI JN,21:20:00,21:30:00,2,,NCR,Uttar Pradesh
12861,Link Superfast Express,GWL,GWALIOR JN,22:45:00,22:50:00,2,,NCR,Madhya Pradesh
12861,Link Superfast Express,AGC,AGRA CANTT,00:45:00,00:50:00,3,,NCR,Uttar Pradesh
12861,Link Superfast Express,NZM,DELHI H NIZAMUDDIN,04:00:00,None,3,,NR,Delhi
12969,Coimbatore-Jaipur Express,CBE,COIMBATORE JN,None,09:15:00,1,,SR,Tamil Nadu
12969,Coimbatore-Jaipur Express,MAS,CHENNAI CENTRAL,17:10:00,17:35:00,1,,SR,Tamil Nadu
12969,Coimbatore-Jaipur Express,BZA,VIJAYAWADA JN,00:10:00,00:20:00,2,,SCR,Andhra Pradesh
12969,Coimbatore-Jaipur Express,NGP,NAGPUR,11:05:00,11:15:00,2,,SECR,Maharashtra
12969,Coimbatore-Jaipur Express,ET,ITARSI JN,16:05:00,16:10:00,2,,WCR,Madhya Pradesh
12969,Coimbatore-Jaipur Express,BPL,BHOPAL JN,18:00:00,18:20:00,2,,WCR,Madhya Pradesh
12969,Coimbatore-Jaipur Express,KOTA,KOTA JN,01:55:00,02:05:00,3,,WCR,Rajasthan
12969,Coimbatore-Jaipur Express,JP,JAIPUR,05:55:00,None,3,,NWR,Rajasthan
12315,Ananya Express,SDAH,KOLKATA SEALDAH,None,13:10:00,1,,ER,West Bengal
12315,Ananya Express,BWN,BARDDHAMAN JN,14:39:00,14:41:00,1,,ER,West Bengal
12315,Ananya Express,ASN,ASANSOL JN,16:13:00,16:18:00,1,,ER,West Bengal
12315,Ananya Express,PNBE,PATNA JN,21:50:00,22:00:00,1,,ECR,Bihar
12315,Ananya Express,MGS,MUGHAL SARAI JN,01:50:00,02:10:00,2,,ECR,Uttar Pradesh
12315,Ananya Express,ALD,ALLAHABAD JN,04:08:00,04:20:00,2,,NCR,Uttar Pradesh
12315,Ananya Express,CNB,KANPUR CENTRAL,06:45:00,06:50:00,2,,NCR,Uttar Pradesh
12315,Ananya Express,TDL,TUNDLA JN,10:27:00,10:27:00,2,,NCR,Uttar Pradesh
12315,Ananya Express,JP,JAIPUR,17:10:00,17:20:00,2,,NWR,Rajasthan
12315,Ananya Express,UDZ,UDAIPUR CITY,03:00:00,None,3,,NWR,Rajasthan
58530,Visakhapatnam Durg Passenger,VSKP,VISHAKAPATNAM,None,21:00:00,1,,ECoR,Andhra Pradesh
58530,Visakhapatnam Durg Passenger,R,RAIPUR JN,11:25:00,11:40:00,2,,SECR,Chhattisgarh
12578,MYSORE - DARBHANGA BAGMATI SF Exp,MYS,MYSORE JN,None,None,,,SWR,Karnataka
12578,MYSORE - DARBHANGA BAGMATI SF Exp,SBC,BANGALORE CITY JN,None,10:10:00,1,,SWR,Karnataka
12578,MYSORE - DARBHANGA BAGMATI SF Exp,MAS,CHENNAI CENTRAL,15:50:00,16:15:00,1,,SR,Tamil Nadu
12578,MYSORE - DARBHANGA BAGMATI SF Exp,BZA,VIJAYAWADA JN,22:55:00,23:05:00,1,,SCR,Andhra Pradesh
12578,MYSORE - DARBHANGA BAGMATI SF Exp,NGP,NAGPUR,10:20:00,10:30:00,2,,SECR,Maharashtra
12578,MYSORE - DARBHANGA BAGMATI SF Exp,ET,ITARSI JN,16:55:00,17:20:00,2,,WCR,Madhya Pradesh
12578,MYSORE - DARBHANGA BAGMATI SF Exp,JBP,JABALPUR,21:40:00,21:50:00,2,,WCR,Madhya Pradesh
12578,MYSORE - DARBHANGA BAGMATI SF Exp,MGS,MUGHAL SARAI JN,06:10:00,06:30:00,3,,ECR,Uttar Pradesh
12578,MYSORE - DARBHANGA BAGMATI SF Exp,PNBE,PATNA JN,09:50:00,10:00:00,3,,ECR,Bihar
12234,NewDelhi-Lucknow AC Express,NDLS,NEW DELHI,None,23:30:00,1,,NR,Delhi
12234,NewDelhi-Lucknow AC Express,GZB,GHAZIABAD,00:05:00,00:07:00,2,,NR,Uttar Pradesh
12234,NewDelhi-Lucknow AC Express,MB,MORADABAD,02:15:00,02:23:00,2,,NR,Uttar Pradesh
12234,NewDelhi-Lucknow AC Express,BE,BAREILLY,03:40:00,03:45:00,2,,NER,Uttar Pradesh
12234,NewDelhi-Lucknow AC Express,LKO,LUCKNOW,07:10:00,None,2,,NER,Uttar Pradesh
12281,Bhubaneswar-New Delhi Duronto,BBS,BHUBANESWAR,None,08:10:00,1,,ECoR,Odisha
12281,Bhubaneswar-New Delhi Duronto,CTC,CUTTACK,08:31:00,08:31:00,1,,ECoR,Odisha
12281,Bhubaneswar-New Delhi Duronto,GAYA,GAYA JN,17:35:00,17:35:00,1,,ECR,Bihar
12281,Bhubaneswar-New Delhi Duronto,MGS,MUGHAL SARAI JN,20:13:00,20:13:00,1,,ECR,Uttar Pradesh
12281,Bhubaneswar-New Delhi Duronto,ALD,ALLAHABAD JN,22:11:00,22:11:00,1,,NCR,Uttar Pradesh
12281,Bhubaneswar-New Delhi Duronto,CNB,KANPUR CENTRAL,00:40:00,00:40:00,2,,NCR,Uttar Pradesh
12281,Bhubaneswar-New Delhi Duronto,TDL,TUNDLA JN,03:38:00,03:38:00,2,,NCR,Uttar Pradesh
12281,Bhubaneswar-New Delhi Duronto,ALJN,ALIGARH JN,04:39:00,04:39:00,2,,NCR,Uttar Pradesh
12281,Bhubaneswar-New Delhi Duronto,GZB,GHAZIABAD,06:00:00,06:00:00,2,,NR,Uttar Pradesh
12281,Bhubaneswar-New Delhi Duronto,NDLS,NEW DELHI,06:05:00,None,2,,NR,Delhi
12013,New Delhi-Amritsar Shatabdi Express,NDLS,NEW DELHI,None,16:30:00,1,,NR,Delhi
12013,New Delhi-Amritsar Shatabdi Express,UMB,AMBALA CANT JN,19:03:00,19:03:00,1,,NR,Haryana
12013,New Delhi-Amritsar Shatabdi Express,LDH,LUDHIANA JN,20:32:00,20:35:00,1,,NR,Punjab
12013,New Delhi-Amritsar Shatabdi Express,ASR,AMRITSAR JN,22:35:00,None,1,,NR,Punjab
18005,HOWRAH - JAGDALPUR Samaleshwari Exp,HWH,HOWRAH JN,None,21:35:00,1,,ER,West Bengal
18005,HOWRAH - JAGDALPUR Samaleshwari Exp,TATA,TATANAGAR JN,01:45:00,01:50:00,2,,SER,Jharkhand
18005,HOWRAH - JAGDALPUR Samaleshwari Exp,ROU,ROURKELA,04:45:00,05:05:00,2,,SER,Odisha
17058,Devagiri Express,SC,SECUNDERABAD JN,None,13:35:00,1,,SCR,Telangana
17058,Devagiri Express,NZB,NIZAMABAD,16:10:00,16:15:00,1,,SCR,Andhra Pradesh
17058,Devagiri Express,AWB,AURANGABAD,23:20:00,23:25:00,1,,SCR,Maharashtra
17058,Devagiri Express,KYN,KALYAN JN,05:55:00,06:00:00,2,,CR,Maharashtra
17058,Devagiri Express,DR,MUMBAI DADAR CENTRAL,06:44:00,06:45:00,2,,CR,Maharashtra
17058,Devagiri Express,CSTM,MUMBAI CST,07:10:00,None,2,,CR,Maharashtra
12027,CHENNAI CENT - BANGALORE CITY Shatabdi Exp,MAS,CHENNAI CENTRAL,None,17:30:00,1,,SR,Tamil Nadu
12027,CHENNAI CENT - BANGALORE CITY Shatabdi Exp,SBC,BANGALORE CITY JN,22:30:00,None,1,,SWR,Karnataka
12917,Gujarat Sampark Kranti Express,ADI,AHMEDABAD JN,None,17:20:00,1,,WR,Gujarat
12917,Gujarat Sampark Kranti Express,BRC,VADODARA JN,19:15:00,19:40:00,1,,WR,Gujarat
12917,Gujarat Sampark Kranti Express,RTM,RATLAM JN,23:30:00,23:35:00,1,,WR,Madhya Pradesh
12917,Gujarat Sampark Kranti Express,KOTA,KOTA JN,02:55:00,03:05:00,2,,WCR,Rajasthan
12917,Gujarat Sampark Kranti Express,NZM,DELHI H NIZAMUDDIN,10:40:00,None,2,,NR,Delhi
12009,Mumbai-Ahmedabad Shatabdi Express,BCT,Mumbai Central,None,06:25:00,1,,WR,Maharashtra
12009,Mumbai-Ahmedabad Shatabdi Express,ST,SURAT,09:40:00,09:45:00,1,,WR,Gujarat
12009,Mumbai-Ahmedabad Shatabdi Express,BRC,VADODARA JN,11:15:00,11:20:00,1,,WR,Gujarat
12009,Mumbai-Ahmedabad Shatabdi Express,ADI,AHMEDABAD JN,13:10:00,None,1,,WR,Gujarat
12782,Nizamuddin-Mysore Swarna Jayanti Express,NZM,DELHI H NIZAMUDDIN,None,06:00:00,1,,NR,Delhi
12782,Nizamuddin-Mysore Swarna Jayanti Express,AGC,AGRA CANTT,09:10:00,09:15:00,1,,NCR,Uttar Pradesh
12782,Nizamuddin-Mysore Swarna Jayanti Express,GWL,GWALIOR JN,11:07:00,11:12:00,1,,NCR,Madhya Pradesh
12782,Nizamuddin-Mysore Swarna Jayanti Express,JHS,JHANSI JN,12:45:00,12:55:00,1,,NCR,Uttar Pradesh
12782,Nizamuddin-Mysore Swarna Jayanti Express,BPL,BHOPAL JN,17:10:00,17:15:00,1,,WCR,Madhya Pradesh
12782,Nizamuddin-Mysore Swarna Jayanti Express,ET,ITARSI JN,19:00:00,19:10:00,1,,WCR,Madhya Pradesh
12782,Nizamuddin-Mysore Swarna Jayanti Express,PUNE,PUNE JN,09:20:00,09:30:00,2,,CR,Maharashtra
12782,Nizamuddin-Mysore Swarna Jayanti Express,UBL,HUBLI JN,20:10:00,20:20:00,2,,SWR,Karnataka
12782,Nizamuddin-Mysore Swarna Jayanti Express,MYS,MYSORE JN,05:05:00,None,3,,SWR,Karnataka
18414,Puri Paradip InterCity Express,PURI,PURI,None,06:00:00,1,,ECoR,Odisha
18414,Puri Paradip InterCity Express,BBS,BHUBANESWAR,07:32:00,07:37:00,1,,ECoR,Odisha
18414,Puri Paradip InterCity Express,CTC,CUTTACK,08:25:00,08:40:00,1,,ECoR,Odisha
18238-Slip,Chhattisgarh Express Slip,ASR,AMRITSAR JN,None,16:15:00,1,,NR,Punjab
18238-Slip,Chhattisgarh Express Slip,LDH,LUDHIANA JN,19:20:00,19:30:00,1,,NR,Punjab
18238-Slip,Chhattisgarh Express Slip,UMB,AMBALA CANT JN,22:10:00,22:20:00,1,,NR,Haryana
18238-Slip,Chhattisgarh Express Slip,GZB,GHAZIABAD,03:28:00,03:30:00,2,,NR,Uttar Pradesh
18238-Slip,Chhattisgarh Express Slip,NZM,DELHI H NIZAMUDDIN,04:15:00,04:40:00,2,,NR,Delhi
18238-Slip,Chhattisgarh Express Slip,AGC,AGRA CANTT,08:30:00,08:40:00,2,,NCR,Uttar Pradesh
18238-Slip,Chhattisgarh Express Slip,GWL,GWALIOR JN,10:30:00,10:35:00,2,,NCR,Madhya Pradesh
18238-Slip,Chhattisgarh Express Slip,JHS,JHANSI JN,13:10:00,13:20:00,2,,NCR,Uttar Pradesh
18238-Slip,Chhattisgarh Express Slip,BPL,BHOPAL JN,18:50:00,18:55:00,2,,WCR,Madhya Pradesh
18238-Slip,Chhattisgarh Express Slip,ET,ITARSI JN,21:15:00,21:25:00,2,,WCR,Madhya Pradesh
12829,Chennai Bhubaneswar SF Express,MAS,CHENNAI CENTRAL,None,21:10:00,1,,SR,Tamil Nadu
12829,Chennai Bhubaneswar SF Express,BZA,VIJAYAWADA JN,04:00:00,04:15:00,2,,SCR,Andhra Pradesh
12829,Chennai Bhubaneswar SF Express,VSKP,VISHAKAPATNAM,10:25:00,10:45:00,2,,ECoR,Andhra Pradesh
12829,Chennai Bhubaneswar SF Express,BBS,BHUBANESWAR,17:35:00,None,2,,ECoR,Odisha
63525,Barddhaman Asansol mEMU,BWN,BARDDHAMAN JN,None,20:05:00,1,,ER,West Bengal
63525,Barddhaman Asansol mEMU,ASN,ASANSOL JN,22:00:00,None,1,,ER,West Bengal
12340,Coalfield Express,DHN,DHANBAD JN,None,05:55:00,1,,ECR,Jharkhand
12340,Coalfield Express,ASN,ASANSOL JN,07:00:00,07:03:00,1,,ER,West Bengal
12340,Coalfield Express,BWN,BARDDHAMAN JN,08:52:00,08:52:00,1,,ER,West Bengal
12340,Coalfield Express,HWH,HOWRAH JN,10:25:00,None,1,,ER,West Bengal
12837,Howrah-Puri Express,HWH,HOWRAH JN,None,22:35:00,1,,ER,West Bengal
12837,Howrah-Puri Express,CTC,CUTTACK,04:25:00,04:30:00,2,,ECoR,Odisha
12837,Howrah-Puri Express,BBS,BHUBANESWAR,05:10:00,05:15:00,2,,ECoR,Odisha
12837,Howrah-Puri Express,PURI,PURI,07:30:00,None,2,,ECoR,Odisha
12029,New Delhi-Amritsar Swarna Shatabdi Express,NDLS,NEW DELHI,None,07:20:00,1,,NR,Delhi
12029,New Delhi-Amritsar Swarna Shatabdi Express,UMB,AMBALA CANT JN,09:55:00,09:57:00,1,,NR,Haryana
12029,New Delhi-Amritsar Swarna Shatabdi Express,LDH,LUDHIANA JN,11:20:00,11:23:00,1,,NR,Punjab
12029,New Delhi-Amritsar Swarna Shatabdi Express,ASR,AMRITSAR JN,13:25:00,None,1,,NR,Punjab
12802,Purushottam SF Express,NDLS,NEW DELHI,None,22:20:00,1,,NR,Delhi
12802,Purushottam SF Express,GZB,GHAZIABAD,22:43:00,22:43:00,1,,NR,Uttar Pradesh
12802,Purushottam SF Express,ALJN,ALIGARH JN,00:18:00,00:18:00,2,,NCR,Uttar Pradesh
12802,Purushottam SF Express,TDL,TUNDLA JN,01:28:00,01:28:00,2,,NCR,Uttar Pradesh
12802,Purushottam SF Express,CNB,KANPUR CENTRAL,04:50:00,04:55:00,2,,NCR,Uttar Pradesh
12802,Purushottam SF Express,ALD,ALLAHABAD JN,07:25:00,07:35:00,2,,NCR,Uttar Pradesh
12802,Purushottam SF Express,MGS,MUGHAL SARAI JN,10:20:00,10:40:00,2,,ECR,Uttar Pradesh
12802,Purushottam SF Express,GAYA,GAYA JN,13:30:00,13:35:00,2,,ECR,Bihar
12802,Purushottam SF Express,TATA,TATANAGAR JN,20:05:00,20:20:00,2,,SER,Jharkhand
12802,Purushottam SF Express,CTC,CUTTACK,02:45:00,02:50:00,3,,ECoR,Odisha
12802,Purushottam SF Express,BBS,BHUBANESWAR,03:30:00,03:35:00,3,,ECoR,Odisha
12802,Purushottam SF Express,PURI,PURI,05:20:00,None,3,,ECoR,Odisha
12623,Chennai Tiruvananthapuram SF Mail,MAS,CHENNAI CENTRAL,None,19:45:00,1,,SR,Tamil Nadu
12623,Chennai Tiruvananthapuram SF Mail,ERS,ERNAKULAM JN,06:28:00,06:28:00,2,,SR,Kerala
12623,Chennai Tiruvananthapuram SF Mail,TVC,TRIVANDRUM CENTRAL,11:25:00,None,2,,SR,Kerala
12343-Slip,Darjeeling Mail Slip,SDAH,KOLKATA SEALDAH,None,22:05:00,1,,ER,West Bengal
12343-Slip,Darjeeling Mail Slip,BWN,BARDDHAMAN JN,23:43:00,23:46:00,1,,ER,West Bengal
12343-Slip,Darjeeling Mail Slip,NJP,NEW JALPAIGURI,08:00:00,13:05:00,2,,NFR,West Bengal
12263,Pune - Hazrat Nizamuddin AC Duronto Express,PUNE,PUNE JN,None,11:10:00,1,,CR,Maharashtra
12263,Pune - Hazrat Nizamuddin AC Duronto Express,KYN,KALYAN JN,13:00:00,13:00:00,1,,CR,Maharashtra
12263,Pune - Hazrat Nizamuddin AC Duronto Express,ST,SURAT,16:29:00,16:29:00,1,,WR,Gujarat
12263,Pune - Hazrat Nizamuddin AC Duronto Express,BRC,VADODARA JN,18:13:00,18:13:00,1,,WR,Gujarat
12263,Pune - Hazrat Nizamuddin AC Duronto Express,RTM,RATLAM JN,21:40:00,21:40:00,1,,WR,Madhya Pradesh
12263,Pune - Hazrat Nizamuddin AC Duronto Express,KOTA,KOTA JN,01:14:00,01:14:00,2,,WCR,Rajasthan
12263,Pune - Hazrat Nizamuddin AC Duronto Express,NZM,DELHI H NIZAMUDDIN,07:15:00,None,2,,NR,Delhi
16614,COIMBATORE - RAJKOT Exp,CBE,COIMBATORE JN,None,23:45:00,1,,SR,Tamil Nadu
16614,COIMBATORE - RAJKOT Exp,GTL,GUNTAKAL JN,14:00:00,14:20:00,2,,SCR,Andhra Pradesh
16614,COIMBATORE - RAJKOT Exp,SUR,SOLAPUR JN,21:15:00,21:25:00,2,,CR,Maharashtra
16614,COIMBATORE - RAJKOT Exp,PUNE,PUNE JN,02:00:00,02:05:00,3,,CR,Maharashtra
16614,COIMBATORE - RAJKOT Exp,KYN,KALYAN JN,04:45:00,04:50:00,3,,CR,Maharashtra
16614,COIMBATORE - RAJKOT Exp,ST,SURAT,10:05:00,10:15:00,3,,WR,Gujarat
16614,COIMBATORE - RAJKOT Exp,BRC,VADODARA JN,12:10:00,12:20:00,3,,WR,Gujarat
16614,COIMBATORE - RAJKOT Exp,ADI,AHMEDABAD JN,14:45:00,15:05:00,3,,WR,Gujarat
12522,Raptisagar Express,ERS,ERNAKULAM JN,None,10:10:00,1,,SR,Kerala
12522,Raptisagar Express,CBE,COIMBATORE JN,15:15:00,15:20:00,1,,SR,Tamil Nadu
12522,Raptisagar Express,MAS,CHENNAI CENTRAL,23:05:00,23:25:00,1,,SR,Tamil Nadu
12522,Raptisagar Express,BZA,VIJAYAWADA JN,06:05:00,06:20:00,2,,SCR,Andhra Pradesh
12522,Raptisagar Express,NGP,NAGPUR,16:45:00,17:00:00,2,,SECR,Maharashtra
12522,Raptisagar Express,ET,ITARSI JN,22:25:00,22:30:00,2,,WCR,Madhya Pradesh
12522,Raptisagar Express,BPL,BHOPAL JN,00:10:00,00:25:00,3,,WCR,Madhya Pradesh
12522,Raptisagar Express,JHS,JHANSI JN,04:20:00,04:40:00,3,,NCR,Uttar Pradesh
12522,Raptisagar Express,CNB,KANPUR CENTRAL,08:15:00,08:20:00,3,,NCR,Uttar Pradesh
12522,Raptisagar Express,MFP,MUZAFFARPUR JN,21:00:00,21:07:00,3,,ECR,Bihar
12290,Nagpur-Mumbai CST Duronto Express,NGP,NAGPUR,None,20:50:00,1,,SECR,Maharashtra
12290,Nagpur-Mumbai CST Duronto Express,KYN,KALYAN JN,07:12:00,07:12:00,2,,CR,Maharashtra
12290,Nagpur-Mumbai CST Duronto Express,DR,MUMBAI DADAR CENTRAL,07:47:00,07:47:00,2,,CR,Maharashtra
12290,Nagpur-Mumbai CST Duronto Express,CSTM,MUMBAI CST,07:50:00,None,2,,CR,Maharashtra
54251,Lucknow Saharanpur Passenger,LKO,LUCKNOW,None,23:45:00,1,,NER,Uttar Pradesh
54251,Lucknow Saharanpur Passenger,BE,BAREILLY,07:42:00,07:52:00,2,,NER,Uttar Pradesh
54251,Lucknow Saharanpur Passenger,MB,MORADABAD,11:25:00,12:00:00,2,,NR,Uttar Pradesh
22682,CHENNAI - MYSORE Weekly SF Exp,MAS,CHENNAI CENTRAL,None,23:30:00,1,,SR,Tamil Nadu
22682,CHENNAI - MYSORE Weekly SF Exp,SBC,BANGALORE CITY JN,05:30:00,05:40:00,2,,SWR,Karnataka
22682,CHENNAI - MYSORE Weekly SF Exp,MYS,MYSORE JN,08:35:00,None,2,,SWR,Karnataka
12015,New Delhi-Ajmer Shatabdi,NDLS,NEW DELHI,None,06:05:00,1,,NR,Delhi
12015,New Delhi-Ajmer Shatabdi,JP,JAIPUR,10:30:00,10:35:00,1,,NWR,Rajasthan
12840,Chennai-Howrah SF Mail,MAS,CHENNAI CENTRAL,None,23:40:00,1,,SR,Tamil Nadu
12840,Chennai-Howrah SF Mail,BZA,VIJAYAWADA JN,06:25:00,06:40:00,2,,SCR,Andhra Pradesh
12840,Chennai-Howrah SF Mail,VSKP,VISHAKAPATNAM,13:00:00,13:20:00,2,,ECoR,Andhra Pradesh
12840,Chennai-Howrah SF Mail,BBS,BHUBANESWAR,20:25:00,20:40:00,2,,ECoR,Odisha
12840,Chennai-Howrah SF Mail,CTC,CUTTACK,21:20:00,21:25:00,2,,ECoR,Odisha
12840,Chennai-Howrah SF Mail,HWH,HOWRAH JN,04:10:00,None,3,,ER,West Bengal
12878,New Delhi-Ranchi Garib Rath,NDLS,NEW DELHI,None,16:10:00,1,,NR,Delhi
12878,New Delhi-Ranchi Garib Rath,GZB,GHAZIABAD,16:27:00,16:27:00,1,,NR,Uttar Pradesh
12878,New Delhi-Ranchi Garib Rath,ALJN,ALIGARH JN,17:38:00,17:38:00,1,,NCR,Uttar Pradesh
12878,New Delhi-Ranchi Garib Rath,TDL,TUNDLA JN,18:30:00,18:30:00,1,,NCR,Uttar Pradesh
12878,New Delhi-Ranchi Garib Rath,CNB,KANPUR CENTRAL,21:00:00,21:05:00,1,,NCR,Uttar Pradesh
12878,New Delhi-Ranchi Garib Rath,ALD,ALLAHABAD JN,23:08:00,23:10:00,1,,NCR,Uttar Pradesh
12878,New Delhi-Ranchi Garib Rath,MGS,MUGHAL SARAI JN,01:18:00,01:28:00,2,,ECR,Uttar Pradesh
12807,Samata Express,VSKP,VISHAKAPATNAM,None,06:25:00,1,,ECoR,Andhra Pradesh
12807,Samata Express,R,RAIPUR JN,16:40:00,17:00:00,1,,SECR,Chhattisgarh
12807,Samata Express,NGP,NAGPUR,22:25:00,22:50:00,1,,SECR,Maharashtra
12807,Samata Express,ET,ITARSI JN,03:45:00,03:55:00,2,,WCR,Madhya Pradesh
12807,Samata Express,BPL,BHOPAL JN,06:00:00,06:05:00,2,,WCR,Madhya Pradesh
12807,Samata Express,JHS,JHANSI JN,10:20:00,10:30:00,2,,NCR,Uttar Pradesh
12807,Samata Express,GWL,GWALIOR JN,11:45:00,11:50:00,2,,NCR,Madhya Pradesh
12807,Samata Express,AGC,AGRA CANTT,13:40:00,13:45:00,2,,NCR,Uttar Pradesh
12807,Samata Express,NZM,DELHI H NIZAMUDDIN,16:45:00,None,2,,NR,Delhi
12881,Howrah Puri Garib Rath,HWH,HOWRAH JN,None,20:55:00,1,,ER,West Bengal
12881,Howrah Puri Garib Rath,CTC,CUTTACK,03:05:00,03:10:00,2,,ECoR,Odisha
12881,Howrah Puri Garib Rath,BBS,BHUBANESWAR,03:50:00,03:55:00,2,,ECoR,Odisha
12881,Howrah Puri Garib Rath,PURI,PURI,05:55:00,None,2,,ECoR,Odisha
12713,Satavahana Express,BZA,VIJAYAWADA JN,None,06:10:00,1,,SCR,Andhra Pradesh
12713,Satavahana Express,SC,SECUNDERABAD JN,11:45:00,None,1,,SCR,Telangana
53654,Gaya Patna Passenger MEMU,GAYA,GAYA JN,None,06:30:00,1,,ECR,Bihar
53654,Gaya Patna Passenger MEMU,PNBE,PATNA JN,09:45:00,None,1,,ECR,Bihar
16318-Slip,Himsagar Express Slip,JAT,JAMMU TAWI,None,23:45:00,1,,NR,Jammu and Kashmir
16318-Slip,Himsagar Express Slip,LDH,LUDHIANA JN,05:05:00,05:20:00,2,,NR,Punjab
16318-Slip,Himsagar Express Slip,NDLS,NEW DELHI,13:15:00,14:10:00,2,,NR,Delhi
16318-Slip,Himsagar Express Slip,NZM,DELHI H NIZAMUDDIN,14:25:00,14:50:00,2,,NR,Delhi
16318-Slip,Himsagar Express Slip,AGC,AGRA CANTT,18:30:00,18:35:00,2,,NCR,Uttar Pradesh
16318-Slip,Himsagar Express Slip,GWL,GWALIOR JN,20:09:00,20:12:00,2,,NCR,Madhya Pradesh
16318-Slip,Himsagar Express Slip,JHS,JHANSI JN,21:35:00,21:45:00,2,,NCR,Uttar Pradesh
16318-Slip,Himsagar Express Slip,BPL,BHOPAL JN,01:40:00,01:50:00,3,,WCR,Madhya Pradesh
16318-Slip,Himsagar Express Slip,ET,ITARSI JN,03:35:00,03:45:00,3,,WCR,Madhya Pradesh
16318-Slip,Himsagar Express Slip,NGP,NAGPUR,08:30:00,08:40:00,3,,SECR,Maharashtra
16318-Slip,Himsagar Express Slip,BZA,VIJAYAWADA JN,19:05:00,19:20:00,3,,SCR,Andhra Pradesh
11039,Maharashtra Express,KOP,C SHAHU M RAJ KOLHAPUR TERM,None,15:30:00,1,,CR,Maharashtra
11039,Maharashtra Express,PUNE,PUNE JN,23:10:00,23:20:00,1,,CR,Maharashtra
11039,Maharashtra Express,NGP,NAGPUR,17:20:00,17:40:00,2,,SECR,Maharashtra
13504,Asansol-Sealdah InterCity Express,ASN,ASANSOL JN,None,06:35:00,1,,ER,West Bengal
13504,Asansol-Sealdah InterCity Express,BWN,BARDDHAMAN JN,08:11:00,08:13:00,1,,ER,West Bengal
13504,Asansol-Sealdah InterCity Express,SDAH,KOLKATA SEALDAH,10:45:00,None,1,,ER,West Bengal
59442,Ahmedabad Mumbai Central Passenger,ADI,AHMEDABAD JN,None,12:05:00,1,,WR,Gujarat
59442,Ahmedabad Mumbai Central Passenger,BRC,VADODARA JN,15:35:00,15:50:00,1,,WR,Gujarat
59442,Ahmedabad Mumbai Central Passenger,ST,SURAT,20:25:00,21:00:00,1,,WR,Gujarat
59442,Ahmedabad Mumbai Central Passenger,BCT,Mumbai Central,04:40:00,None,2,,WR,Maharashtra
12264,Hazrat Nizamuddin-Pune AC Duronto Express,NZM,DELHI H NIZAMUDDIN,None,11:00:00,1,,NR,Delhi
12264,Hazrat Nizamuddin-Pune AC Duronto Express,KOTA,KOTA JN,17:05:00,17:05:00,1,,WCR,Rajasthan
12264,Hazrat Nizamuddin-Pune AC Duronto Express,RTM,RATLAM JN,20:37:00,20:37:00,1,,WR,Madhya Pradesh
12264,Hazrat Nizamuddin-Pune AC Duronto Express,BRC,VADODARA JN,00:03:00,00:03:00,2,,WR,Gujarat
12264,Hazrat Nizamuddin-Pune AC Duronto Express,ST,SURAT,01:47:00,01:47:00,2,,WR,Gujarat
12264,Hazrat Nizamuddin-Pune AC Duronto Express,KYN,KALYAN JN,05:14:00,05:14:00,2,,CR,Maharashtra
12264,Hazrat Nizamuddin-Pune AC Duronto Express,PUNE,PUNE JN,07:00:00,None,2,,CR,Maharashtra
12859,MUMBAI CST - HOWRAH Gitanjali Exp,CSTM,MUMBAI CST,None,06:00:00,1,,CR,Maharashtra
12859,MUMBAI CST - HOWRAH Gitanjali Exp,DR,MUMBAI DADAR CENTRAL,06:13:00,06:15:00,1,,CR,Maharashtra
12859,MUMBAI CST - HOWRAH Gitanjali Exp,KYN,KALYAN JN,06:55:00,07:00:00,1,,CR,Maharashtra
12859,MUMBAI CST - HOWRAH Gitanjali Exp,NGP,NAGPUR,18:55:00,19:05:00,1,,SECR,Maharashtra
12859,MUMBAI CST - HOWRAH Gitanjali Exp,R,RAIPUR JN,23:25:00,23:35:00,1,,SECR,Chhattisgarh
12859,MUMBAI CST - HOWRAH Gitanjali Exp,BSP,BILASPUR JN,01:15:00,01:30:00,2,,SECR,Chhattisgarh
12859,MUMBAI CST - HOWRAH Gitanjali Exp,ROU,ROURKELA,05:43:00,05:50:00,2,,SER,Odisha
12859,MUMBAI CST - HOWRAH Gitanjali Exp,TATA,TATANAGAR JN,08:15:00,08:30:00,2,,SER,Jharkhand
12859,MUMBAI CST - HOWRAH Gitanjali Exp,HWH,HOWRAH JN,12:30:00,None,2,,ER,West Bengal
12170,Solapur Pune Intercity Express,SUR,SOLAPUR JN,None,14:00:00,1,,CR,Maharashtra
12170,Solapur Pune Intercity Express,PUNE,PUNE JN,18:05:00,None,1,,CR,Maharashtra
17202,Golconda Express,SC,SECUNDERABAD JN,None,13:05:00,1,,SCR,Telangana
17202,Golconda Express,BZA,VIJAYAWADA JN,19:55:00,20:15:00,1,,SCR,Andhra Pradesh
12512,Rapti Sagar Expres,TVC,TRIVANDRUM CENTRAL,None,05:30:00,1,,SR,Kerala
12512,Rapti Sagar Expres,ERS,ERNAKULAM JN,10:00:00,10:10:00,1,,SR,Kerala
12512,Rapti Sagar Expres,CBE,COIMBATORE JN,15:15:00,15:20:00,1,,SR,Tamil Nadu
12512,Rapti Sagar Expres,MAS,CHENNAI CENTRAL,23:05:00,23:25:00,1,,SR,Tamil Nadu
12512,Rapti Sagar Expres,BZA,VIJAYAWADA JN,06:05:00,06:20:00,2,,SCR,Andhra Pradesh
12512,Rapti Sagar Expres,NGP,NAGPUR,16:45:00,17:00:00,2,,SECR,Maharashtra
12512,Rapti Sagar Expres,ET,ITARSI JN,22:25:00,22:30:00,2,,WCR,Madhya Pradesh
12512,Rapti Sagar Expres,BPL,BHOPAL JN,00:10:00,00:25:00,3,,WCR,Madhya Pradesh
12512,Rapti Sagar Expres,JHS,JHANSI JN,04:20:00,04:40:00,3,,NCR,Uttar Pradesh
12512,Rapti Sagar Expres,CNB,KANPUR CENTRAL,08:15:00,08:20:00,3,,NCR,Uttar Pradesh
17037,SECUNDERABAD - BIKANER Express,SC,SECUNDERABAD JN,None,23:15:00,1,,SCR,Telangana
17037,SECUNDERABAD - BIKANER Express,ST,SURAT,21:17:00,21:22:00,2,,WR,Gujarat
17037,SECUNDERABAD - BIKANER Express,BRC,VADODARA JN,23:05:00,23:10:00,2,,WR,Gujarat
17037,SECUNDERABAD - BIKANER Express,ADI,AHMEDABAD JN,01:00:00,01:20:00,3,,WR,Gujarat
17037,SECUNDERABAD - BIKANER Express,JU,JODHPUR JN,10:40:00,10:50:00,3,,NWR,Rajasthan
17037,SECUNDERABAD - BIKANER Express,BKN,BIKANER JN,17:00:00,None,3,,NWR,Rajasthan
12684,BANGALORE - ERNAKULAM SF Exp,SBC,BANGALORE CITY JN,None,17:15:00,1,,SWR,Karnataka
12684,BANGALORE - ERNAKULAM SF Exp,ERS,ERNAKULAM JN,04:20:00,None,2,,SR,Kerala
12843,Puri Ahmedabad Superfast Express,PURI,PURI,None,17:30:00,1,,ECoR,Odisha
12843,Puri Ahmedabad Superfast Express,R,RAIPUR JN,09:35:00,09:55:00,2,,SECR,Chhattisgarh
12843,Puri Ahmedabad Superfast Express,NGP,NAGPUR,14:35:00,14:45:00,2,,SECR,Maharashtra
12843,Puri Ahmedabad Superfast Express,ST,SURAT,03:37:00,03:42:00,3,,WR,Gujarat
12843,Puri Ahmedabad Superfast Express,BRC,VADODARA JN,05:30:00,05:35:00,3,,WR,Gujarat
12843,Puri Ahmedabad Superfast Express,ADI,AHMEDABAD JN,07:25:00,None,3,,WR,Gujarat
12114,Nagpur-Pune Garib Rath,NGP,NAGPUR,None,18:35:00,1,,SECR,Maharashtra
12114,Nagpur-Pune Garib Rath,PUNE,PUNE JN,09:45:00,None,2,,CR,Maharashtra
12140,Sevagram Express,NGP,NAGPUR,None,21:00:00,1,,SECR,Maharashtra
12140,Sevagram Express,KYN,KALYAN JN,10:40:00,10:45:00,2,,CR,Maharashtra
12140,Sevagram Express,DR,MUMBAI DADAR CENTRAL,11:38:00,11:40:00,2,,CR,Maharashtra
12140,Sevagram Express,CSTM,MUMBAI CST,12:00:00,None,2,,CR,Maharashtra
12814,Steel Express,TATA,TATANAGAR JN,None,06:15:00,1,,SER,Jharkhand
12814,Steel Express,HWH,HOWRAH JN,10:20:00,None,1,,ER,West Bengal
22854,Visakhapatnam-Shalimar Express,VSKP,VISHAKAPATNAM,None,13:45:00,1,,ECoR,Andhra Pradesh
22854,Visakhapatnam-Shalimar Express,BBS,BHUBANESWAR,20:55:00,21:00:00,1,,ECoR,Odisha
22854,Visakhapatnam-Shalimar Express,CTC,CUTTACK,21:30:00,21:35:00,1,,ECoR,Odisha
12452,Shram Shakti Express,NDLS,NEW DELHI,None,23:40:00,1,,NR,Delhi
12452,Shram Shakti Express,GZB,GHAZIABAD,00:02:00,00:02:00,2,,NR,Uttar Pradesh
12452,Shram Shakti Express,ALJN,ALIGARH JN,01:33:00,01:33:00,2,,NCR,Uttar Pradesh
12452,Shram Shakti Express,TDL,TUNDLA JN,02:41:00,02:41:00,2,,NCR,Uttar Pradesh
12452,Shram Shakti Express,CNB,KANPUR CENTRAL,05:55:00,None,2,,NCR,Uttar Pradesh
12023,Howrah-Patna Jan Shatabdi,HWH,HOWRAH JN,None,14:05:00,1,,ER,West Bengal
12023,Howrah-Patna Jan Shatabdi,BWN,BARDDHAMAN JN,15:14:00,15:14:00,1,,ER,West Bengal
12023,Howrah-Patna Jan Shatabdi,ASN,ASANSOL JN,16:39:00,16:49:00,1,,ER,West Bengal
12023,Howrah-Patna Jan Shatabdi,PNBE,PATNA JN,22:15:00,None,1,,ECR,Bihar
12448,UP Sampark Kranti Express,NZM,DELHI H NIZAMUDDIN,None,20:15:00,1,,NR,Delhi
12448,UP Sampark Kranti Express,AGC,AGRA CANTT,23:15:00,23:20:00,1,,NCR,Uttar Pradesh
12448,UP Sampark Kranti Express,GWL,GWALIOR JN,00:51:00,00:51:00,2,,NCR,Madhya Pradesh
12448,UP Sampark Kranti Express,JHS,JHANSI JN,02:05:00,02:25:00,2,,NCR,Uttar Pradesh
15648,GUWAHATI - MUMBAI LTT Exp,GHY,GUWAHATI,None,15:00:00,1,,NFR,Assam
15648,GUWAHATI - MUMBAI LTT Exp,NJP,NEW JALPAIGURI,23:25:00,23:40:00,1,,NFR,West Bengal
15648,GUWAHATI - MUMBAI LTT Exp,PNBE,PATNA JN,13:50:00,14:00:00,2,,ECR,Bihar
15648,GUWAHATI - MUMBAI LTT Exp,MGS,MUGHAL SARAI JN,17:40:00,18:00:00,2,,ECR,Uttar Pradesh
15648,GUWAHATI - MUMBAI LTT Exp,JBP,JABALPUR,02:00:00,02:10:00,3,,WCR,Madhya Pradesh
15648,GUWAHATI - MUMBAI LTT Exp,ET,ITARSI JN,07:10:00,07:25:00,3,,WCR,Madhya Pradesh
15648,GUWAHATI - MUMBAI LTT Exp,KYN,KALYAN JN,19:00:00,19:05:00,3,,CR,Maharashtra
12313,KOL SEALDAH - NEW DELHI Rajdhani Exp,BWN,BARDDHAMAN JN,None,None,,,ER,West Bengal
12313,KOL SEALDAH - NEW DELHI Rajdhani Exp,SDAH,KOLKATA SEALDAH,None,16:50:00,1,,ER,West Bengal
12313,KOL SEALDAH - NEW DELHI Rajdhani Exp,ASN,ASANSOL JN,19:24:00,19:28:00,1,,ER,West Bengal
12313,KOL SEALDAH - NEW DELHI Rajdhani Exp,DHN,DHANBAD JN,20:20:00,20:25:00,1,,ECR,Jharkhand
12313,KOL SEALDAH - NEW DELHI Rajdhani Exp,GAYA,GAYA JN,22:51:00,22:54:00,1,,ECR,Bihar
12313,KOL SEALDAH - NEW DELHI Rajdhani Exp,MGS,MUGHAL SARAI JN,01:10:00,01:20:00,2,,ECR,Uttar Pradesh
12313,KOL SEALDAH - NEW DELHI Rajdhani Exp,ALD,ALLAHABAD JN,03:02:00,03:02:00,2,,NCR,Uttar Pradesh
12313,KOL SEALDAH - NEW DELHI Rajdhani Exp,CNB,KANPUR CENTRAL,05:10:00,05:18:00,2,,NCR,Uttar Pradesh
12313,KOL SEALDAH - NEW DELHI Rajdhani Exp,TDL,TUNDLA JN,07:59:00,07:59:00,2,,NCR,Uttar Pradesh
12313,KOL SEALDAH - NEW DELHI Rajdhani Exp,ALJN,ALIGARH JN,08:53:00,08:53:00,2,,NCR,Uttar Pradesh
12313,KOL SEALDAH - NEW DELHI Rajdhani Exp,GZB,GHAZIABAD,10:07:00,10:07:00,2,,NR,Uttar Pradesh
12313,KOL SEALDAH - NEW DELHI Rajdhani Exp,NDLS,NEW DELHI,10:20:00,None,2,,NR,Delhi
12209,Kanpur-Kathgodam Garib Rath,CNB,KANPUR CENTRAL,None,06:15:00,1,,NCR,Uttar Pradesh
12209,Kanpur-Kathgodam Garib Rath,LKO,LUCKNOW,08:05:00,08:05:00,1,,NER,Uttar Pradesh
12209,Kanpur-Kathgodam Garib Rath,BE,BAREILLY,11:30:00,11:35:00,1,,NER,Uttar Pradesh
12310,New Delhi Rajendra Nagar Rajdhani Express,NDLS,NEW DELHI,None,17:10:00,1,,NR,Delhi
12310,New Delhi Rajendra Nagar Rajdhani Express,GZB,GHAZIABAD,17:26:00,17:26:00,1,,NR,Uttar Pradesh
12310,New Delhi Rajendra Nagar Rajdhani Express,ALJN,ALIGARH JN,18:33:00,18:33:00,1,,NCR,Uttar Pradesh
12310,New Delhi Rajendra Nagar Rajdhani Express,TDL,TUNDLA JN,19:23:00,19:23:00,1,,NCR,Uttar Pradesh
12310,New Delhi Rajendra Nagar Rajdhani Express,CNB,KANPUR CENTRAL,21:47:00,21:52:00,1,,NCR,Uttar Pradesh
12310,New Delhi Rajendra Nagar Rajdhani Express,ALD,ALLAHABAD JN,23:56:00,23:59:00,1,,NCR,Uttar Pradesh
12310,New Delhi Rajendra Nagar Rajdhani Express,MGS,MUGHAL SARAI JN,01:55:00,02:10:00,2,,ECR,Uttar Pradesh
12310,New Delhi Rajendra Nagar Rajdhani Express,PNBE,PATNA JN,05:35:00,05:45:00,2,,ECR,Bihar
14210,Lucknow-Vindhyachal InterCity,LKO,LUCKNOW,None,07:30:00,1,,NER,Uttar Pradesh
14210,Lucknow-Vindhyachal InterCity,ALD,ALLAHABAD JN,11:45:00,12:00:00,1,,NCR,Uttar Pradesh
12394,Sampoorna Kranti Express,NDLS,NEW DELHI,None,17:30:00,1,,NR,Delhi
12394,Sampoorna Kranti Express,GZB,GHAZIABAD,17:50:00,17:50:00,1,,NR,Uttar Pradesh
12394,Sampoorna Kranti Express,ALJN,ALIGARH JN,19:16:00,19:16:00,1,,NCR,Uttar Pradesh
12394,Sampoorna Kranti Express,TDL,TUNDLA JN,20:19:00,20:19:00,1,,NCR,Uttar Pradesh
12394,Sampoorna Kranti Express,CNB,KANPUR CENTRAL,23:25:00,23:25:00,1,,NCR,Uttar Pradesh
12394,Sampoorna Kranti Express,ALD,ALLAHABAD JN,02:01:00,02:01:00,2,,NCR,Uttar Pradesh
12394,Sampoorna Kranti Express,MGS,MUGHAL SARAI JN,04:04:00,04:04:00,2,,ECR,Uttar Pradesh
12394,Sampoorna Kranti Express,PNBE,PATNA JN,06:55:00,07:05:00,2,,ECR,Bihar
12116,Siddheshwar Express,SUR,SOLAPUR JN,None,22:45:00,1,,CR,Maharashtra
12116,Siddheshwar Express,PUNE,PUNE JN,03:05:00,03:15:00,2,,CR,Maharashtra
12116,Siddheshwar Express,KYN,KALYAN JN,05:43:00,05:45:00,2,,CR,Maharashtra
12116,Siddheshwar Express,DR,MUMBAI DADAR CENTRAL,06:28:00,06:30:00,2,,CR,Maharashtra
12116,Siddheshwar Express,CSTM,MUMBAI CST,07:00:00,None,2,,CR,Maharashtra
12273,Howrah-New Delhi Duronto Express,HWH,HOWRAH JN,None,13:00:00,1,,ER,West Bengal
12273,Howrah-New Delhi Duronto Express,BWN,BARDDHAMAN JN,14:08:00,14:08:00,1,,ER,West Bengal
12273,Howrah-New Delhi Duronto Express,ASN,ASANSOL JN,15:23:00,15:23:00,1,,ER,West Bengal
12273,Howrah-New Delhi Duronto Express,DHN,DHANBAD JN,16:05:00,16:05:00,1,,ECR,Jharkhand
12273,Howrah-New Delhi Duronto Express,GAYA,GAYA JN,18:28:00,18:28:00,1,,ECR,Bihar
12273,Howrah-New Delhi Duronto Express,MGS,MUGHAL SARAI JN,20:55:00,20:55:00,1,,ECR,Uttar Pradesh
12273,Howrah-New Delhi Duronto Express,ALD,ALLAHABAD JN,22:44:00,22:44:00,1,,NCR,Uttar Pradesh
12273,Howrah-New Delhi Duronto Express,CNB,KANPUR CENTRAL,01:03:00,01:03:00,2,,NCR,Uttar Pradesh
12273,Howrah-New Delhi Duronto Express,TDL,TUNDLA JN,03:49:00,03:49:00,2,,NCR,Uttar Pradesh
12273,Howrah-New Delhi Duronto Express,ALJN,ALIGARH JN,04:45:00,04:45:00,2,,NCR,Uttar Pradesh
12273,Howrah-New Delhi Duronto Express,GZB,GHAZIABAD,06:01:00,06:01:00,2,,NR,Uttar Pradesh
12273,Howrah-New Delhi Duronto Express,NDLS,NEW DELHI,06:05:00,None,2,,NR,Delhi
16688,Navyug Express,JAT,JAMMU TAWI,None,23:45:00,1,,NR,Jammu and Kashmir
16688,Navyug Express,LDH,LUDHIANA JN,05:05:00,05:20:00,2,,NR,Punjab
16688,Navyug Express,NDLS,NEW DELHI,13:15:00,14:10:00,2,,NR,Delhi
16688,Navyug Express,NZM,DELHI H NIZAMUDDIN,14:25:00,14:50:00,2,,NR,Delhi
16688,Navyug Express,AGC,AGRA CANTT,18:30:00,18:35:00,2,,NCR,Uttar Pradesh
16688,Navyug Express,GWL,GWALIOR JN,20:09:00,20:12:00,2,,NCR,Madhya Pradesh
16688,Navyug Express,JHS,JHANSI JN,21:35:00,21:45:00,2,,NCR,Uttar Pradesh
16688,Navyug Express,BPL,BHOPAL JN,01:40:00,01:50:00,3,,WCR,Madhya Pradesh
16688,Navyug Express,ET,ITARSI JN,03:35:00,03:45:00,3,,WCR,Madhya Pradesh
16688,Navyug Express,NGP,NAGPUR,08:30:00,08:40:00,3,,SECR,Maharashtra
16688,Navyug Express,BZA,VIJAYAWADA JN,19:05:00,19:20:00,3,,SCR,Andhra Pradesh
16688,Navyug Express,CBE,COIMBATORE JN,10:00:00,10:05:00,4,,SR,Tamil Nadu
16688,Navyug Express,MAQ,MANGALORE CNTL,18:15:00,None,4,,SR,Karnataka
11035,Dadar-Mysore Sharavati Express,DR,MUMBAI DADAR CENTRAL,None,21:30:00,1,,CR,Maharashtra
11035,Dadar-Mysore Sharavati Express,KYN,KALYAN JN,22:13:00,22:15:00,1,,CR,Maharashtra
11035,Dadar-Mysore Sharavati Express,PUNE,PUNE JN,01:00:00,01:10:00,2,,CR,Maharashtra
11035,Dadar-Mysore Sharavati Express,UBL,HUBLI JN,12:40:00,12:50:00,2,,SWR,Karnataka
11035,Dadar-Mysore Sharavati Express,MYS,MYSORE JN,21:45:00,None,2,,SWR,Karnataka
12350,NewDelhi-Bhagalpur Weekly SF Express,NDLS,NEW DELHI,None,23:45:00,1,,NR,Delhi
12350,NewDelhi-Bhagalpur Weekly SF Express,GZB,GHAZIABAD,00:07:00,00:07:00,2,,NR,Uttar Pradesh
12350,NewDelhi-Bhagalpur Weekly SF Express,ALJN,ALIGARH JN,01:41:00,01:41:00,2,,NCR,Uttar Pradesh
12350,NewDelhi-Bhagalpur Weekly SF Express,TDL,TUNDLA JN,02:50:00,02:50:00,2,,NCR,Uttar Pradesh
12350,NewDelhi-Bhagalpur Weekly SF Express,CNB,KANPUR CENTRAL,06:10:00,06:20:00,2,,NCR,Uttar Pradesh
12350,NewDelhi-Bhagalpur Weekly SF Express,ALD,ALLAHABAD JN,08:50:00,09:00:00,2,,NCR,Uttar Pradesh
12350,NewDelhi-Bhagalpur Weekly SF Express,MGS,MUGHAL SARAI JN,11:32:00,11:32:00,2,,ECR,Uttar Pradesh
12350,NewDelhi-Bhagalpur Weekly SF Express,PNBE,PATNA JN,15:00:00,15:10:00,2,,ECR,Bihar
12604,Hyderabad - Chennai Express,HYB,HYDERABAD DECCAN,None,16:55:00,1,,SCR,Andhra Pradesh
12604,Hyderabad - Chennai Express,SC,SECUNDERABAD JN,17:15:00,17:20:00,1,,SCR,Telangana
12604,Hyderabad - Chennai Express,MAS,CHENNAI CENTRAL,05:55:00,None,2,,SR,Tamil Nadu
12530,Jabalpur-Bhopal Intercity,JBP,JABALPUR,None,16:10:00,1,,WCR,Madhya Pradesh
12530,Jabalpur-Bhopal Intercity,ET,ITARSI JN,19:50:00,20:05:00,1,,WCR,Madhya Pradesh
17314,HUBLI - CHENNAI CENT Weekly Exp,UBL,HUBLI JN,None,20:20:00,1,,SWR,Karnataka
17314,HUBLI - CHENNAI CENT Weekly Exp,MAS,CHENNAI CENTRAL,11:55:00,None,2,,SR,Tamil Nadu
15658,GUWAHATI - KOLKATA SEALDAH KanchanJungha Exp,GHY,GUWAHATI,None,22:30:00,1,,NFR,Assam
15658,GUWAHATI - KOLKATA SEALDAH KanchanJungha Exp,NJP,NEW JALPAIGURI,07:35:00,07:50:00,2,,NFR,West Bengal
15658,GUWAHATI - KOLKATA SEALDAH KanchanJungha Exp,BWN,BARDDHAMAN JN,17:16:00,17:21:00,2,,ER,West Bengal
15658,GUWAHATI - KOLKATA SEALDAH KanchanJungha Exp,SDAH,KOLKATA SEALDAH,19:25:00,None,2,,ER,West Bengal
11029,Koyna Express,CSTM,MUMBAI CST,None,08:40:00,1,,CR,Maharashtra
11029,Koyna Express,DR,MUMBAI DADAR CENTRAL,08:53:00,08:55:00,1,,CR,Maharashtra
11029,Koyna Express,KYN,KALYAN JN,09:33:00,09:35:00,1,,CR,Maharashtra
11029,Koyna Express,PUNE,PUNE JN,12:40:00,12:45:00,1,,CR,Maharashtra
11029,Koyna Express,KOP,C SHAHU M RAJ KOLHAPUR TERM,20:25:00,None,1,,CR,Maharashtra
12849,Bilaspur Pune SF Express,BSP,BILASPUR JN,None,11:35:00,1,,SECR,Chhattisgarh
12849,Bilaspur Pune SF Express,R,RAIPUR JN,13:10:00,13:20:00,1,,SECR,Chhattisgarh
12849,Bilaspur Pune SF Express,NGP,NAGPUR,18:20:00,18:35:00,1,,SECR,Maharashtra
12849,Bilaspur Pune SF Express,PUNE,PUNE JN,09:45:00,None,2,,CR,Maharashtra
12259,Sealdah-New Delhi AC Duronto Express,SDAH,KOLKATA SEALDAH,None,18:40:00,1,,ER,West Bengal
12259,Sealdah-New Delhi AC Duronto Express,BWN,BARDDHAMAN JN,19:48:00,19:48:00,1,,ER,West Bengal
12259,Sealdah-New Delhi AC Duronto Express,ASN,ASANSOL JN,21:01:00,21:01:00,1,,ER,West Bengal
12259,Sealdah-New Delhi AC Duronto Express,DHN,DHANBAD JN,21:40:00,21:40:00,1,,ECR,Jharkhand
12259,Sealdah-New Delhi AC Duronto Express,GAYA,GAYA JN,23:56:00,23:56:00,1,,ECR,Bihar
12259,Sealdah-New Delhi AC Duronto Express,MGS,MUGHAL SARAI JN,02:16:00,02:16:00,2,,ECR,Uttar Pradesh
12259,Sealdah-New Delhi AC Duronto Express,ALD,ALLAHABAD JN,04:00:00,04:00:00,2,,NCR,Uttar Pradesh
12259,Sealdah-New Delhi AC Duronto Express,CNB,KANPUR CENTRAL,06:12:00,06:12:00,2,,NCR,Uttar Pradesh
12259,Sealdah-New Delhi AC Duronto Express,TDL,TUNDLA JN,08:50:00,08:50:00,2,,NCR,Uttar Pradesh
12259,Sealdah-New Delhi AC Duronto Express,ALJN,ALIGARH JN,09:43:00,09:43:00,2,,NCR,Uttar Pradesh
12259,Sealdah-New Delhi AC Duronto Express,GZB,GHAZIABAD,10:55:00,10:55:00,2,,NR,Uttar Pradesh
12259,Sealdah-New Delhi AC Duronto Express,NDLS,NEW DELHI,11:00:00,None,2,,NR,Delhi
12571,Howrah Prasanti Nilayam SF Express,HWH,HOWRAH JN,None,15:50:00,1,,ER,West Bengal
12571,Howrah Prasanti Nilayam SF Express,CTC,CUTTACK,21:43:00,21:43:00,1,,ECoR,Odisha
12571,Howrah Prasanti Nilayam SF Express,BBS,BHUBANESWAR,22:05:00,22:15:00,1,,ECoR,Odisha
12571,Howrah Prasanti Nilayam SF Express,BZA,VIJAYAWADA JN,10:40:00,11:00:00,2,,SCR,Andhra Pradesh
12645,Millennium Expres,ERS,ERNAKULAM JN,None,18:55:00,1,,SR,Kerala
12645,Millennium Expres,CBE,COIMBATORE JN,23:35:00,23:45:00,1,,SR,Tamil Nadu
12645,Millennium Expres,BZA,VIJAYAWADA JN,14:15:00,14:35:00,2,,SCR,Andhra Pradesh
12645,Millennium Expres,NGP,NAGPUR,00:20:00,00:30:00,3,,SECR,Maharashtra
12645,Millennium Expres,ET,ITARSI JN,04:50:00,05:00:00,3,,WCR,Madhya Pradesh
12645,Millennium Expres,BPL,BHOPAL JN,06:35:00,06:40:00,3,,WCR,Madhya Pradesh
12645,Millennium Expres,JHS,JHANSI JN,10:30:00,10:40:00,3,,NCR,Uttar Pradesh
12645,Millennium Expres,GWL,GWALIOR JN,12:00:00,12:05:00,3,,NCR,Madhya Pradesh
12645,Millennium Expres,AGC,AGRA CANTT,14:00:00,14:05:00,3,,NCR,Uttar Pradesh
12645,Millennium Expres,NZM,DELHI H NIZAMUDDIN,17:05:00,None,3,,NR,Delhi
12656,Navajivan Express,MAS,CHENNAI CENTRAL,None,09:35:00,1,,SR,Tamil Nadu
12656,Navajivan Express,BZA,VIJAYAWADA JN,16:30:00,16:45:00,1,,SCR,Andhra Pradesh
12656,Navajivan Express,ST,SURAT,15:02:00,15:12:00,2,,WR,Gujarat
12656,Navajivan Express,BRC,VADODARA JN,17:03:00,17:08:00,2,,WR,Gujarat
12656,Navajivan Express,ADI,AHMEDABAD JN,19:10:00,None,2,,WR,Gujarat
08471,Bhubaneswar - Tirupati Weekly Special,BBS,BHUBANESWAR,None,11:45:00,1,,ECoR,Odisha
08471,Bhubaneswar - Tirupati Weekly Special,VSKP,VISHAKAPATNAM,18:20:00,18:45:00,1,,ECoR,Andhra Pradesh
08471,Bhubaneswar - Tirupati Weekly Special,BZA,VIJAYAWADA JN,00:55:00,01:25:00,2,,SCR,Andhra Pradesh
12163,DADAR - CHENNAI EGMORE SF Exp,DR,MUMBAI DADAR CENTRAL,None,20:30:00,1,,CR,Maharashtra
12163,DADAR - CHENNAI EGMORE SF Exp,KYN,KALYAN JN,21:10:00,21:15:00,1,,CR,Maharashtra
12163,DADAR - CHENNAI EGMORE SF Exp,PUNE,PUNE JN,00:05:00,00:10:00,2,,CR,Maharashtra
12163,DADAR - CHENNAI EGMORE SF Exp,SUR,SOLAPUR JN,03:55:00,04:05:00,2,,CR,Maharashtra
12163,DADAR - CHENNAI EGMORE SF Exp,GTL,GUNTAKAL JN,11:05:00,11:15:00,2,,SCR,Andhra Pradesh
12163,DADAR - CHENNAI EGMORE SF Exp,MS,CHENNAI EGMORE,19:45:00,None,2,,SR,Tamil Nadu
12425,Jammu Rajdhani Express,NDLS,NEW DELHI,None,20:40:00,1,,NR,Delhi
12425,Jammu Rajdhani Express,UMB,AMBALA CANT JN,23:20:00,23:20:00,1,,NR,Haryana
12425,Jammu Rajdhani Express,LDH,LUDHIANA JN,00:50:00,01:10:00,2,,NR,Punjab
12425,Jammu Rajdhani Express,JAT,JAMMU TAWI,05:40:00,None,2,,NR,Jammu and Kashmir
12379,Sealdah - Amritsar Superfast Express,SDAH,KOLKATA SEALDAH,None,13:10:00,1,,ER,West Bengal
12379,Sealdah - Amritsar Superfast Express,BWN,BARDDHAMAN JN,14:38:00,14:41:00,1,,ER,West Bengal
12379,Sealdah - Amritsar Superfast Express,ASN,ASANSOL JN,16:13:00,16:18:00,1,,ER,West Bengal
12379,Sealdah - Amritsar Superfast Express,DHN,DHANBAD JN,17:10:00,17:15:00,1,,ECR,Jharkhand
12379,Sealdah - Amritsar Superfast Express,GAYA,GAYA JN,20:06:00,20:06:00,1,,ECR,Bihar
12379,Sealdah - Amritsar Superfast Express,MGS,MUGHAL SARAI JN,23:01:00,23:01:00,1,,ECR,Uttar Pradesh
12379,Sealdah - Amritsar Superfast Express,ALD,ALLAHABAD JN,01:12:00,01:12:00,2,,NCR,Uttar Pradesh
12379,Sealdah - Amritsar Superfast Express,CNB,KANPUR CENTRAL,03:50:00,04:00:00,2,,NCR,Uttar Pradesh
12379,Sealdah - Amritsar Superfast Express,TDL,TUNDLA JN,08:16:00,08:16:00,2,,NCR,Uttar Pradesh
12379,Sealdah - Amritsar Superfast Express,ALJN,ALIGARH JN,09:43:00,09:43:00,2,,NCR,Uttar Pradesh
12379,Sealdah - Amritsar Superfast Express,GZB,GHAZIABAD,11:40:00,11:40:00,2,,NR,Uttar Pradesh
12379,Sealdah - Amritsar Superfast Express,UMB,AMBALA CANT JN,15:15:00,15:25:00,2,,NR,Haryana
12379,Sealdah - Amritsar Superfast Express,LDH,LUDHIANA JN,17:05:00,17:15:00,2,,NR,Punjab
12379,Sealdah - Amritsar Superfast Express,ASR,AMRITSAR JN,19:40:00,None,2,,NR,Punjab
12169,Pune Solapur InterCity Express,PUNE,PUNE JN,None,09:30:00,1,,CR,Maharashtra
12169,Pune Solapur InterCity Express,SUR,SOLAPUR JN,13:30:00,None,1,,CR,Maharashtra
11027,Mumbai CST-Chennai Mail,CSTM,MUMBAI CST,None,23:45:00,1,,CR,Maharashtra
11027,Mumbai CST-Chennai Mail,DR,MUMBAI DADAR CENTRAL,23:53:00,23:55:00,1,,CR,Maharashtra
11027,Mumbai CST-Chennai Mail,KYN,KALYAN JN,00:38:00,00:40:00,2,,CR,Maharashtra
11027,Mumbai CST-Chennai Mail,PUNE,PUNE JN,03:25:00,03:35:00,2,,CR,Maharashtra
11027,Mumbai CST-Chennai Mail,SUR,SOLAPUR JN,08:50:00,09:00:00,2,,CR,Maharashtra
11027,Mumbai CST-Chennai Mail,GTL,GUNTAKAL JN,17:55:00,18:15:00,2,,SCR,Andhra Pradesh
11027,Mumbai CST-Chennai Mail,MAS,CHENNAI CENTRAL,04:55:00,None,3,,SR,Tamil Nadu
64450,New Delhi Ghaziabad Ladies Special,NDLS,NEW DELHI,None,17:50:00,1,,NR,Delhi
64450,New Delhi Ghaziabad Ladies Special,GZB,GHAZIABAD,18:35:00,None,1,,NR,Uttar Pradesh
54352,Bareilly Aligarh Passenger,BE,BAREILLY,None,05:10:00,1,,NER,Uttar Pradesh
54352,Bareilly Aligarh Passenger,ALJN,ALIGARH JN,10:50:00,None,1,,NCR,Uttar Pradesh
12678,Ernakulam-BangaloreCity Intercity Express,ERS,ERNAKULAM JN,None,09:10:00,1,,SR,Kerala
12678,Ernakulam-BangaloreCity Intercity Express,CBE,COIMBATORE JN,12:45:00,12:50:00,1,,SR,Tamil Nadu
12678,Ernakulam-BangaloreCity Intercity Express,SBC,BANGALORE CITY JN,19:50:00,None,1,,SWR,Karnataka
13308,Ganga Sutlej Express,FZR,FIROZPUR CANT,None,18:25:00,1,,NR,Punjab
13308,Ganga Sutlej Express,LDH,LUDHIANA JN,21:50:00,22:00:00,1,,NR,Punjab
13308,Ganga Sutlej Express,UMB,AMBALA CANT JN,00:15:00,00:25:00,2,,NR,Haryana
13308,Ganga Sutlej Express,MB,MORADABAD,06:05:00,06:15:00,2,,NR,Uttar Pradesh
13308,Ganga Sutlej Express,BE,BAREILLY,07:48:00,07:53:00,2,,NER,Uttar Pradesh
13308,Ganga Sutlej Express,LKO,LUCKNOW,12:10:00,12:25:00,2,,NER,Uttar Pradesh
13308,Ganga Sutlej Express,MGS,MUGHAL SARAI JN,21:45:00,22:15:00,2,,ECR,Uttar Pradesh
13308,Ganga Sutlej Express,GAYA,GAYA JN,01:13:00,01:18:00,3,,ECR,Bihar
13308,Ganga Sutlej Express,DHN,DHANBAD JN,04:55:00,None,3,,ECR,Jharkhand
11024,Sahyadri Express,KOP,C SHAHU M RAJ KOLHAPUR TERM,None,22:50:00,1,,CR,Maharashtra
11024,Sahyadri Express,PUNE,PUNE JN,06:50:00,07:00:00,2,,CR,Maharashtra
11024,Sahyadri Express,KYN,KALYAN JN,10:35:00,10:40:00,2,,CR,Maharashtra
11024,Sahyadri Express,DR,MUMBAI DADAR CENTRAL,11:28:00,11:30:00,2,,CR,Maharashtra
11024,Sahyadri Express,CSTM,MUMBAI CST,11:55:00,None,2,,CR,Maharashtra
12416,Nizamuddin-Indore Express,NZM,DELHI H NIZAMUDDIN,None,22:15:00,1,,NR,Delhi
12416,Nizamuddin-Indore Express,KOTA,KOTA JN,04:50:00,04:55:00,2,,WCR,Rajasthan
12276,New Delhi-Allahabad Duronto Express,NDLS,NEW DELHI,None,23:00:00,1,,NR,Delhi
12276,New Delhi-Allahabad Duronto Express,GZB,GHAZIABAD,23:18:00,23:18:00,1,,NR,Uttar Pradesh
12276,New Delhi-Allahabad Duronto Express,ALJN,ALIGARH JN,00:32:00,00:32:00,2,,NCR,Uttar Pradesh
12276,New Delhi-Allahabad Duronto Express,TDL,TUNDLA JN,01:27:00,01:27:00,2,,NCR,Uttar Pradesh
12276,New Delhi-Allahabad Duronto Express,CNB,KANPUR CENTRAL,04:09:00,04:09:00,2,,NCR,Uttar Pradesh
12276,New Delhi-Allahabad Duronto Express,ALD,ALLAHABAD JN,06:20:00,None,2,,NCR,Uttar Pradesh
06617,Coimbatore-Nagercoil Special,CBE,COIMBATORE JN,None,20:20:00,1,,SR,Tamil Nadu
06617,Coimbatore-Nagercoil Special,ERS,ERNAKULAM JN,00:28:00,00:28:00,2,,SR,Kerala
06617,Coimbatore-Nagercoil Special,TVC,TRIVANDRUM CENTRAL,05:00:00,05:05:00,2,,SR,Kerala
14707,BIKANER - MUMBAI BANDRA Ranakpur Exp,BKN,BIKANER JN,None,09:30:00,1,,NWR,Rajasthan
14707,BIKANER - MUMBAI BANDRA Ranakpur Exp,JU,JODHPUR JN,14:30:00,14:45:00,1,,NWR,Rajasthan
14707,BIKANER - MUMBAI BANDRA Ranakpur Exp,ADI,AHMEDABAD JN,01:08:00,01:40:00,2,,WR,Gujarat
14707,BIKANER - MUMBAI BANDRA Ranakpur Exp,BRC,VADODARA JN,03:40:00,03:45:00,2,,WR,Gujarat
14707,BIKANER - MUMBAI BANDRA Ranakpur Exp,ST,SURAT,05:40:00,05:50:00,2,,WR,Gujarat
11453,Prerna Express,ADI,AHMEDABAD JN,None,16:25:00,1,,WR,Gujarat
11453,Prerna Express,BRC,VADODARA JN,18:20:00,18:25:00,1,,WR,Gujarat
11453,Prerna Express,ST,SURAT,20:30:00,20:40:00,1,,WR,Gujarat
11453,Prerna Express,NGP,NAGPUR,12:15:00,None,2,,SECR,Maharashtra
11028,Chennai-Mumbai CST Mail,MAS,CHENNAI CENTRAL,None,22:50:00,1,,SR,Tamil Nadu
11028,Chennai-Mumbai CST Mail,GTL,GUNTAKAL JN,08:30:00,08:50:00,2,,SCR,Andhra Pradesh
11028,Chennai-Mumbai CST Mail,SUR,SOLAPUR JN,18:10:00,18:20:00,2,,CR,Maharashtra
11028,Chennai-Mumbai CST Mail,PUNE,PUNE JN,23:20:00,23:30:00,2,,CR,Maharashtra
11028,Chennai-Mumbai CST Mail,KYN,KALYAN JN,02:29:00,02:30:00,3,,CR,Maharashtra
11028,Chennai-Mumbai CST Mail,DR,MUMBAI DADAR CENTRAL,03:14:00,03:15:00,3,,CR,Maharashtra
11028,Chennai-Mumbai CST Mail,CSTM,MUMBAI CST,03:45:00,None,3,,CR,Maharashtra
12369,Kumbh Express,HWH,HOWRAH JN,None,13:10:00,1,,ER,West Bengal
12369,Kumbh Express,BWN,BARDDHAMAN JN,14:22:00,14:22:00,1,,ER,West Bengal
12369,Kumbh Express,ASN,ASANSOL JN,15:42:00,15:47:00,1,,ER,West Bengal
12369,Kumbh Express,PNBE,PATNA JN,21:00:00,21:10:00,1,,ECR,Bihar
12369,Kumbh Express,MGS,MUGHAL SARAI JN,00:30:00,00:50:00,2,,ECR,Uttar Pradesh
12369,Kumbh Express,LKO,LUCKNOW,07:15:00,07:30:00,2,,NER,Uttar Pradesh
12369,Kumbh Express,BE,BAREILLY,11:10:00,11:15:00,2,,NER,Uttar Pradesh
12369,Kumbh Express,MB,MORADABAD,12:45:00,13:00:00,2,,NR,Uttar Pradesh
12004,NewDelh-Lucknowi Swarn Shatabdi Express,NDLS,NEW DELHI,None,06:15:00,1,,NR,Delhi
12004,NewDelh-Lucknowi Swarn Shatabdi Express,GZB,GHAZIABAD,06:44:00,06:46:00,1,,NR,Uttar Pradesh
12004,NewDelh-Lucknowi Swarn Shatabdi Express,ALJN,ALIGARH JN,07:50:00,07:52:00,1,,NCR,Uttar Pradesh
12004,NewDelh-Lucknowi Swarn Shatabdi Express,TDL,TUNDLA JN,08:39:00,08:39:00,1,,NCR,Uttar Pradesh
12004,NewDelh-Lucknowi Swarn Shatabdi Express,CNB,KANPUR CENTRAL,11:20:00,11:25:00,1,,NCR,Uttar Pradesh
12004,NewDelh-Lucknowi Swarn Shatabdi Express,LKO,LUCKNOW,12:30:00,None,1,,NER,Uttar Pradesh
04202,New Delhi-Lucknow tri-weekly Special,NDLS,NEW DELHI,None,23:55:00,1,,NR,Delhi
04202,New Delhi-Lucknow tri-weekly Special,GZB,GHAZIABAD,00:53:00,00:55:00,2,,NR,Uttar Pradesh
04202,New Delhi-Lucknow tri-weekly Special,MB,MORADABAD,03:40:00,03:50:00,2,,NR,Uttar Pradesh
04202,New Delhi-Lucknow tri-weekly Special,BE,BAREILLY,05:28:00,05:28:00,2,,NER,Uttar Pradesh
04202,New Delhi-Lucknow tri-weekly Special,LKO,LUCKNOW,09:45:00,None,2,,NER,Uttar Pradesh
12566,Bihar Sampark Kranti Express,NDLS,NEW DELHI,None,14:30:00,1,,NR,Delhi
12566,Bihar Sampark Kranti Express,GZB,GHAZIABAD,14:50:00,14:50:00,1,,NR,Uttar Pradesh
12566,Bihar Sampark Kranti Express,ALJN,ALIGARH JN,16:14:00,16:14:00,1,,NCR,Uttar Pradesh
12566,Bihar Sampark Kranti Express,TDL,TUNDLA JN,17:16:00,17:16:00,1,,NCR,Uttar Pradesh
12566,Bihar Sampark Kranti Express,CNB,KANPUR CENTRAL,20:15:00,20:20:00,1,,NCR,Uttar Pradesh
12566,Bihar Sampark Kranti Express,LKO,LUCKNOW,21:50:00,22:05:00,1,,NER,Uttar Pradesh
12566,Bihar Sampark Kranti Express,MFP,MUZAFFARPUR JN,09:00:00,09:05:00,2,,ECR,Bihar
11402,Nandigram Express,NGP,NAGPUR,None,06:00:00,1,,SECR,Maharashtra
11402,Nandigram Express,AWB,AURANGABAD,21:30:00,21:35:00,1,,SCR,Maharashtra
11402,Nandigram Express,KYN,KALYAN JN,04:15:00,04:20:00,2,,CR,Maharashtra
11402,Nandigram Express,DR,MUMBAI DADAR CENTRAL,05:13:00,05:15:00,2,,CR,Maharashtra
11402,Nandigram Express,CSTM,MUMBAI CST,05:40:00,None,2,,CR,Maharashtra
12135,Pune -Nagpur SuperFast Express,PUNE,PUNE JN,None,17:40:00,1,,CR,Maharashtra
12135,Pune -Nagpur SuperFast Express,NGP,NAGPUR,09:25:00,None,2,,SECR,Maharashtra
24370,Triveni Express,BE,BAREILLY,None,12:00:00,1,,NER,Uttar Pradesh
24370,Triveni Express,LKO,LUCKNOW,16:00:00,16:15:00,1,,NER,Uttar Pradesh
24370,Triveni Express,ALD,ALLAHABAD JN,20:55:00,21:25:00,1,,NCR,Uttar Pradesh
14524,Harihar Express,UMB,AMBALA CANT JN,None,22:35:00,1,,NR,Haryana
14524,Harihar Express,MB,MORADABAD,03:55:00,04:05:00,2,,NR,Uttar Pradesh
14524,Harihar Express,BE,BAREILLY,05:25:00,05:30:00,2,,NER,Uttar Pradesh
14524,Harihar Express,LKO,LUCKNOW,09:45:00,10:00:00,2,,NER,Uttar Pradesh
14524,Harihar Express,MFP,MUZAFFARPUR JN,23:50:00,None,2,,ECR,Bihar
11010,Sinhagad Express,PUNE,PUNE JN,None,06:05:00,1,,CR,Maharashtra
11010,Sinhagad Express,KYN,KALYAN JN,08:42:00,08:47:00,1,,CR,Maharashtra
11010,Sinhagad Express,DR,MUMBAI DADAR CENTRAL,09:33:00,09:35:00,1,,CR,Maharashtra
11010,Sinhagad Express,CSTM,MUMBAI CST,09:55:00,None,1,,CR,Maharashtra
11009,Sinhagad Express,CSTM,MUMBAI CST,None,14:30:00,1,,CR,Maharashtra
11009,Sinhagad Express,DR,MUMBAI DADAR CENTRAL,14:43:00,14:45:00,1,,CR,Maharashtra
11009,Sinhagad Express,KYN,KALYAN JN,15:28:00,15:30:00,1,,CR,Maharashtra
11009,Sinhagad Express,PUNE,PUNE JN,18:40:00,None,1,,CR,Maharashtra
12147,Kolhapur-Nizamuddin Express,KOP,C SHAHU M RAJ KOLHAPUR TERM,None,09:05:00,1,,CR,Maharashtra
12147,Kolhapur-Nizamuddin Express,PUNE,PUNE JN,16:00:00,16:10:00,1,,CR,Maharashtra
12147,Kolhapur-Nizamuddin Express,ET,ITARSI JN,04:50:00,05:00:00,2,,WCR,Madhya Pradesh
12147,Kolhapur-Nizamuddin Express,BPL,BHOPAL JN,06:35:00,06:40:00,2,,WCR,Madhya Pradesh
12147,Kolhapur-Nizamuddin Express,JHS,JHANSI JN,10:30:00,10:40:00,2,,NCR,Uttar Pradesh
12147,Kolhapur-Nizamuddin Express,GWL,GWALIOR JN,12:00:00,12:05:00,2,,NCR,Madhya Pradesh
12147,Kolhapur-Nizamuddin Express,AGC,AGRA CANTT,14:00:00,14:05:00,2,,NCR,Uttar Pradesh
12147,Kolhapur-Nizamuddin Express,NZM,DELHI H NIZAMUDDIN,17:05:00,None,2,,NR,Delhi
19602,New Jalpaiguri Ajmer Weekly Express,NJP,NEW JALPAIGURI,None,08:15:00,1,,NFR,West Bengal
19602,New Jalpaiguri Ajmer Weekly Express,MFP,MUZAFFARPUR JN,16:07:00,16:12:00,1,,ECR,Bihar
19602,New Jalpaiguri Ajmer Weekly Express,LKO,LUCKNOW,03:20:00,03:30:00,2,,NER,Uttar Pradesh
19602,New Jalpaiguri Ajmer Weekly Express,BE,BAREILLY,07:23:00,07:23:00,2,,NER,Uttar Pradesh
19602,New Jalpaiguri Ajmer Weekly Express,MB,MORADABAD,08:50:00,09:00:00,2,,NR,Uttar Pradesh
19602,New Jalpaiguri Ajmer Weekly Express,GZB,GHAZIABAD,11:48:00,11:48:00,2,,NR,Uttar Pradesh
19602,New Jalpaiguri Ajmer Weekly Express,JP,JAIPUR,19:00:00,19:20:00,2,,NWR,Rajasthan
12548,Ahmedabad-Agra Fort Express,ADI,AHMEDABAD JN,None,16:55:00,1,,WR,Gujarat
12548,Ahmedabad-Agra Fort Express,JP,JAIPUR,03:55:00,04:05:00,2,,NWR,Rajasthan
12057,New Delhi-Una Janshatabdi,NDLS,NEW DELHI,None,14:35:00,1,,NR,Delhi
12057,New Delhi-Una Janshatabdi,UMB,AMBALA CANT JN,17:45:00,18:15:00,1,,NR,Haryana
12057,New Delhi-Una Janshatabdi,CDG,CHANDIGARH,19:05:00,19:15:00,1,,NR,Chandigarh
12860,HOWRAH - MUMBAI CST Gitanjali Exp,HWH,HOWRAH JN,None,13:50:00,1,,ER,West Bengal
12860,HOWRAH - MUMBAI CST Gitanjali Exp,TATA,TATANAGAR JN,17:28:00,17:35:00,1,,SER,Jharkhand
12860,HOWRAH - MUMBAI CST Gitanjali Exp,ROU,ROURKELA,19:50:00,20:05:00,1,,SER,Odisha
12860,HOWRAH - MUMBAI CST Gitanjali Exp,BSP,BILASPUR JN,00:30:00,00:45:00,2,,SECR,Chhattisgarh
12860,HOWRAH - MUMBAI CST Gitanjali Exp,R,RAIPUR JN,02:15:00,02:25:00,2,,SECR,Chhattisgarh
12860,HOWRAH - MUMBAI CST Gitanjali Exp,NGP,NAGPUR,07:20:00,07:30:00,2,,SECR,Maharashtra
12860,HOWRAH - MUMBAI CST Gitanjali Exp,KYN,KALYAN JN,20:05:00,20:10:00,2,,CR,Maharashtra
12860,HOWRAH - MUMBAI CST Gitanjali Exp,DR,MUMBAI DADAR CENTRAL,20:54:00,20:55:00,2,,CR,Maharashtra
12860,HOWRAH - MUMBAI CST Gitanjali Exp,CSTM,MUMBAI CST,21:20:00,None,2,,CR,Maharashtra
12740,Secunderabad-Visakhapatnam Garib Rath,SC,SECUNDERABAD JN,None,20:15:00,1,,SCR,Telangana
12740,Secunderabad-Visakhapatnam Garib Rath,BZA,VIJAYAWADA JN,01:40:00,01:55:00,2,,SCR,Andhra Pradesh
12740,Secunderabad-Visakhapatnam Garib Rath,VSKP,VISHAKAPATNAM,07:30:00,None,2,,ECoR,Andhra Pradesh
12464,Rajasthan Sampark Kranti Express,JU,JODHPUR JN,None,19:00:00,1,,NWR,Rajasthan
12464,Rajasthan Sampark Kranti Express,JP,JAIPUR,00:15:00,00:25:00,2,,NWR,Rajasthan
16594,Bangalore-Nanded Express,SBC,BANGALORE CITY JN,None,23:00:00,1,,SWR,Karnataka
16594,Bangalore-Nanded Express,GTL,GUNTAKAL JN,06:00:00,06:20:00,2,,SCR,Andhra Pradesh
12643,Swarna Jayanthi Express,TVC,TRIVANDRUM CENTRAL,None,14:20:00,1,,SR,Kerala
12643,Swarna Jayanthi Express,ERS,ERNAKULAM JN,18:45:00,18:55:00,1,,SR,Kerala
12643,Swarna Jayanthi Express,CBE,COIMBATORE JN,23:35:00,23:45:00,1,,SR,Tamil Nadu
12643,Swarna Jayanthi Express,BZA,VIJAYAWADA JN,14:15:00,14:35:00,2,,SCR,Andhra Pradesh
12643,Swarna Jayanthi Express,NGP,NAGPUR,00:20:00,00:30:00,3,,SECR,Maharashtra
12643,Swarna Jayanthi Express,ET,ITARSI JN,04:50:00,05:00:00,3,,WCR,Madhya Pradesh
12643,Swarna Jayanthi Express,BPL,BHOPAL JN,06:35:00,06:40:00,3,,WCR,Madhya Pradesh
12643,Swarna Jayanthi Express,JHS,JHANSI JN,10:30:00,10:40:00,3,,NCR,Uttar Pradesh
12643,Swarna Jayanthi Express,GWL,GWALIOR JN,12:00:00,12:05:00,3,,NCR,Madhya Pradesh
12643,Swarna Jayanthi Express,AGC,AGRA CANTT,14:00:00,14:05:00,3,,NCR,Uttar Pradesh
12643,Swarna Jayanthi Express,NZM,DELHI H NIZAMUDDIN,17:05:00,None,3,,NR,Delhi
13141-Slip,Testa Torsa Express Slip,SDAH,KOLKATA SEALDAH,None,13:40:00,1,,ER,West Bengal
13141-Slip,Testa Torsa Express Slip,NJP,NEW JALPAIGURI,02:40:00,02:55:00,2,,NFR,West Bengal
12624,Tiruvananthapuram Chennai SF Mail,TVC,TRIVANDRUM CENTRAL,None,14:30:00,1,,SR,Kerala
12624,Tiruvananthapuram Chennai SF Mail,ERS,ERNAKULAM JN,18:59:00,18:59:00,1,,SR,Kerala
12624,Tiruvananthapuram Chennai SF Mail,MAS,CHENNAI CENTRAL,06:55:00,None,2,,SR,Tamil Nadu
51673,ITARSI - SATNA Passenger,ET,ITARSI JN,None,04:00:00,1,,WCR,Madhya Pradesh
51673,ITARSI - SATNA Passenger,JBP,JABALPUR,08:40:00,08:50:00,1,,WCR,Madhya Pradesh
19708,Aravalli Express,JP,JAIPUR,None,09:00:00,1,,NWR,Rajasthan
19708,Aravalli Express,ADI,AHMEDABAD JN,22:10:00,22:35:00,1,,WR,Gujarat
19708,Aravalli Express,BRC,VADODARA JN,00:25:00,00:30:00,2,,WR,Gujarat
19708,Aravalli Express,ST,SURAT,02:20:00,02:25:00,2,,WR,Gujarat
12711,Pinakini Express,BZA,VIJAYAWADA JN,None,06:00:00,1,,SCR,Andhra Pradesh
12711,Pinakini Express,MAS,CHENNAI CENTRAL,13:00:00,None,1,,SR,Tamil Nadu
22816,Ernakulam-Bilaspur Express,ERS,ERNAKULAM JN,None,08:30:00,1,,SR,Kerala
22816,Ernakulam-Bilaspur Express,CBE,COIMBATORE JN,13:25:00,13:30:00,1,,SR,Tamil Nadu
22816,Ernakulam-Bilaspur Express,BZA,VIJAYAWADA JN,03:55:00,04:05:00,2,,SCR,Andhra Pradesh
22816,Ernakulam-Bilaspur Express,NGP,NAGPUR,14:45:00,14:55:00,2,,SECR,Maharashtra
22816,Ernakulam-Bilaspur Express,R,RAIPUR JN,19:35:00,19:45:00,2,,SECR,Chhattisgarh
22816,Ernakulam-Bilaspur Express,BSP,BILASPUR JN,21:35:00,None,2,,SECR,Chhattisgarh
12764,Padmavati Express,SC,SECUNDERABAD JN,None,18:30:00,1,,SCR,Telangana
12764,Padmavati Express,BZA,VIJAYAWADA JN,00:30:00,00:40:00,2,,SCR,Andhra Pradesh
12420,Gomti Express,NDLS,NEW DELHI,None,12:40:00,1,,NR,Delhi
12420,Gomti Express,GZB,GHAZIABAD,13:15:00,13:17:00,1,,NR,Uttar Pradesh
12420,Gomti Express,ALJN,ALIGARH JN,14:47:00,14:50:00,1,,NCR,Uttar Pradesh
12420,Gomti Express,TDL,TUNDLA JN,15:55:00,15:58:00,1,,NCR,Uttar Pradesh
12420,Gomti Express,CNB,KANPUR CENTRAL,19:45:00,19:55:00,1,,NCR,Uttar Pradesh
12420,Gomti Express,LKO,LUCKNOW,21:25:00,None,1,,NER,Uttar Pradesh
12112,Amaravati-Mumbai CST Express,AMI,Amravati,None,19:05:00,1,,CR,Maharashtra
12112,Amaravati-Mumbai CST Express,KYN,KALYAN JN,05:25:00,05:30:00,2,,CR,Maharashtra
12112,Amaravati-Mumbai CST Express,DR,MUMBAI DADAR CENTRAL,06:03:00,06:05:00,2,,CR,Maharashtra
12112,Amaravati-Mumbai CST Express,CSTM,MUMBAI CST,06:35:00,None,2,,CR,Maharashtra
16650,Parasuram Express,TVC,TRIVANDRUM CENTRAL,None,06:30:00,1,,SR,Kerala
16650,Parasuram Express,ERS,ERNAKULAM JN,11:02:00,11:02:00,1,,SR,Kerala
16650,Parasuram Express,MAQ,MANGALORE CNTL,20:25:00,None,1,,SR,Karnataka
19114,Vadodara Bhilad Express,BRC,VADODARA JN,None,07:10:00,1,,WR,Gujarat
19114,Vadodara Bhilad Express,ST,SURAT,09:25:00,09:30:00,1,,WR,Gujarat
06003,Chennai Central-Kollam Special,MAS,CHENNAI CENTRAL,None,20:45:00,1,,SR,Tamil Nadu
06003,Chennai Central-Kollam Special,CBE,COIMBATORE JN,03:50:00,03:55:00,2,,SR,Tamil Nadu
06003,Chennai Central-Kollam Special,ERS,ERNAKULAM JN,07:59:00,07:59:00,2,,SR,Kerala
11036,Mysore-Dadar Sharavati Express,MYS,MYSORE JN,None,06:15:00,1,,SWR,Karnataka
11036,Mysore-Dadar Sharavati Express,UBL,HUBLI JN,15:00:00,15:15:00,1,,SWR,Karnataka
11036,Mysore-Dadar Sharavati Express,PUNE,PUNE JN,02:10:00,02:20:00,2,,CR,Maharashtra
11036,Mysore-Dadar Sharavati Express,KYN,KALYAN JN,04:54:00,04:55:00,2,,CR,Maharashtra
11036,Mysore-Dadar Sharavati Express,DR,MUMBAI DADAR CENTRAL,05:50:00,None,2,,CR,Maharashtra
12005,New Delhi-Kalka Shatabdi,NDLS,NEW DELHI,None,17:15:00,1,,NR,Delhi
12005,New Delhi-Kalka Shatabdi,UMB,AMBALA CANT JN,20:00:00,20:05:00,1,,NR,Haryana
12005,New Delhi-Kalka Shatabdi,CDG,CHANDIGARH,20:40:00,20:48:00,1,,NR,Chandigarh
51190,ALLAHABAD - ITARSI Passenger,ALD,ALLAHABAD JN,None,19:00:00,1,,NCR,Uttar Pradesh
51190,ALLAHABAD - ITARSI Passenger,JBP,JABALPUR,06:10:00,06:20:00,2,,WCR,Madhya Pradesh
51190,ALLAHABAD - ITARSI Passenger,ET,ITARSI JN,15:30:00,None,2,,WCR,Madhya Pradesh
12822,Dhauli Express,PURI,PURI,None,11:50:00,1,,ECoR,Odisha
12822,Dhauli Express,BBS,BHUBANESWAR,13:15:00,13:20:00,1,,ECoR,Odisha
12822,Dhauli Express,CTC,CUTTACK,13:50:00,13:55:00,1,,ECoR,Odisha
12822,Dhauli Express,HWH,HOWRAH JN,20:15:00,None,1,,ER,West Bengal
13332,Patna Dhanbad Express,PNBE,PATNA JN,None,08:40:00,1,,ECR,Bihar
13332,Patna Dhanbad Express,DHN,DHANBAD JN,16:30:00,None,1,,ECR,Jharkhand
08060,Howrah - Mumbai LTT SF Special,HWH,HOWRAH JN,None,14:35:00,1,,ER,West Bengal
08060,Howrah - Mumbai LTT SF Special,TATA,TATANAGAR JN,18:05:00,18:10:00,1,,SER,Jharkhand
08060,Howrah - Mumbai LTT SF Special,ROU,ROURKELA,20:30:00,20:45:00,1,,SER,Odisha
08060,Howrah - Mumbai LTT SF Special,BSP,BILASPUR JN,01:05:00,01:20:00,2,,SECR,Chhattisgarh
08060,Howrah - Mumbai LTT SF Special,R,RAIPUR JN,02:55:00,03:05:00,2,,SECR,Chhattisgarh
08060,Howrah - Mumbai LTT SF Special,NGP,NAGPUR,08:40:00,08:50:00,2,,SECR,Maharashtra
08060,Howrah - Mumbai LTT SF Special,KYN,KALYAN JN,22:10:00,22:15:00,2,,CR,Maharashtra
12819,Orissa Sampark Kranti Express,BBS,BHUBANESWAR,None,15:40:00,1,,ECoR,Odisha
12819,Orissa Sampark Kranti Express,CTC,CUTTACK,16:07:00,16:12:00,1,,ECoR,Odisha
12819,Orissa Sampark Kranti Express,TATA,TATANAGAR JN,23:10:00,23:15:00,1,,SER,Jharkhand
12819,Orissa Sampark Kranti Express,GAYA,GAYA JN,04:58:00,04:58:00,2,,ECR,Bihar
12819,Orissa Sampark Kranti Express,MGS,MUGHAL SARAI JN,08:14:00,08:14:00,2,,ECR,Uttar Pradesh
12819,Orissa Sampark Kranti Express,ALD,ALLAHABAD JN,10:40:00,10:40:00,2,,NCR,Uttar Pradesh
12819,Orissa Sampark Kranti Express,CNB,KANPUR CENTRAL,13:40:00,13:55:00,2,,NCR,Uttar Pradesh
12819,Orissa Sampark Kranti Express,TDL,TUNDLA JN,17:34:00,17:34:00,2,,NCR,Uttar Pradesh
12819,Orissa Sampark Kranti Express,ALJN,ALIGARH JN,18:47:00,18:47:00,2,,NCR,Uttar Pradesh
12819,Orissa Sampark Kranti Express,GZB,GHAZIABAD,20:28:00,20:28:00,2,,NR,Uttar Pradesh
12819,Orissa Sampark Kranti Express,NDLS,NEW DELHI,20:50:00,None,2,,NR,Delhi
19025-Slip,Surat Bhavnagar Express Slip Slip,ST,SURAT,None,05:30:00,1,,WR,Gujarat
19025-Slip,Surat Bhavnagar Express Slip Slip,BRC,VADODARA JN,07:30:00,07:35:00,1,,WR,Gujarat
19025-Slip,Surat Bhavnagar Express Slip Slip,ADI,AHMEDABAD JN,09:20:00,09:40:00,1,,WR,Gujarat
63501,HWH BWN FAST,HWH,HOWRAH JN,None,01:50:00,1,,ER,West Bengal
63501,HWH BWN FAST,BWN,BARDDHAMAN JN,03:40:00,None,1,,ER,West Bengal
10216,Ernakulam Madgaon Weekly SF Express,ERS,ERNAKULAM JN,None,14:35:00,1,,SR,Kerala
10216,Ernakulam Madgaon Weekly SF Express,MAO,MADGAON,04:00:00,None,2,,KR,Goa
18106,Bhubaneswar-Rourkela InterCity,BBS,BHUBANESWAR,None,13:35:00,1,,ECoR,Odisha
18106,Bhubaneswar-Rourkela InterCity,ROU,ROURKELA,21:30:00,None,1,,SER,Odisha
22308,Bikaner-Howrah SF Express,BKN,BIKANER JN,None,18:45:00,1,,NWR,Rajasthan
22308,Bikaner-Howrah SF Express,JP,JAIPUR,02:00:00,02:20:00,2,,NWR,Rajasthan
22308,Bikaner-Howrah SF Express,TDL,TUNDLA JN,07:07:00,07:07:00,2,,NCR,Uttar Pradesh
22308,Bikaner-Howrah SF Express,CNB,KANPUR CENTRAL,11:05:00,11:15:00,2,,NCR,Uttar Pradesh
22308,Bikaner-Howrah SF Express,ALD,ALLAHABAD JN,14:00:00,14:10:00,2,,NCR,Uttar Pradesh
22308,Bikaner-Howrah SF Express,MGS,MUGHAL SARAI JN,16:50:00,17:10:00,2,,ECR,Uttar Pradesh
22308,Bikaner-Howrah SF Express,GAYA,GAYA JN,20:13:00,20:18:00,2,,ECR,Bihar
22308,Bikaner-Howrah SF Express,DHN,DHANBAD JN,23:40:00,23:50:00,2,,ECR,Jharkhand
22308,Bikaner-Howrah SF Express,ASN,ASANSOL JN,00:47:00,00:52:00,3,,ER,West Bengal
22308,Bikaner-Howrah SF Express,BWN,BARDDHAMAN JN,02:33:00,02:33:00,3,,ER,West Bengal
22308,Bikaner-Howrah SF Express,HWH,HOWRAH JN,04:00:00,None,3,,ER,West Bengal
13015,Howrah Bolpur KaviGuru Express,HWH,HOWRAH JN,None,10:45:00,1,,ER,West Bengal
13015,Howrah Bolpur KaviGuru Express,BWN,BARDDHAMAN JN,12:45:00,12:47:00,1,,ER,West Bengal
12345,HOWRAH - GUWAHATI Saraighat SF Exp,HWH,HOWRAH JN,None,15:50:00,1,,ER,West Bengal
12345,HOWRAH - GUWAHATI Saraighat SF Exp,BWN,BARDDHAMAN JN,17:07:00,17:09:00,1,,ER,West Bengal
12345,HOWRAH - GUWAHATI Saraighat SF Exp,NJP,NEW JALPAIGURI,01:40:00,02:00:00,2,,NFR,West Bengal
12345,HOWRAH - GUWAHATI Saraighat SF Exp,GHY,GUWAHATI,09:30:00,None,2,,NFR,Assam
12824,Chhattisgarh Sampark Kranti Express,NZM,DELHI H NIZAMUDDIN,None,17:25:00,1,,NR,Delhi
12824,Chhattisgarh Sampark Kranti Express,AGC,AGRA CANTT,20:07:00,20:07:00,1,,NCR,Uttar Pradesh
12824,Chhattisgarh Sampark Kranti Express,GWL,GWALIOR JN,21:49:00,21:49:00,1,,NCR,Madhya Pradesh
12824,Chhattisgarh Sampark Kranti Express,JHS,JHANSI JN,23:10:00,23:20:00,1,,NCR,Uttar Pradesh
12824,Chhattisgarh Sampark Kranti Express,BSP,BILASPUR JN,11:45:00,12:15:00,2,,SECR,Chhattisgarh
12824,Chhattisgarh Sampark Kranti Express,R,RAIPUR JN,14:00:00,14:10:00,2,,SECR,Chhattisgarh
19005-Slip,Saurashtra Mail,BCT,Mumbai Central,None,20:25:00,1,,WR,Maharashtra
19005-Slip,Saurashtra Mail,ST,SURAT,00:42:00,00:47:00,2,,WR,Gujarat
19005-Slip,Saurashtra Mail,BRC,VADODARA JN,02:40:00,02:45:00,2,,WR,Gujarat
19005-Slip,Saurashtra Mail,ADI,AHMEDABAD JN,04:55:00,05:15:00,2,,WR,Gujarat
12852,Chennai-Bilaspur Express,MAS,CHENNAI CENTRAL,None,21:10:00,1,,SR,Tamil Nadu
12852,Chennai-Bilaspur Express,BZA,VIJAYAWADA JN,03:55:00,04:05:00,2,,SCR,Andhra Pradesh
12852,Chennai-Bilaspur Express,R,RAIPUR JN,18:25:00,18:35:00,2,,SECR,Chhattisgarh
12852,Chennai-Bilaspur Express,BSP,BILASPUR JN,20:15:00,None,2,,SECR,Chhattisgarh
12342,Agniveena Express,ASN,ASANSOL JN,None,05:30:00,1,,ER,West Bengal
12342,Agniveena Express,BWN,BARDDHAMAN JN,07:09:00,07:11:00,1,,ER,West Bengal
12342,Agniveena Express,HWH,HOWRAH JN,08:45:00,None,1,,ER,West Bengal
12159,Amravati -Jabalpur Express,AMI,Amravati,None,17:45:00,1,,CR,Maharashtra
12159,Amravati -Jabalpur Express,NGP,NAGPUR,21:30:00,21:40:00,1,,SECR,Maharashtra
12159,Amravati -Jabalpur Express,ET,ITARSI JN,02:35:00,02:45:00,2,,WCR,Madhya Pradesh
12159,Amravati -Jabalpur Express,JBP,JABALPUR,06:45:00,None,2,,WCR,Madhya Pradesh
37857,Howrah-Barddhaman Non-Stop Local,HWH,HOWRAH JN,None,17:55:00,1,,ER,West Bengal
37857,Howrah-Barddhaman Non-Stop Local,BWN,BARDDHAMAN JN,20:00:00,None,1,,ER,West Bengal
12582,Bhubaneshwar-Pune Express,BBS,BHUBANESWAR,None,22:15:00,1,,ECoR,Odisha
12582,Bhubaneshwar-Pune Express,BZA,VIJAYAWADA JN,10:40:00,11:00:00,2,,SCR,Andhra Pradesh
12582,Bhubaneshwar-Pune Express,SC,SECUNDERABAD JN,17:40:00,17:50:00,2,,SCR,Telangana
12582,Bhubaneshwar-Pune Express,SUR,SOLAPUR JN,00:05:00,00:15:00,3,,CR,Maharashtra
12582,Bhubaneshwar-Pune Express,PUNE,PUNE JN,05:00:00,None,3,,CR,Maharashtra
12880,BHUBANESWAR - MUMBAI LTT SF Exp,BBS,BHUBANESWAR,None,07:10:00,1,,ECoR,Odisha
12880,BHUBANESWAR - MUMBAI LTT SF Exp,CTC,CUTTACK,07:45:00,07:47:00,1,,ECoR,Odisha
12880,BHUBANESWAR - MUMBAI LTT SF Exp,BSP,BILASPUR JN,16:55:00,17:15:00,1,,SECR,Chhattisgarh
12880,BHUBANESWAR - MUMBAI LTT SF Exp,R,RAIPUR JN,18:45:00,18:55:00,1,,SECR,Chhattisgarh
12880,BHUBANESWAR - MUMBAI LTT SF Exp,NGP,NAGPUR,00:05:00,00:20:00,2,,SECR,Maharashtra
12880,BHUBANESWAR - MUMBAI LTT SF Exp,KYN,KALYAN JN,12:30:00,12:35:00,2,,CR,Maharashtra
58201,Bilaspur Raipur Passenger,BSP,BILASPUR JN,None,06:40:00,1,,SECR,Chhattisgarh
58201,Bilaspur Raipur Passenger,R,RAIPUR JN,09:20:00,None,1,,SECR,Chhattisgarh
13158,MUZAFFARPUR - KOLKATA CHITPUR Tirhut Exp,MFP,MUZAFFARPUR JN,None,14:50:00,1,,ECR,Bihar
13158,MUZAFFARPUR - KOLKATA CHITPUR Tirhut Exp,ASN,ASANSOL JN,22:30:00,22:50:00,1,,ER,West Bengal
13158,MUZAFFARPUR - KOLKATA CHITPUR Tirhut Exp,BWN,BARDDHAMAN JN,01:00:00,01:05:00,2,,ER,West Bengal
12358,AMRITSAR - KOLKATA CHITPUR Durgiana SF Exp,BWN,BARDDHAMAN JN,None,None,,,ER,West Bengal
12358,AMRITSAR - KOLKATA CHITPUR Durgiana SF Exp,ASR,AMRITSAR JN,None,06:05:00,1,,NR,Punjab
12358,AMRITSAR - KOLKATA CHITPUR Durgiana SF Exp,LDH,LUDHIANA JN,08:10:00,08:20:00,1,,NR,Punjab
12358,AMRITSAR - KOLKATA CHITPUR Durgiana SF Exp,UMB,AMBALA CANT JN,10:05:00,10:15:00,1,,NR,Haryana
12358,AMRITSAR - KOLKATA CHITPUR Durgiana SF Exp,MB,MORADABAD,14:50:00,15:00:00,1,,NR,Uttar Pradesh
12358,AMRITSAR - KOLKATA CHITPUR Durgiana SF Exp,BE,BAREILLY,16:24:00,16:24:00,1,,NER,Uttar Pradesh
12358,AMRITSAR - KOLKATA CHITPUR Durgiana SF Exp,LKO,LUCKNOW,20:00:00,20:15:00,1,,NER,Uttar Pradesh
12358,AMRITSAR - KOLKATA CHITPUR Durgiana SF Exp,MGS,MUGHAL SARAI JN,02:10:00,02:30:00,2,,ECR,Uttar Pradesh
12358,AMRITSAR - KOLKATA CHITPUR Durgiana SF Exp,GAYA,GAYA JN,04:40:00,04:45:00,2,,ECR,Bihar
12358,AMRITSAR - KOLKATA CHITPUR Durgiana SF Exp,DHN,DHANBAD JN,07:06:00,07:11:00,2,,ECR,Jharkhand
12358,AMRITSAR - KOLKATA CHITPUR Durgiana SF Exp,ASN,ASANSOL JN,08:04:00,08:06:00,2,,ER,West Bengal
12994,PURI - GANDHIDHAM SF Exp,PURI,PURI,None,19:50:00,1,,ECoR,Odisha
12994,PURI - GANDHIDHAM SF Exp,BBS,BHUBANESWAR,21:10:00,21:15:00,1,,ECoR,Odisha
12994,PURI - GANDHIDHAM SF Exp,R,RAIPUR JN,09:35:00,09:55:00,2,,SECR,Chhattisgarh
12994,PURI - GANDHIDHAM SF Exp,NGP,NAGPUR,14:35:00,14:45:00,2,,SECR,Maharashtra
12994,PURI - GANDHIDHAM SF Exp,ST,SURAT,03:37:00,03:42:00,3,,WR,Gujarat
12994,PURI - GANDHIDHAM SF Exp,BRC,VADODARA JN,05:30:00,05:35:00,3,,WR,Gujarat
12994,PURI - GANDHIDHAM SF Exp,ADI,AHMEDABAD JN,07:25:00,07:45:00,3,,WR,Gujarat
12373,SEALDAH - RAMPURHAT Intercity SF Exp,SDAH,KOLKATA SEALDAH,None,None,,,ER,West Bengal
12373,SEALDAH - RAMPURHAT Intercity SF Exp,BWN,BARDDHAMAN JN,None,None,,,ER,West Bengal
18405,PURI - AHMEDABAD Exp,PURI,PURI,None,18:10:00,1,,ECoR,Odisha
18405,PURI - AHMEDABAD Exp,BBS,BHUBANESWAR,19:45:00,19:50:00,1,,ECoR,Odisha
18405,PURI - AHMEDABAD Exp,R,RAIPUR JN,09:35:00,09:55:00,2,,SECR,Chhattisgarh
18405,PURI - AHMEDABAD Exp,NGP,NAGPUR,14:35:00,14:45:00,2,,SECR,Maharashtra
18405,PURI - AHMEDABAD Exp,ST,SURAT,03:37:00,03:42:00,3,,WR,Gujarat
18405,PURI - AHMEDABAD Exp,BRC,VADODARA JN,05:30:00,05:35:00,3,,WR,Gujarat
18405,PURI - AHMEDABAD Exp,ADI,AHMEDABAD JN,07:25:00,None,3,,WR,Gujarat
18473,PURI - JODHPUR Express,PURI,PURI,None,13:30:00,1,,ECoR,Odisha
18473,PURI - JODHPUR Express,BBS,BHUBANESWAR,14:55:00,15:00:00,1,,ECoR,Odisha
18473,PURI - JODHPUR Express,CTC,CUTTACK,15:40:00,15:45:00,1,,ECoR,Odisha
18473,PURI - JODHPUR Express,BSP,BILASPUR JN,03:00:00,03:30:00,2,,SECR,Chhattisgarh
18473,PURI - JODHPUR Express,R,RAIPUR JN,05:10:00,05:20:00,2,,SECR,Chhattisgarh
18473,PURI - JODHPUR Express,NGP,NAGPUR,10:55:00,11:15:00,2,,SECR,Maharashtra
18473,PURI - JODHPUR Express,ET,ITARSI JN,16:05:00,16:10:00,2,,WCR,Madhya Pradesh
18473,PURI - JODHPUR Express,BPL,BHOPAL JN,18:00:00,18:20:00,2,,WCR,Madhya Pradesh
18473,PURI - JODHPUR Express,KOTA,KOTA JN,01:55:00,02:05:00,3,,WCR,Rajasthan
18473,PURI - JODHPUR Express,JP,JAIPUR,06:00:00,06:20:00,3,,NWR,Rajasthan
18473,PURI - JODHPUR Express,JU,JODHPUR JN,12:00:00,None,3,,NWR,Rajasthan
53041,HOWRAH - JAYNAGAR Passenger,HWH,HOWRAH JN,None,07:15:00,1,,ER,West Bengal
53041,HOWRAH - JAYNAGAR Passenger,BWN,BARDDHAMAN JN,09:58:00,10:03:00,1,,ER,West Bengal
14632,Amritsar Dehradun Express,ASR,AMRITSAR JN,None,22:15:00,1,,NR,Punjab
14632,Amritsar Dehradun Express,LDH,LUDHIANA JN,01:20:00,01:30:00,2,,NR,Punjab
14632,Amritsar Dehradun Express,UMB,AMBALA CANT JN,03:25:00,03:35:00,2,,NR,Haryana
54602,Amritsar Hisar Passenger,ASR,AMRITSAR JN,None,17:10:00,1,,NR,Punjab
54602,Amritsar Hisar Passenger,LDH,LUDHIANA JN,20:25:00,20:55:00,1,,NR,Punjab
59706,Jaipur Suratgarh Passenger,JP,JAIPUR,None,05:15:00,1,,NWR,Rajasthan
59706,Jaipur Suratgarh Passenger,BKN,BIKANER JN,15:00:00,15:20:00,1,,NWR,Rajasthan
63502,BWN Howrah EMU,BWN,BARDDHAMAN JN,None,21:58:00,1,,ER,West Bengal
63502,BWN Howrah EMU,HWH,HOWRAH JN,00:20:00,None,2,,ER,West Bengal
59821,KOTA - BHIND Passenger,KOTA,KOTA JN,None,22:05:00,1,,WCR,Rajasthan
59821,KOTA - BHIND Passenger,GWL,GWALIOR JN,11:55:00,12:15:00,2,,NCR,Madhya Pradesh
14634,Ravi Express,PTK,PATHANKOT,None,14:15:00,1,,NR,Punjab
14634,Ravi Express,ASR,AMRITSAR JN,16:40:00,None,1,,NR,Punjab
15901,BENGALURU - NEW TINSUKIA Weekly Exp,SBC,BANGALORE CITY JN,None,None,,,SWR,Karnataka
15901,BENGALURU - NEW TINSUKIA Weekly Exp,BZA,VIJAYAWADA JN,16:45:00,17:00:00,2,,SCR,Andhra Pradesh
15901,BENGALURU - NEW TINSUKIA Weekly Exp,VSKP,VISHAKAPATNAM,23:05:00,23:25:00,2,,ECoR,Andhra Pradesh
15901,BENGALURU - NEW TINSUKIA Weekly Exp,BBS,BHUBANESWAR,06:32:00,06:37:00,3,,ECoR,Odisha
15901,BENGALURU - NEW TINSUKIA Weekly Exp,CTC,CUTTACK,07:22:00,07:27:00,3,,ECoR,Odisha
15901,BENGALURU - NEW TINSUKIA Weekly Exp,HWH,HOWRAH JN,13:55:00,14:15:00,3,,ER,West Bengal
15901,BENGALURU - NEW TINSUKIA Weekly Exp,BWN,BARDDHAMAN JN,15:45:00,15:45:00,3,,ER,West Bengal
15901,BENGALURU - NEW TINSUKIA Weekly Exp,NJP,NEW JALPAIGURI,23:50:00,00:10:00,3,,NFR,West Bengal
15901,BENGALURU - NEW TINSUKIA Weekly Exp,GHY,GUWAHATI,08:15:00,08:35:00,4,,NFR,Assam
15901,BENGALURU - NEW TINSUKIA Weekly Exp,DBRG,DIBRUGARH,20:10:00,None,4,,NFR,Assam
63256,Gaya Patna Passenger MEMU,GAYA,GAYA JN,None,21:20:00,1,,ECR,Bihar
63256,Gaya Patna Passenger MEMU,PNBE,PATNA JN,00:01:00,None,2,,ECR,Bihar
12590,Secunderabad - Gorakhpur Express,SC,SECUNDERABAD JN,None,07:20:00,1,,SCR,Telangana
12590,Secunderabad - Gorakhpur Express,NGP,NAGPUR,17:00:00,17:10:00,1,,SECR,Maharashtra
12590,Secunderabad - Gorakhpur Express,ET,ITARSI JN,22:25:00,22:35:00,1,,WCR,Madhya Pradesh
12590,Secunderabad - Gorakhpur Express,BPL,BHOPAL JN,00:10:00,00:25:00,2,,WCR,Madhya Pradesh
12590,Secunderabad - Gorakhpur Express,JHS,JHANSI JN,04:20:00,04:40:00,2,,NCR,Uttar Pradesh
12590,Secunderabad - Gorakhpur Express,CNB,KANPUR CENTRAL,08:15:00,08:20:00,2,,NCR,Uttar Pradesh
17032,Hyderabad-Mumbai Express,HYB,HYDERABAD DECCAN,None,20:40:00,1,,SCR,Andhra Pradesh
17032,Hyderabad-Mumbai Express,SUR,SOLAPUR JN,03:40:00,03:50:00,2,,CR,Maharashtra
17032,Hyderabad-Mumbai Express,PUNE,PUNE JN,09:05:00,09:10:00,2,,CR,Maharashtra
17032,Hyderabad-Mumbai Express,KYN,KALYAN JN,11:53:00,11:55:00,2,,CR,Maharashtra
17032,Hyderabad-Mumbai Express,DR,MUMBAI DADAR CENTRAL,12:38:00,12:40:00,2,,CR,Maharashtra
17032,Hyderabad-Mumbai Express,CSTM,MUMBAI CST,13:05:00,None,2,,CR,Maharashtra
12507,TRIVANDRUM - GUWAHATI SF Exp,TVC,TRIVANDRUM CENTRAL,None,None,,,SR,Kerala
12507,TRIVANDRUM - GUWAHATI SF Exp,CBE,COIMBATORE JN,01:25:00,01:30:00,2,,SR,Tamil Nadu
12507,TRIVANDRUM - GUWAHATI SF Exp,MAS,CHENNAI CENTRAL,09:30:00,09:55:00,2,,SR,Tamil Nadu
12507,TRIVANDRUM - GUWAHATI SF Exp,BZA,VIJAYAWADA JN,16:45:00,17:00:00,2,,SCR,Andhra Pradesh
12507,TRIVANDRUM - GUWAHATI SF Exp,VSKP,VISHAKAPATNAM,23:05:00,23:25:00,2,,ECoR,Andhra Pradesh
12507,TRIVANDRUM - GUWAHATI SF Exp,BBS,BHUBANESWAR,06:32:00,06:37:00,3,,ECoR,Odisha
12507,TRIVANDRUM - GUWAHATI SF Exp,CTC,CUTTACK,07:22:00,07:27:00,3,,ECoR,Odisha
12507,TRIVANDRUM - GUWAHATI SF Exp,HWH,HOWRAH JN,13:55:00,14:15:00,3,,ER,West Bengal
12507,TRIVANDRUM - GUWAHATI SF Exp,BWN,BARDDHAMAN JN,15:35:00,15:35:00,3,,ER,West Bengal
12507,TRIVANDRUM - GUWAHATI SF Exp,NJP,NEW JALPAIGURI,23:50:00,00:10:00,3,,NFR,West Bengal
12507,TRIVANDRUM - GUWAHATI SF Exp,GHY,GUWAHATI,07:55:00,None,4,,NFR,Assam
15098,Jammu-Barauni Amarnath Express,JAT,JAMMU TAWI,None,22:45:00,1,,NR,Jammu and Kashmir
15098,Jammu-Barauni Amarnath Express,LDH,LUDHIANA JN,03:25:00,03:35:00,2,,NR,Punjab
15098,Jammu-Barauni Amarnath Express,UMB,AMBALA CANT JN,05:12:00,05:20:00,2,,NR,Haryana
15098,Jammu-Barauni Amarnath Express,MB,MORADABAD,09:50:00,10:00:00,2,,NR,Uttar Pradesh
15098,Jammu-Barauni Amarnath Express,BE,BAREILLY,11:15:00,11:20:00,2,,NER,Uttar Pradesh
15098,Jammu-Barauni Amarnath Express,LKO,LUCKNOW,15:15:00,15:30:00,2,,NER,Uttar Pradesh
15098,Jammu-Barauni Amarnath Express,MFP,MUZAFFARPUR JN,03:35:00,03:45:00,3,,ECR,Bihar
14555,Bareilly-Delhi Express,BE,BAREILLY,None,14:30:00,1,,NER,Uttar Pradesh
14555,Bareilly-Delhi Express,MB,MORADABAD,17:25:00,17:35:00,1,,NR,Uttar Pradesh
14555,Bareilly-Delhi Express,GZB,GHAZIABAD,20:30:00,20:33:00,1,,NR,Uttar Pradesh
16125,CHENNAI EGMORE - JODHPUR Exp,MS,CHENNAI EGMORE,None,15:15:00,1,,SR,Tamil Nadu
16125,CHENNAI EGMORE - JODHPUR Exp,BZA,VIJAYAWADA JN,22:00:00,22:10:00,1,,SCR,Andhra Pradesh
16125,CHENNAI EGMORE - JODHPUR Exp,ST,SURAT,21:17:00,21:22:00,2,,WR,Gujarat
16125,CHENNAI EGMORE - JODHPUR Exp,BRC,VADODARA JN,23:05:00,23:10:00,2,,WR,Gujarat
16125,CHENNAI EGMORE - JODHPUR Exp,ADI,AHMEDABAD JN,01:00:00,01:20:00,3,,WR,Gujarat
16125,CHENNAI EGMORE - JODHPUR Exp,JU,JODHPUR JN,11:00:00,None,3,,NWR,Rajasthan
12146,PURI - MUMBAI LTT SF Exp,PURI,PURI,None,None,,,ECoR,Odisha
12146,PURI - MUMBAI LTT SF Exp,BBS,BHUBANESWAR,None,23:05:00,1,,ECoR,Odisha
12146,PURI - MUMBAI LTT SF Exp,CTC,CUTTACK,23:35:00,23:40:00,1,,ECoR,Odisha
12146,PURI - MUMBAI LTT SF Exp,R,RAIPUR JN,12:35:00,13:00:00,2,,SECR,Chhattisgarh
12146,PURI - MUMBAI LTT SF Exp,NGP,NAGPUR,17:50:00,18:00:00,2,,SECR,Maharashtra
12146,PURI - MUMBAI LTT SF Exp,KYN,KALYAN JN,06:25:00,06:30:00,3,,CR,Maharashtra
12832,BHUBANESWAR - DHANBAD Garib Rath Exp,BBS,BHUBANESWAR,None,20:10:00,1,,ECoR,Odisha
12832,BHUBANESWAR - DHANBAD Garib Rath Exp,CTC,CUTTACK,20:43:00,20:48:00,1,,ECoR,Odisha
12832,BHUBANESWAR - DHANBAD Garib Rath Exp,ROU,ROURKELA,04:05:00,04:15:00,2,,SER,Odisha
12832,BHUBANESWAR - DHANBAD Garib Rath Exp,DHN,DHANBAD JN,10:45:00,None,2,,ECR,Jharkhand
63543,ASANSOL GOMOH PASS,ASN,ASANSOL JN,None,18:10:00,1,,ER,West Bengal
63543,ASANSOL GOMOH PASS,DHN,DHANBAD JN,19:24:00,19:29:00,1,,ECR,Jharkhand
14259,MUGHAL SARAI - LUCKNOW Ekatmata Exp,MGS,MUGHAL SARAI JN,None,None,,,ECR,Uttar Pradesh
14259,MUGHAL SARAI - LUCKNOW Ekatmata Exp,LKO,LUCKNOW,None,None,,,NER,Uttar Pradesh
56230,Bangalore Mysore Passenger,SBC,BANGALORE CITY JN,None,16:25:00,1,,SWR,Karnataka
56230,Bangalore Mysore Passenger,MYS,MYSORE JN,20:05:00,None,1,,SWR,Karnataka
22845,PUNE - HATIA SF Exp,PUNE,PUNE JN,None,10:45:00,1,,CR,Maharashtra
22845,PUNE - HATIA SF Exp,NGP,NAGPUR,01:55:00,02:05:00,2,,SECR,Maharashtra
22845,PUNE - HATIA SF Exp,R,RAIPUR JN,06:40:00,06:50:00,2,,SECR,Chhattisgarh
22845,PUNE - HATIA SF Exp,BSP,BILASPUR JN,08:40:00,08:55:00,2,,SECR,Chhattisgarh
22845,PUNE - HATIA SF Exp,ROU,ROURKELA,13:40:00,13:45:00,2,,SER,Odisha
12052,MADGAON - DADAR Jan Shatabdi Exp,MAO,MADGAON,None,14:30:00,1,,KR,Goa
12052,MADGAON - DADAR Jan Shatabdi Exp,PNVL,PANVEL,21:48:00,21:50:00,1,,CR,Maharashtra
12052,MADGAON - DADAR Jan Shatabdi Exp,DR,MUMBAI DADAR CENTRAL,22:58:00,23:00:00,1,,CR,Maharashtra
18189,Tatanagar- Alappuzha (Alleppey) Express,TATA,TATANAGAR JN,None,15:45:00,1,,SER,Jharkhand
18189,Tatanagar- Alappuzha (Alleppey) Express,ROU,ROURKELA,18:35:00,19:00:00,1,,SER,Odisha
18189,Tatanagar- Alappuzha (Alleppey) Express,VSKP,VISHAKAPATNAM,10:05:00,10:25:00,2,,ECoR,Andhra Pradesh
18189,Tatanagar- Alappuzha (Alleppey) Express,BZA,VIJAYAWADA JN,17:25:00,17:45:00,2,,SCR,Andhra Pradesh
18189,Tatanagar- Alappuzha (Alleppey) Express,MAS,CHENNAI CENTRAL,03:00:00,03:25:00,3,,SR,Tamil Nadu
18189,Tatanagar- Alappuzha (Alleppey) Express,CBE,COIMBATORE JN,12:05:00,12:10:00,3,,SR,Tamil Nadu
18189,Tatanagar- Alappuzha (Alleppey) Express,ERS,ERNAKULAM JN,18:10:00,18:20:00,3,,SR,Kerala
12683,ERNAKULAM - BANGALORE SF Exp,ERS,ERNAKULAM JN,None,17:00:00,1,,SR,Kerala
12683,ERNAKULAM - BANGALORE SF Exp,SBC,BANGALORE CITY JN,04:20:00,None,2,,SWR,Karnataka
12620,MANGALORE CENT - MUMBAI LTT Matsyagandha Exp,MAQ,MANGALORE CNTL,None,14:40:00,1,,SR,Karnataka
12620,MANGALORE CENT - MUMBAI LTT Matsyagandha Exp,MAO,MADGAON,20:30:00,20:40:00,1,,KR,Goa
12620,MANGALORE CENT - MUMBAI LTT Matsyagandha Exp,PNVL,PANVEL,05:10:00,05:15:00,2,,CR,Maharashtra
10112,MADGAON - MUMBAI CST Konkan Knaya Exp,MAO,MADGAON,None,18:00:00,1,,KR,Goa
10112,MADGAON - MUMBAI CST Konkan Knaya Exp,PNVL,PANVEL,04:05:00,04:10:00,2,,CR,Maharashtra
10112,MADGAON - MUMBAI CST Konkan Knaya Exp,DR,MUMBAI DADAR CENTRAL,05:17:00,05:20:00,2,,CR,Maharashtra
10112,MADGAON - MUMBAI CST Konkan Knaya Exp,CSTM,MUMBAI CST,05:50:00,None,2,,CR,Maharashtra
06009,Chennai CentralKollam SF Special,MAS,CHENNAI CENTRAL,None,23:30:00,1,,SR,Tamil Nadu
06009,Chennai CentralKollam SF Special,CBE,COIMBATORE JN,06:50:00,06:55:00,2,,SR,Tamil Nadu
06009,Chennai CentralKollam SF Special,ERS,ERNAKULAM JN,11:39:00,11:39:00,2,,SR,Kerala
18304,PURI - SAMBALPUR Intercity Exp,PURI,PURI,None,15:45:00,1,,ECoR,Odisha
18304,PURI - SAMBALPUR Intercity Exp,BBS,BHUBANESWAR,17:25:00,17:30:00,1,,ECoR,Odisha
12965,Gwalior Udaipur Express,GWL,GWALIOR JN,None,15:50:00,1,,NCR,Madhya Pradesh
12965,Gwalior Udaipur Express,AGC,AGRA CANTT,17:35:00,17:40:00,1,,NCR,Uttar Pradesh
12965,Gwalior Udaipur Express,JP,JAIPUR,22:20:00,22:30:00,1,,NWR,Rajasthan
12965,Gwalior Udaipur Express,UDZ,UDAIPUR CITY,06:10:00,None,2,,NWR,Rajasthan
12158,Hutatma Express,SUR,SOLAPUR JN,None,06:30:00,1,,CR,Maharashtra
12158,Hutatma Express,PUNE,PUNE JN,10:30:00,None,1,,CR,Maharashtra
16688-Slip,Navyug Express Slip,JAT,JAMMU TAWI,None,23:45:00,1,,NR,Jammu and Kashmir
16688-Slip,Navyug Express Slip,LDH,LUDHIANA JN,05:05:00,05:20:00,2,,NR,Punjab
16688-Slip,Navyug Express Slip,NDLS,NEW DELHI,13:15:00,14:25:00,2,,NR,Delhi
16688-Slip,Navyug Express Slip,NZM,DELHI H NIZAMUDDIN,14:45:00,14:50:00,2,,NR,Delhi
16688-Slip,Navyug Express Slip,AGC,AGRA CANTT,18:30:00,18:35:00,2,,NCR,Uttar Pradesh
16688-Slip,Navyug Express Slip,GWL,GWALIOR JN,20:09:00,20:12:00,2,,NCR,Madhya Pradesh
16688-Slip,Navyug Express Slip,JHS,JHANSI JN,21:35:00,21:45:00,2,,NCR,Uttar Pradesh
16688-Slip,Navyug Express Slip,BPL,BHOPAL JN,01:50:00,02:00:00,3,,WCR,Madhya Pradesh
16688-Slip,Navyug Express Slip,ET,ITARSI JN,03:35:00,03:45:00,3,,WCR,Madhya Pradesh
16688-Slip,Navyug Express Slip,NGP,NAGPUR,08:25:00,08:40:00,3,,SECR,Maharashtra
16688-Slip,Navyug Express Slip,BZA,VIJAYAWADA JN,19:05:00,19:20:00,3,,SCR,Andhra Pradesh
22608,BANGALORE - ERNAKULAM Weekly SF Exp,SBC,BANGALORE CITY JN,None,17:15:00,1,,SWR,Karnataka
22608,BANGALORE - ERNAKULAM Weekly SF Exp,ERS,ERNAKULAM JN,04:20:00,None,2,,SR,Kerala
12448-Slip,Nizamuddin KhajurahoLink Express Slip,NZM,DELHI H NIZAMUDDIN,None,20:15:00,1,,NR,Delhi
12448-Slip,Nizamuddin KhajurahoLink Express Slip,AGC,AGRA CANTT,23:15:00,23:20:00,1,,NCR,Uttar Pradesh
12448-Slip,Nizamuddin KhajurahoLink Express Slip,GWL,GWALIOR JN,00:51:00,00:51:00,2,,NCR,Madhya Pradesh
12448-Slip,Nizamuddin KhajurahoLink Express Slip,JHS,JHANSI JN,02:05:00,02:25:00,2,,NCR,Uttar Pradesh
12478,Jammu Tawi - Jamnagar (Weekly) Sindhu SF Express,JAT,JAMMU TAWI,None,11:15:00,1,,NR,Jammu and Kashmir
12478,Jammu Tawi - Jamnagar (Weekly) Sindhu SF Express,LDH,LUDHIANA JN,15:45:00,16:10:00,1,,NR,Punjab
12478,Jammu Tawi - Jamnagar (Weekly) Sindhu SF Express,UMB,AMBALA CANT JN,17:50:00,18:00:00,1,,NR,Haryana
12478,Jammu Tawi - Jamnagar (Weekly) Sindhu SF Express,NDLS,NEW DELHI,21:30:00,21:50:00,1,,NR,Delhi
12478,Jammu Tawi - Jamnagar (Weekly) Sindhu SF Express,NZM,DELHI H NIZAMUDDIN,21:57:00,21:57:00,1,,NR,Delhi
12478,Jammu Tawi - Jamnagar (Weekly) Sindhu SF Express,KOTA,KOTA JN,03:50:00,04:00:00,2,,WCR,Rajasthan
12478,Jammu Tawi - Jamnagar (Weekly) Sindhu SF Express,RTM,RATLAM JN,08:00:00,08:20:00,2,,WR,Madhya Pradesh
12478,Jammu Tawi - Jamnagar (Weekly) Sindhu SF Express,BRC,VADODARA JN,12:05:00,12:23:00,2,,WR,Gujarat
12478,Jammu Tawi - Jamnagar (Weekly) Sindhu SF Express,ADI,AHMEDABAD JN,14:10:00,14:30:00,2,,WR,Gujarat
12613,Tippu Express,MYS,MYSORE JN,None,11:00:00,1,,SWR,Karnataka
12613,Tippu Express,SBC,BANGALORE CITY JN,13:30:00,None,1,,SWR,Karnataka
12460,Amritsar-New Delhi Intercity Express,ASR,AMRITSAR JN,None,06:25:00,1,,NR,Punjab
12460,Amritsar-New Delhi Intercity Express,LDH,LUDHIANA JN,08:45:00,08:50:00,1,,NR,Punjab
12460,Amritsar-New Delhi Intercity Express,UMB,AMBALA CANT JN,10:45:00,10:55:00,1,,NR,Haryana
12460,Amritsar-New Delhi Intercity Express,NDLS,NEW DELHI,14:20:00,None,1,,NR,Delhi
12524,New Delhi New Jalpaiguri SuperFast Express,NDLS,NEW DELHI,None,15:10:00,1,,NR,Delhi
12524,New Delhi New Jalpaiguri SuperFast Express,GZB,GHAZIABAD,15:53:00,15:55:00,1,,NR,Uttar Pradesh
12524,New Delhi New Jalpaiguri SuperFast Express,MB,MORADABAD,18:10:00,18:20:00,1,,NR,Uttar Pradesh
12524,New Delhi New Jalpaiguri SuperFast Express,BE,BAREILLY,19:48:00,19:48:00,1,,NER,Uttar Pradesh
12524,New Delhi New Jalpaiguri SuperFast Express,LKO,LUCKNOW,23:35:00,23:45:00,1,,NER,Uttar Pradesh
12524,New Delhi New Jalpaiguri SuperFast Express,MFP,MUZAFFARPUR JN,10:20:00,10:25:00,2,,ECR,Bihar
12524,New Delhi New Jalpaiguri SuperFast Express,NJP,NEW JALPAIGURI,18:35:00,None,2,,NFR,West Bengal
17057-Slip,Mumbai -Daund Devagiri Express Slip,CSTM,MUMBAI CST,None,21:05:00,1,,CR,Maharashtra
17057-Slip,Mumbai -Daund Devagiri Express Slip,DR,MUMBAI DADAR CENTRAL,21:18:00,21:20:00,1,,CR,Maharashtra
17057-Slip,Mumbai -Daund Devagiri Express Slip,KYN,KALYAN JN,22:05:00,22:10:00,1,,CR,Maharashtra
13348,Palamau Express,PNBE,PATNA JN,None,21:15:00,1,,ECR,Bihar
13348,Palamau Express,GAYA,GAYA JN,23:33:00,23:43:00,1,,ECR,Bihar
58132,Puri Rourkela Passenger,PURI,PURI,None,03:30:00,1,,ECoR,Odisha
58132,Puri Rourkela Passenger,BBS,BHUBANESWAR,05:30:00,05:35:00,1,,ECoR,Odisha
58132,Puri Rourkela Passenger,CTC,CUTTACK,06:35:00,06:40:00,1,,ECoR,Odisha
58132,Puri Rourkela Passenger,ROU,ROURKELA,20:15:00,None,1,,SER,Odisha
16536,Gol Gumbaz Express,SUR,SOLAPUR JN,None,15:35:00,1,,CR,Maharashtra
16536,Gol Gumbaz Express,UBL,HUBLI JN,23:25:00,23:35:00,1,,SWR,Karnataka
12038,Ludhiana-New Delhi Shatabdi Express,LDH,LUDHIANA JN,None,16:40:00,1,,NR,Punjab
12038,Ludhiana-New Delhi Shatabdi Express,NDLS,NEW DELHI,22:05:00,None,1,,NR,Delhi
15928,Dibrugarh Kamakhya Express,DBRG,DIBRUGARH,None,06:00:00,1,,NFR,Assam
15928,Dibrugarh Kamakhya Express,GHY,GUWAHATI,16:50:00,17:00:00,1,,NFR,Assam
12433,Chennai Central-Delhi H.Nizamuddin Rajdhani Expres,MAS,CHENNAI CENTRAL,None,06:10:00,1,,SR,Tamil Nadu
12433,Chennai Central-Delhi H.Nizamuddin Rajdhani Expres,BZA,VIJAYAWADA JN,11:50:00,12:00:00,1,,SCR,Andhra Pradesh
12433,Chennai Central-Delhi H.Nizamuddin Rajdhani Expres,NGP,NAGPUR,20:35:00,20:45:00,1,,SECR,Maharashtra
12433,Chennai Central-Delhi H.Nizamuddin Rajdhani Expres,ET,ITARSI JN,00:55:00,00:55:00,2,,WCR,Madhya Pradesh
12433,Chennai Central-Delhi H.Nizamuddin Rajdhani Expres,BPL,BHOPAL JN,02:10:00,02:20:00,2,,WCR,Madhya Pradesh
12433,Chennai Central-Delhi H.Nizamuddin Rajdhani Expres,JHS,JHANSI JN,05:26:00,05:31:00,2,,NCR,Uttar Pradesh
12433,Chennai Central-Delhi H.Nizamuddin Rajdhani Expres,GWL,GWALIOR JN,06:36:00,06:38:00,2,,NCR,Madhya Pradesh
12433,Chennai Central-Delhi H.Nizamuddin Rajdhani Expres,AGC,AGRA CANTT,07:55:00,07:57:00,2,,NCR,Uttar Pradesh
12433,Chennai Central-Delhi H.Nizamuddin Rajdhani Expres,NZM,DELHI H NIZAMUDDIN,10:20:00,None,2,,NR,Delhi
17038,BIKANER - SECUNDERABAD Express,BKN,BIKANER JN,None,15:40:00,1,,NWR,Rajasthan
17038,BIKANER - SECUNDERABAD Express,JU,JODHPUR JN,21:00:00,21:15:00,1,,NWR,Rajasthan
17038,BIKANER - SECUNDERABAD Express,ADI,AHMEDABAD JN,06:25:00,06:50:00,2,,WR,Gujarat
17038,BIKANER - SECUNDERABAD Express,BRC,VADODARA JN,08:50:00,08:55:00,2,,WR,Gujarat
17038,BIKANER - SECUNDERABAD Express,ST,SURAT,10:50:00,11:00:00,2,,WR,Gujarat
17038,BIKANER - SECUNDERABAD Express,SC,SECUNDERABAD JN,08:50:00,None,3,,SCR,Telangana
14610,Hemkunt Express,JAT,JAMMU TAWI,None,18:40:00,1,,NR,Jammu and Kashmir
14610,Hemkunt Express,LDH,LUDHIANA JN,00:40:00,00:50:00,2,,NR,Punjab
14610,Hemkunt Express,UMB,AMBALA CANT JN,02:35:00,02:45:00,2,,NR,Haryana
12708,Andhra Pradesh Sampark Kranti Express,NZM,DELHI H NIZAMUDDIN,None,07:25:00,1,,NR,Delhi
12708,Andhra Pradesh Sampark Kranti Express,AGC,AGRA CANTT,10:24:00,10:24:00,1,,NCR,Uttar Pradesh
12708,Andhra Pradesh Sampark Kranti Express,GWL,GWALIOR JN,12:17:00,12:17:00,1,,NCR,Madhya Pradesh
12708,Andhra Pradesh Sampark Kranti Express,JHS,JHANSI JN,13:50:00,14:00:00,1,,NCR,Uttar Pradesh
12708,Andhra Pradesh Sampark Kranti Express,BPL,BHOPAL JN,17:45:00,17:55:00,1,,WCR,Madhya Pradesh
12708,Andhra Pradesh Sampark Kranti Express,ET,ITARSI JN,19:22:00,19:22:00,1,,WCR,Madhya Pradesh
12708,Andhra Pradesh Sampark Kranti Express,NGP,NAGPUR,00:05:00,00:15:00,2,,SECR,Maharashtra
12708,Andhra Pradesh Sampark Kranti Express,SC,SECUNDERABAD JN,09:15:00,09:30:00,2,,SCR,Telangana
12708,Andhra Pradesh Sampark Kranti Express,GTL,GUNTAKAL JN,16:11:00,16:11:00,2,,SCR,Andhra Pradesh
12826,Jharkhand Sampark Kranti Express,NDLS,NEW DELHI,None,07:10:00,1,,NR,Delhi
12826,Jharkhand Sampark Kranti Express,GZB,GHAZIABAD,07:31:00,07:31:00,1,,NR,Uttar Pradesh
12826,Jharkhand Sampark Kranti Express,ALJN,ALIGARH JN,09:00:00,09:00:00,1,,NCR,Uttar Pradesh
12826,Jharkhand Sampark Kranti Express,TDL,TUNDLA JN,10:05:00,10:05:00,1,,NCR,Uttar Pradesh
12826,Jharkhand Sampark Kranti Express,CNB,KANPUR CENTRAL,13:15:00,13:30:00,1,,NCR,Uttar Pradesh
12826,Jharkhand Sampark Kranti Express,ALD,ALLAHABAD JN,16:37:00,16:37:00,1,,NCR,Uttar Pradesh
12826,Jharkhand Sampark Kranti Express,MGS,MUGHAL SARAI JN,19:00:00,19:20:00,1,,ECR,Uttar Pradesh
12826,Jharkhand Sampark Kranti Express,GAYA,GAYA JN,22:09:00,22:09:00,1,,ECR,Bihar
12945,SURAT - MAHUVA SF Exp,BRC,VADODARA JN,None,None,,,WR,Gujarat
12945,SURAT - MAHUVA SF Exp,ADI,AHMEDABAD JN,None,None,,,WR,Gujarat
12945,SURAT - MAHUVA SF Exp,ST,SURAT,None,09:35:00,1,,WR,Gujarat
12865,Lalmati Express,HWH,HOWRAH JN,None,08:30:00,1,,ER,West Bengal
12865,Lalmati Express,TATA,TATANAGAR JN,12:20:00,12:22:00,1,,SER,Jharkhand
12180,Agra Lucknow Intercity SF Express,AGC,AGRA CANTT,None,06:10:00,1,,NCR,Uttar Pradesh
12180,Agra Lucknow Intercity SF Express,TDL,TUNDLA JN,07:04:00,07:06:00,1,,NCR,Uttar Pradesh
12180,Agra Lucknow Intercity SF Express,CNB,KANPUR CENTRAL,10:15:00,10:20:00,1,,NCR,Uttar Pradesh
12646,Millennium Express,NZM,DELHI H NIZAMUDDIN,None,06:00:00,1,,NR,Delhi
12646,Millennium Express,AGC,AGRA CANTT,09:10:00,09:15:00,1,,NCR,Uttar Pradesh
12646,Millennium Express,GWL,GWALIOR JN,11:07:00,11:12:00,1,,NCR,Madhya Pradesh
12646,Millennium Express,JHS,JHANSI JN,12:45:00,12:55:00,1,,NCR,Uttar Pradesh
12646,Millennium Express,BPL,BHOPAL JN,17:10:00,17:15:00,1,,WCR,Madhya Pradesh
12646,Millennium Express,ET,ITARSI JN,19:00:00,19:10:00,1,,WCR,Madhya Pradesh
12646,Millennium Express,NGP,NAGPUR,23:15:00,23:25:00,1,,SECR,Maharashtra
12646,Millennium Express,BZA,VIJAYAWADA JN,11:00:00,11:15:00,2,,SCR,Andhra Pradesh
12646,Millennium Express,CBE,COIMBATORE JN,01:15:00,01:20:00,3,,SR,Tamil Nadu
12646,Millennium Express,ERS,ERNAKULAM JN,06:00:00,None,3,,SR,Kerala
12918,Gujarat Sampark Kranti Express,NZM,DELHI H NIZAMUDDIN,None,14:05:00,1,,NR,Delhi
12918,Gujarat Sampark Kranti Express,KOTA,KOTA JN,19:45:00,19:55:00,1,,WCR,Rajasthan
12918,Gujarat Sampark Kranti Express,RTM,RATLAM JN,23:40:00,23:45:00,1,,WR,Madhya Pradesh
12918,Gujarat Sampark Kranti Express,BRC,VADODARA JN,04:00:00,04:25:00,2,,WR,Gujarat
12918,Gujarat Sampark Kranti Express,ADI,AHMEDABAD JN,06:35:00,None,2,,WR,Gujarat
16559,Mysore-Yeshvantapur Express,MYS,MYSORE JN,None,13:30:00,1,,SWR,Karnataka
16559,Mysore-Yeshvantapur Express,SBC,BANGALORE CITY JN,16:50:00,17:00:00,1,,SWR,Karnataka
13317,Black Diamond Express,HWH,HOWRAH JN,None,06:15:00,1,,ER,West Bengal
13317,Black Diamond Express,BWN,BARDDHAMAN JN,08:00:00,08:03:00,1,,ER,West Bengal
13317,Black Diamond Express,ASN,ASANSOL JN,09:47:00,09:50:00,1,,ER,West Bengal
13317,Black Diamond Express,DHN,DHANBAD JN,11:10:00,None,1,,ECR,Jharkhand
12856,Nagpur-Bilaspur InterCity,NGP,NAGPUR,None,06:30:00,1,,SECR,Maharashtra
12856,Nagpur-Bilaspur InterCity,R,RAIPUR JN,11:25:00,11:35:00,1,,SECR,Chhattisgarh
12856,Nagpur-Bilaspur InterCity,BSP,BILASPUR JN,13:30:00,None,1,,SECR,Chhattisgarh
12227,Mumbai Central- Indore Duronto Express,BCT,Mumbai Central,None,23:15:00,1,,WR,Maharashtra
12227,Mumbai Central- Indore Duronto Express,ST,SURAT,03:06:00,03:06:00,2,,WR,Gujarat
12227,Mumbai Central- Indore Duronto Express,BRC,VADODARA JN,05:00:00,05:00:00,2,,WR,Gujarat
12227,Mumbai Central- Indore Duronto Express,RTM,RATLAM JN,08:47:00,08:47:00,2,,WR,Madhya Pradesh
56905,Solapur-Hubli Passenger,SUR,SOLAPUR JN,None,04:45:00,1,,CR,Maharashtra
56905,Solapur-Hubli Passenger,UBL,HUBLI JN,14:00:00,None,1,,SWR,Karnataka
12269,Chennai-Hazrat Nizamuddin Duronto Express,MAS,CHENNAI CENTRAL,None,06:40:00,1,,SR,Tamil Nadu
12269,Chennai-Hazrat Nizamuddin Duronto Express,BZA,VIJAYAWADA JN,12:12:00,12:12:00,1,,SCR,Andhra Pradesh
12269,Chennai-Hazrat Nizamuddin Duronto Express,NGP,NAGPUR,20:39:00,20:39:00,1,,SECR,Maharashtra
12269,Chennai-Hazrat Nizamuddin Duronto Express,ET,ITARSI JN,00:27:00,00:27:00,2,,WCR,Madhya Pradesh
12269,Chennai-Hazrat Nizamuddin Duronto Express,BPL,BHOPAL JN,01:38:00,01:38:00,2,,WCR,Madhya Pradesh
12269,Chennai-Hazrat Nizamuddin Duronto Express,JHS,JHANSI JN,05:23:00,05:23:00,2,,NCR,Uttar Pradesh
12269,Chennai-Hazrat Nizamuddin Duronto Express,GWL,GWALIOR JN,06:38:00,06:38:00,2,,NCR,Madhya Pradesh
12269,Chennai-Hazrat Nizamuddin Duronto Express,AGC,AGRA CANTT,08:09:00,08:09:00,2,,NCR,Uttar Pradesh
12269,Chennai-Hazrat Nizamuddin Duronto Express,NZM,DELHI H NIZAMUDDIN,10:35:00,None,2,,NR,Delhi
12054,Amritsar Haridwar Jan Shatabdi,ASR,AMRITSAR JN,None,07:00:00,1,,NR,Punjab
12054,Amritsar Haridwar Jan Shatabdi,LDH,LUDHIANA JN,09:05:00,09:10:00,1,,NR,Punjab
12054,Amritsar Haridwar Jan Shatabdi,UMB,AMBALA CANT JN,10:55:00,11:05:00,1,,NR,Haryana
12024,Patna-Howrah Jan Shatabdi,PNBE,PATNA JN,None,05:45:00,1,,ECR,Bihar
12024,Patna-Howrah Jan Shatabdi,ASN,ASANSOL JN,10:42:00,10:47:00,1,,ER,West Bengal
12024,Patna-Howrah Jan Shatabdi,BWN,BARDDHAMAN JN,12:10:00,12:10:00,1,,ER,West Bengal
12024,Patna-Howrah Jan Shatabdi,HWH,HOWRAH JN,13:25:00,None,1,,ER,West Bengal
13051,Hool Express,HWH,HOWRAH JN,None,06:45:00,1,,ER,West Bengal
13051,Hool Express,BWN,BARDDHAMAN JN,08:48:00,08:50:00,1,,ER,West Bengal
12724,Andhra Pradesh Express,NDLS,NEW DELHI,None,17:30:00,1,,NR,Delhi
12724,Andhra Pradesh Express,NZM,DELHI H NIZAMUDDIN,17:37:00,17:37:00,1,,NR,Delhi
12724,Andhra Pradesh Express,AGC,AGRA CANTT,20:37:00,20:40:00,1,,NCR,Uttar Pradesh
12724,Andhra Pradesh Express,GWL,GWALIOR JN,22:07:00,22:10:00,1,,NCR,Madhya Pradesh
12724,Andhra Pradesh Express,JHS,JHANSI JN,23:30:00,23:42:00,1,,NCR,Uttar Pradesh
12724,Andhra Pradesh Express,BPL,BHOPAL JN,03:25:00,03:30:00,2,,WCR,Madhya Pradesh
12724,Andhra Pradesh Express,ET,ITARSI JN,04:58:00,04:58:00,2,,WCR,Madhya Pradesh
12724,Andhra Pradesh Express,NGP,NAGPUR,09:40:00,09:50:00,2,,SECR,Maharashtra
12724,Andhra Pradesh Express,SC,SECUNDERABAD JN,19:15:00,19:20:00,2,,SCR,Telangana
12724,Andhra Pradesh Express,HYB,HYDERABAD DECCAN,19:50:00,None,2,,SCR,Andhra Pradesh
12295,BANGALORE - PATLIPUTRA Sanghamitra SF Exp,SBC,BANGALORE CITY JN,None,09:00:00,1,,SWR,Karnataka
12295,BANGALORE - PATLIPUTRA Sanghamitra SF Exp,MAS,CHENNAI CENTRAL,15:05:00,15:40:00,1,,SR,Tamil Nadu
12295,BANGALORE - PATLIPUTRA Sanghamitra SF Exp,BZA,VIJAYAWADA JN,22:25:00,22:35:00,1,,SCR,Andhra Pradesh
12295,BANGALORE - PATLIPUTRA Sanghamitra SF Exp,NGP,NAGPUR,08:20:00,08:30:00,2,,SECR,Maharashtra
12295,BANGALORE - PATLIPUTRA Sanghamitra SF Exp,ET,ITARSI JN,14:35:00,14:45:00,2,,WCR,Madhya Pradesh
12295,BANGALORE - PATLIPUTRA Sanghamitra SF Exp,JBP,JABALPUR,18:20:00,18:30:00,2,,WCR,Madhya Pradesh
12295,BANGALORE - PATLIPUTRA Sanghamitra SF Exp,ALD,ALLAHABAD JN,02:00:00,02:50:00,3,,NCR,Uttar Pradesh
12295,BANGALORE - PATLIPUTRA Sanghamitra SF Exp,MGS,MUGHAL SARAI JN,05:10:00,05:30:00,3,,ECR,Uttar Pradesh
12622,Tamil Nadu Express,NDLS,NEW DELHI,None,22:30:00,1,,NR,Delhi
12622,Tamil Nadu Express,NZM,DELHI H NIZAMUDDIN,22:36:00,22:36:00,1,,NR,Delhi
12622,Tamil Nadu Express,AGC,AGRA CANTT,01:07:00,01:10:00,2,,NCR,Uttar Pradesh
12622,Tamil Nadu Express,GWL,GWALIOR JN,02:36:00,02:39:00,2,,NCR,Madhya Pradesh
12622,Tamil Nadu Express,JHS,JHANSI JN,04:00:00,04:12:00,2,,NCR,Uttar Pradesh
12622,Tamil Nadu Express,BPL,BHOPAL JN,07:55:00,08:00:00,2,,WCR,Madhya Pradesh
12622,Tamil Nadu Express,ET,ITARSI JN,09:50:00,09:53:00,2,,WCR,Madhya Pradesh
12622,Tamil Nadu Express,NGP,NAGPUR,14:15:00,14:30:00,2,,SECR,Maharashtra
12622,Tamil Nadu Express,BZA,VIJAYAWADA JN,00:15:00,00:25:00,3,,SCR,Andhra Pradesh
12622,Tamil Nadu Express,MAS,CHENNAI CENTRAL,07:15:00,None,3,,SR,Tamil Nadu
12317,KOLKATA SEALDAH - AMRITSAR Akal Takht Exp,BWN,BARDDHAMAN JN,None,None,,,ER,West Bengal
12317,KOLKATA SEALDAH - AMRITSAR Akal Takht Exp,SDAH,KOLKATA SEALDAH,None,07:40:00,1,,ER,West Bengal
12317,KOLKATA SEALDAH - AMRITSAR Akal Takht Exp,ASN,ASANSOL JN,10:46:00,10:51:00,1,,ER,West Bengal
12317,KOLKATA SEALDAH - AMRITSAR Akal Takht Exp,PNBE,PATNA JN,16:05:00,16:15:00,1,,ECR,Bihar
12317,KOLKATA SEALDAH - AMRITSAR Akal Takht Exp,MGS,MUGHAL SARAI JN,19:30:00,19:50:00,1,,ECR,Uttar Pradesh
12317,KOLKATA SEALDAH - AMRITSAR Akal Takht Exp,LKO,LUCKNOW,02:10:00,02:25:00,2,,NER,Uttar Pradesh
12317,KOLKATA SEALDAH - AMRITSAR Akal Takht Exp,BE,BAREILLY,06:05:00,06:10:00,2,,NER,Uttar Pradesh
12317,KOLKATA SEALDAH - AMRITSAR Akal Takht Exp,MB,MORADABAD,07:35:00,07:45:00,2,,NR,Uttar Pradesh
12317,KOLKATA SEALDAH - AMRITSAR Akal Takht Exp,UMB,AMBALA CANT JN,12:15:00,12:25:00,2,,NR,Haryana
12317,KOLKATA SEALDAH - AMRITSAR Akal Takht Exp,LDH,LUDHIANA JN,14:15:00,14:25:00,2,,NR,Punjab
12317,KOLKATA SEALDAH - AMRITSAR Akal Takht Exp,ASR,AMRITSAR JN,16:50:00,None,2,,NR,Punjab
12472,Jammu Tawi - Mumbai Bandra (T.) SF Swaraj Express,JAT,JAMMU TAWI,None,11:15:00,1,,NR,Jammu and Kashmir
12472,Jammu Tawi - Mumbai Bandra (T.) SF Swaraj Express,LDH,LUDHIANA JN,15:45:00,16:10:00,1,,NR,Punjab
12472,Jammu Tawi - Mumbai Bandra (T.) SF Swaraj Express,UMB,AMBALA CANT JN,17:50:00,18:00:00,1,,NR,Haryana
12472,Jammu Tawi - Mumbai Bandra (T.) SF Swaraj Express,NDLS,NEW DELHI,21:30:00,21:50:00,1,,NR,Delhi
12472,Jammu Tawi - Mumbai Bandra (T.) SF Swaraj Express,NZM,DELHI H NIZAMUDDIN,21:57:00,21:57:00,1,,NR,Delhi
12472,Jammu Tawi - Mumbai Bandra (T.) SF Swaraj Express,KOTA,KOTA JN,03:50:00,04:00:00,2,,WCR,Rajasthan
12472,Jammu Tawi - Mumbai Bandra (T.) SF Swaraj Express,RTM,RATLAM JN,08:00:00,08:20:00,2,,WR,Madhya Pradesh
12472,Jammu Tawi - Mumbai Bandra (T.) SF Swaraj Express,BRC,VADODARA JN,12:05:00,12:23:00,2,,WR,Gujarat
12472,Jammu Tawi - Mumbai Bandra (T.) SF Swaraj Express,ST,SURAT,14:10:00,14:15:00,2,,WR,Gujarat
04115,Allahabad - Mumbai LTT (Weekly) Special,ALD,ALLAHABAD JN,None,10:20:00,1,,NCR,Uttar Pradesh
04115,Allahabad - Mumbai LTT (Weekly) Special,CNB,KANPUR CENTRAL,12:45:00,12:50:00,1,,NCR,Uttar Pradesh
04115,Allahabad - Mumbai LTT (Weekly) Special,JHS,JHANSI JN,16:10:00,16:30:00,1,,NCR,Uttar Pradesh
04115,Allahabad - Mumbai LTT (Weekly) Special,BPL,BHOPAL JN,21:50:00,22:00:00,1,,WCR,Madhya Pradesh
04115,Allahabad - Mumbai LTT (Weekly) Special,ET,ITARSI JN,00:30:00,00:50:00,2,,WCR,Madhya Pradesh
04115,Allahabad - Mumbai LTT (Weekly) Special,KYN,KALYAN JN,13:40:00,13:45:00,2,,CR,Maharashtra
58426,Bhubaneswar-Kendujhargarh Fast Passenger,BBS,BHUBANESWAR,None,12:45:00,1,,ECoR,Odisha
58426,Bhubaneswar-Kendujhargarh Fast Passenger,CTC,CUTTACK,13:54:00,13:54:00,1,,ECoR,Odisha
12438,Secunderabad Rajdhani Express,NZM,DELHI H NIZAMUDDIN,None,16:00:00,1,,NR,Delhi
12438,Secunderabad Rajdhani Express,AGC,AGRA CANTT,18:09:00,18:09:00,1,,NCR,Uttar Pradesh
12438,Secunderabad Rajdhani Express,GWL,GWALIOR JN,19:31:00,19:31:00,1,,NCR,Madhya Pradesh
12438,Secunderabad Rajdhani Express,JHS,JHANSI JN,20:35:00,20:40:00,1,,NCR,Uttar Pradesh
12438,Secunderabad Rajdhani Express,BPL,BHOPAL JN,00:01:00,00:05:00,2,,WCR,Madhya Pradesh
12438,Secunderabad Rajdhani Express,ET,ITARSI JN,01:21:00,01:21:00,2,,WCR,Madhya Pradesh
12438,Secunderabad Rajdhani Express,NGP,NAGPUR,05:25:00,05:35:00,2,,SECR,Maharashtra
12438,Secunderabad Rajdhani Express,SC,SECUNDERABAD JN,14:00:00,None,2,,SCR,Telangana
12714,Satavahana Express,SC,SECUNDERABAD JN,None,16:15:00,1,,SCR,Telangana
12714,Satavahana Express,BZA,VIJAYAWADA JN,21:50:00,None,1,,SCR,Andhra Pradesh
51830,Itarsi Nagpur Passenger,ET,ITARSI JN,None,12:00:00,1,,WCR,Madhya Pradesh
51830,Itarsi Nagpur Passenger,NGP,NAGPUR,20:35:00,None,1,,SECR,Maharashtra
16629,Malabar Express,TVC,TRIVANDRUM CENTRAL,None,18:30:00,1,,SR,Kerala
16629,Malabar Express,ERS,ERNAKULAM JN,23:33:00,23:33:00,1,,SR,Kerala
16629,Malabar Express,MAQ,MANGALORE CNTL,10:05:00,None,2,,SR,Karnataka
15609-Slip,Jivachh Link Express,GHY,GUWAHATI,None,21:30:00,1,,NFR,Assam
15609-Slip,Jivachh Link Express,NJP,NEW JALPAIGURI,05:50:00,06:10:00,2,,NFR,West Bengal
12867,Howrah-Puducherry Express,HWH,HOWRAH JN,None,23:30:00,1,,ER,West Bengal
12867,Howrah-Puducherry Express,CTC,CUTTACK,05:34:00,05:34:00,2,,ECoR,Odisha
12867,Howrah-Puducherry Express,BBS,BHUBANESWAR,06:00:00,06:05:00,2,,ECoR,Odisha
12867,Howrah-Puducherry Express,BZA,VIJAYAWADA JN,18:45:00,19:05:00,2,,SCR,Andhra Pradesh
17018,Secunderabad - Rajkot Express,SC,SECUNDERABAD JN,None,14:50:00,1,,SCR,Telangana
17018,Secunderabad - Rajkot Express,SUR,SOLAPUR JN,21:15:00,21:25:00,1,,CR,Maharashtra
17018,Secunderabad - Rajkot Express,PUNE,PUNE JN,02:00:00,02:05:00,2,,CR,Maharashtra
17018,Secunderabad - Rajkot Express,KYN,KALYAN JN,04:48:00,04:50:00,2,,CR,Maharashtra
17018,Secunderabad - Rajkot Express,ST,SURAT,10:05:00,10:15:00,2,,WR,Gujarat
17018,Secunderabad - Rajkot Express,BRC,VADODARA JN,12:10:00,12:20:00,2,,WR,Gujarat
17018,Secunderabad - Rajkot Express,ADI,AHMEDABAD JN,14:45:00,15:10:00,2,,WR,Gujarat
12869,MUMBAI CST - HOWRAH SF Exp,CSTM,MUMBAI CST,None,11:05:00,1,,CR,Maharashtra
12869,MUMBAI CST - HOWRAH SF Exp,DR,MUMBAI DADAR CENTRAL,11:18:00,11:20:00,1,,CR,Maharashtra
12869,MUMBAI CST - HOWRAH SF Exp,KYN,KALYAN JN,11:55:00,12:00:00,1,,CR,Maharashtra
12869,MUMBAI CST - HOWRAH SF Exp,NGP,NAGPUR,01:25:00,01:35:00,2,,SECR,Maharashtra
12869,MUMBAI CST - HOWRAH SF Exp,R,RAIPUR JN,05:50:00,06:00:00,2,,SECR,Chhattisgarh
12869,MUMBAI CST - HOWRAH SF Exp,BSP,BILASPUR JN,07:45:00,08:00:00,2,,SECR,Chhattisgarh
12869,MUMBAI CST - HOWRAH SF Exp,ROU,ROURKELA,12:10:00,12:25:00,2,,SER,Odisha
12869,MUMBAI CST - HOWRAH SF Exp,TATA,TATANAGAR JN,14:55:00,15:00:00,2,,SER,Jharkhand
12869,MUMBAI CST - HOWRAH SF Exp,HWH,HOWRAH JN,19:30:00,None,2,,ER,West Bengal
17481,Bilaspur-Tirupati Express,BSP,BILASPUR JN,None,10:05:00,1,,SECR,Chhattisgarh
17481,Bilaspur-Tirupati Express,R,RAIPUR JN,11:55:00,12:15:00,1,,SECR,Chhattisgarh
17481,Bilaspur-Tirupati Express,VSKP,VISHAKAPATNAM,23:25:00,23:45:00,1,,ECoR,Andhra Pradesh
17481,Bilaspur-Tirupati Express,BZA,VIJAYAWADA JN,08:00:00,08:20:00,2,,SCR,Andhra Pradesh
12534,Pushpak Express,CSTM,MUMBAI CST,None,08:20:00,1,,CR,Maharashtra
12534,Pushpak Express,DR,MUMBAI DADAR CENTRAL,08:28:00,08:28:00,1,,CR,Maharashtra
12534,Pushpak Express,KYN,KALYAN JN,09:10:00,09:15:00,1,,CR,Maharashtra
12534,Pushpak Express,ET,ITARSI JN,19:25:00,19:30:00,1,,WCR,Madhya Pradesh
12534,Pushpak Express,BPL,BHOPAL JN,21:05:00,21:15:00,1,,WCR,Madhya Pradesh
12534,Pushpak Express,JHS,JHANSI JN,01:58:00,02:25:00,2,,NCR,Uttar Pradesh
12534,Pushpak Express,CNB,KANPUR CENTRAL,06:45:00,07:00:00,2,,NCR,Uttar Pradesh
63248,Gaya Patna Passenger MEMU,GAYA,GAYA JN,None,11:30:00,1,,ECR,Bihar
63248,Gaya Patna Passenger MEMU,PNBE,PATNA JN,14:55:00,None,1,,ECR,Bihar
15619,GAYA - KAMAKHYA Weekly Exp,GAYA,GAYA JN,None,12:50:00,1,,ECR,Bihar
15619,GAYA - KAMAKHYA Weekly Exp,NJP,NEW JALPAIGURI,03:25:00,03:40:00,2,,NFR,West Bengal
12434,Delhi H.Nizamuddin-Chennai Central Rajdhani Expres,NZM,DELHI H NIZAMUDDIN,None,16:00:00,1,,NR,Delhi
12434,Delhi H.Nizamuddin-Chennai Central Rajdhani Expres,AGC,AGRA CANTT,18:08:00,18:10:00,1,,NCR,Uttar Pradesh
12434,Delhi H.Nizamuddin-Chennai Central Rajdhani Expres,GWL,GWALIOR JN,19:23:00,19:25:00,1,,NCR,Madhya Pradesh
12434,Delhi H.Nizamuddin-Chennai Central Rajdhani Expres,JHS,JHANSI JN,20:35:00,20:40:00,1,,NCR,Uttar Pradesh
12434,Delhi H.Nizamuddin-Chennai Central Rajdhani Expres,BPL,BHOPAL JN,00:01:00,00:05:00,2,,WCR,Madhya Pradesh
12434,Delhi H.Nizamuddin-Chennai Central Rajdhani Expres,ET,ITARSI JN,01:21:00,01:21:00,2,,WCR,Madhya Pradesh
12434,Delhi H.Nizamuddin-Chennai Central Rajdhani Expres,NGP,NAGPUR,05:25:00,05:35:00,2,,SECR,Maharashtra
12434,Delhi H.Nizamuddin-Chennai Central Rajdhani Expres,BZA,VIJAYAWADA JN,14:20:00,14:30:00,2,,SCR,Andhra Pradesh
12434,Delhi H.Nizamuddin-Chennai Central Rajdhani Expres,MAS,CHENNAI CENTRAL,20:15:00,None,2,,SR,Tamil Nadu
12418,Prayagraj Express,NDLS,NEW DELHI,None,21:25:00,1,,NR,Delhi
12418,Prayagraj Express,GZB,GHAZIABAD,22:00:00,22:02:00,1,,NR,Uttar Pradesh
12418,Prayagraj Express,ALJN,ALIGARH JN,23:19:00,23:22:00,1,,NCR,Uttar Pradesh
12418,Prayagraj Express,TDL,TUNDLA JN,00:25:00,00:28:00,2,,NCR,Uttar Pradesh
12418,Prayagraj Express,CNB,KANPUR CENTRAL,03:25:00,03:30:00,2,,NCR,Uttar Pradesh
12418,Prayagraj Express,ALD,ALLAHABAD JN,06:45:00,None,2,,NCR,Uttar Pradesh
16605,Eranad Express,MAQ,MANGALORE CNTL,None,07:20:00,1,,SR,Karnataka
16605,Eranad Express,ERS,ERNAKULAM JN,16:10:00,16:20:00,1,,SR,Kerala
16605,Eranad Express,TVC,TRIVANDRUM CENTRAL,21:05:00,21:10:00,1,,SR,Kerala
17301,Mysore Dharwad Express,MYS,MYSORE JN,None,22:15:00,1,,SWR,Karnataka
17301,Mysore Dharwad Express,UBL,HUBLI JN,07:35:00,07:40:00,2,,SWR,Karnataka
15929,CHENNAI EGMORE - DIBRUGARH Weekly Exp,MS,CHENNAI EGMORE,None,22:30:00,1,,SR,Tamil Nadu
15929,CHENNAI EGMORE - DIBRUGARH Weekly Exp,BZA,VIJAYAWADA JN,05:30:00,05:40:00,2,,SCR,Andhra Pradesh
15929,CHENNAI EGMORE - DIBRUGARH Weekly Exp,VSKP,VISHAKAPATNAM,11:45:00,12:05:00,2,,ECoR,Andhra Pradesh
15929,CHENNAI EGMORE - DIBRUGARH Weekly Exp,BBS,BHUBANESWAR,18:40:00,18:55:00,2,,ECoR,Odisha
15929,CHENNAI EGMORE - DIBRUGARH Weekly Exp,CTC,CUTTACK,19:24:00,19:24:00,2,,ECoR,Odisha
15929,CHENNAI EGMORE - DIBRUGARH Weekly Exp,TATA,TATANAGAR JN,03:25:00,03:35:00,3,,SER,Jharkhand
15929,CHENNAI EGMORE - DIBRUGARH Weekly Exp,ASN,ASANSOL JN,07:45:00,08:00:00,3,,ER,West Bengal
15929,CHENNAI EGMORE - DIBRUGARH Weekly Exp,NJP,NEW JALPAIGURI,19:10:00,19:30:00,3,,NFR,West Bengal
15929,CHENNAI EGMORE - DIBRUGARH Weekly Exp,GHY,GUWAHATI,04:55:00,05:10:00,4,,NFR,Assam
15929,CHENNAI EGMORE - DIBRUGARH Weekly Exp,DBRG,DIBRUGARH,18:00:00,None,4,,NFR,Assam
04054,Jammu Tawi-Anand Vihar Special,JAT,JAMMU TAWI,None,17:30:00,1,,NR,Jammu and Kashmir
04054,Jammu Tawi-Anand Vihar Special,LDH,LUDHIANA JN,22:35:00,22:45:00,1,,NR,Punjab
04054,Jammu Tawi-Anand Vihar Special,UMB,AMBALA CANT JN,00:38:00,00:43:00,2,,NR,Haryana
04054,Jammu Tawi-Anand Vihar Special,GZB,GHAZIABAD,05:13:00,05:15:00,2,,NR,Uttar Pradesh
12406,H.Nizamuddin-Bhusaval Gondwana Express,NZM,DELHI H NIZAMUDDIN,None,15:25:00,1,,NR,Delhi
12406,H.Nizamuddin-Bhusaval Gondwana Express,AGC,AGRA CANTT,18:47:00,18:50:00,1,,NCR,Uttar Pradesh
12406,H.Nizamuddin-Bhusaval Gondwana Express,GWL,GWALIOR JN,20:22:00,20:25:00,1,,NCR,Madhya Pradesh
12406,H.Nizamuddin-Bhusaval Gondwana Express,JHS,JHANSI JN,21:45:00,21:57:00,1,,NCR,Uttar Pradesh
12406,H.Nizamuddin-Bhusaval Gondwana Express,BPL,BHOPAL JN,02:15:00,02:25:00,2,,WCR,Madhya Pradesh
12406,H.Nizamuddin-Bhusaval Gondwana Express,ET,ITARSI JN,04:05:00,04:10:00,2,,WCR,Madhya Pradesh
12406,H.Nizamuddin-Bhusaval Gondwana Express,NGP,NAGPUR,09:00:00,09:15:00,2,,SECR,Maharashtra
17014,Hyderabad-Pune Express,HYB,HYDERABAD DECCAN,None,22:45:00,1,,SCR,Andhra Pradesh
17014,Hyderabad-Pune Express,PUNE,PUNE JN,13:15:00,None,2,,CR,Maharashtra
12851,Bilaspur-Chennai Express,BSP,BILASPUR JN,None,08:55:00,1,,SECR,Chhattisgarh
12851,Bilaspur-Chennai Express,R,RAIPUR JN,10:35:00,10:40:00,1,,SECR,Chhattisgarh
12851,Bilaspur-Chennai Express,BZA,VIJAYAWADA JN,01:25:00,01:35:00,2,,SCR,Andhra Pradesh
12851,Bilaspur-Chennai Express,MAS,CHENNAI CENTRAL,08:55:00,None,2,,SR,Tamil Nadu
14321,BAREILLY - BHUJ Ala Hazrat Exp,BE,BAREILLY,None,06:25:00,1,,NER,Uttar Pradesh
14321,BAREILLY - BHUJ Ala Hazrat Exp,MB,MORADABAD,08:10:00,08:20:00,1,,NR,Uttar Pradesh
14321,BAREILLY - BHUJ Ala Hazrat Exp,GZB,GHAZIABAD,10:48:00,10:50:00,1,,NR,Uttar Pradesh
14321,BAREILLY - BHUJ Ala Hazrat Exp,JP,JAIPUR,17:35:00,18:00:00,1,,NWR,Rajasthan
64095,Shakurbasti New Delhi Parikrama,NDLS,NEW DELHI,None,09:35:00,1,,NR,Delhi
64095,Shakurbasti New Delhi Parikrama,NZM,DELHI H NIZAMUDDIN,10:00:00,10:02:00,1,,NR,Delhi
19052,MUZAFFARPUR - VALSAD Shramik Exp,MFP,MUZAFFARPUR JN,None,None,,,ECR,Bihar
19052,MUZAFFARPUR - VALSAD Shramik Exp,JBP,JABALPUR,11:00:00,11:10:00,2,,WCR,Madhya Pradesh
19052,MUZAFFARPUR - VALSAD Shramik Exp,ET,ITARSI JN,15:06:00,15:06:00,2,,WCR,Madhya Pradesh
06005,Chennai Central-Kollam SF Special,MAS,CHENNAI CENTRAL,None,20:45:00,1,,SR,Tamil Nadu
06005,Chennai Central-Kollam SF Special,CBE,COIMBATORE JN,03:50:00,03:55:00,2,,SR,Tamil Nadu
06005,Chennai Central-Kollam SF Special,ERS,ERNAKULAM JN,07:59:00,07:59:00,2,,SR,Kerala
12732,Secunderabad-Tirupati Express,SC,SECUNDERABAD JN,None,19:00:00,1,,SCR,Telangana
12732,Secunderabad-Tirupati Express,GTL,GUNTAKAL JN,01:25:00,01:30:00,2,,SCR,Andhra Pradesh
22812,New Delhi-Bhubaneswar Rajdhani Express,NDLS,NEW DELHI,None,17:20:00,1,,NR,Delhi
22812,New Delhi-Bhubaneswar Rajdhani Express,GZB,GHAZIABAD,17:36:00,17:36:00,1,,NR,Uttar Pradesh
22812,New Delhi-Bhubaneswar Rajdhani Express,ALJN,ALIGARH JN,18:43:00,18:43:00,1,,NCR,Uttar Pradesh
22812,New Delhi-Bhubaneswar Rajdhani Express,TDL,TUNDLA JN,19:33:00,19:33:00,1,,NCR,Uttar Pradesh
22812,New Delhi-Bhubaneswar Rajdhani Express,CNB,KANPUR CENTRAL,21:57:00,22:02:00,1,,NCR,Uttar Pradesh
22812,New Delhi-Bhubaneswar Rajdhani Express,ALD,ALLAHABAD JN,00:19:00,00:19:00,2,,NCR,Uttar Pradesh
22812,New Delhi-Bhubaneswar Rajdhani Express,MGS,MUGHAL SARAI JN,02:05:00,02:15:00,2,,ECR,Uttar Pradesh
22812,New Delhi-Bhubaneswar Rajdhani Express,GAYA,GAYA JN,04:19:00,04:22:00,2,,ECR,Bihar
22812,New Delhi-Bhubaneswar Rajdhani Express,CTC,CUTTACK,15:15:00,15:17:00,2,,ECoR,Odisha
22812,New Delhi-Bhubaneswar Rajdhani Express,BBS,BHUBANESWAR,16:00:00,None,2,,ECoR,Odisha
54102,Kanpur Allahabad Passenger,CNB,KANPUR CENTRAL,None,03:00:00,1,,NCR,Uttar Pradesh
54102,Kanpur Allahabad Passenger,ALD,ALLAHABAD JN,10:10:00,None,1,,NCR,Uttar Pradesh
12316,Ananya Express,UDZ,UDAIPUR CITY,None,00:30:00,1,,NWR,Rajasthan
12316,Ananya Express,JP,JAIPUR,08:45:00,09:15:00,1,,NWR,Rajasthan
12316,Ananya Express,TDL,TUNDLA JN,16:22:00,16:22:00,1,,NCR,Uttar Pradesh
12316,Ananya Express,CNB,KANPUR CENTRAL,19:55:00,20:05:00,1,,NCR,Uttar Pradesh
12316,Ananya Express,ALD,ALLAHABAD JN,22:30:00,22:40:00,1,,NCR,Uttar Pradesh
12316,Ananya Express,MGS,MUGHAL SARAI JN,02:45:00,03:00:00,2,,ECR,Uttar Pradesh
12316,Ananya Express,PNBE,PATNA JN,06:05:00,06:15:00,2,,ECR,Bihar
12316,Ananya Express,ASN,ASANSOL JN,11:44:00,12:04:00,2,,ER,West Bengal
12316,Ananya Express,BWN,BARDDHAMAN JN,13:30:00,13:32:00,2,,ER,West Bengal
12316,Ananya Express,SDAH,KOLKATA SEALDAH,15:10:00,None,2,,ER,West Bengal
15904,Chandigarh-Dibrugarh Weekly Express,DBRG,DIBRUGARH,None,None,,,NFR,Assam
15904,Chandigarh-Dibrugarh Weekly Express,CDG,CHANDIGARH,None,23:10:00,1,,NR,Chandigarh
15904,Chandigarh-Dibrugarh Weekly Express,UMB,AMBALA CANT JN,00:05:00,00:13:00,2,,NR,Haryana
15904,Chandigarh-Dibrugarh Weekly Express,MB,MORADABAD,05:45:00,06:00:00,2,,NR,Uttar Pradesh
15904,Chandigarh-Dibrugarh Weekly Express,BE,BAREILLY,07:30:00,07:35:00,2,,NER,Uttar Pradesh
15904,Chandigarh-Dibrugarh Weekly Express,LKO,LUCKNOW,11:15:00,11:30:00,2,,NER,Uttar Pradesh
15904,Chandigarh-Dibrugarh Weekly Express,MFP,MUZAFFARPUR JN,00:30:00,00:35:00,3,,ECR,Bihar
15904,Chandigarh-Dibrugarh Weekly Express,NJP,NEW JALPAIGURI,10:15:00,10:35:00,3,,NFR,West Bengal
15904,Chandigarh-Dibrugarh Weekly Express,GHY,GUWAHATI,18:30:00,18:45:00,3,,NFR,Assam
12980,Jaipur - Mumbai Bandra (T.) (Triweekly) SF Express,JP,JAIPUR,None,20:40:00,1,,NWR,Rajasthan
12980,Jaipur - Mumbai Bandra (T.) (Triweekly) SF Express,KOTA,KOTA JN,00:01:00,00:10:00,2,,WCR,Rajasthan
12980,Jaipur - Mumbai Bandra (T.) (Triweekly) SF Express,RTM,RATLAM JN,03:40:00,03:50:00,2,,WR,Madhya Pradesh
12980,Jaipur - Mumbai Bandra (T.) (Triweekly) SF Express,BRC,VADODARA JN,07:50:00,08:08:00,2,,WR,Gujarat
12980,Jaipur - Mumbai Bandra (T.) (Triweekly) SF Express,ST,SURAT,10:08:00,10:13:00,2,,WR,Gujarat
12060,Hazarat Nizamuddin-Kota Jan Shatabdi,NZM,DELHI H NIZAMUDDIN,None,13:20:00,1,,NR,Delhi
12060,Hazarat Nizamuddin-Kota Jan Shatabdi,KOTA,KOTA JN,19:40:00,None,1,,WCR,Rajasthan
16338,ERNAKULAM - OKHA Exp,ERS,ERNAKULAM JN,None,19:50:00,1,,SR,Kerala
16338,ERNAKULAM - OKHA Exp,MAO,MADGAON,10:55:00,11:05:00,2,,KR,Goa
16338,ERNAKULAM - OKHA Exp,PNVL,PANVEL,21:20:00,21:25:00,2,,CR,Maharashtra
16338,ERNAKULAM - OKHA Exp,ST,SURAT,02:45:00,02:55:00,3,,WR,Gujarat
16338,ERNAKULAM - OKHA Exp,BRC,VADODARA JN,04:53:00,05:03:00,3,,WR,Gujarat
16338,ERNAKULAM - OKHA Exp,ADI,AHMEDABAD JN,06:47:00,07:05:00,3,,WR,Gujarat
12722,Dakshin SF Express,NZM,DELHI H NIZAMUDDIN,None,22:50:00,1,,NR,Delhi
12722,Dakshin SF Express,AGC,AGRA CANTT,01:50:00,01:55:00,2,,NCR,Uttar Pradesh
12722,Dakshin SF Express,GWL,GWALIOR JN,03:28:00,03:33:00,2,,NCR,Madhya Pradesh
12722,Dakshin SF Express,JHS,JHANSI JN,05:05:00,05:15:00,2,,NCR,Uttar Pradesh
12722,Dakshin SF Express,BPL,BHOPAL JN,10:05:00,10:10:00,2,,WCR,Madhya Pradesh
12722,Dakshin SF Express,ET,ITARSI JN,12:20:00,12:30:00,2,,WCR,Madhya Pradesh
12722,Dakshin SF Express,NGP,NAGPUR,17:35:00,17:45:00,2,,SECR,Maharashtra
12722,Dakshin SF Express,SC,SECUNDERABAD JN,04:05:00,04:10:00,3,,SCR,Telangana
12722,Dakshin SF Express,HYB,HYDERABAD DECCAN,05:00:00,None,3,,SCR,Andhra Pradesh
12383,Howrah-Dhanbad AC DD Express,HWH,HOWRAH JN,None,15:20:00,1,,ER,West Bengal
12383,Howrah-Dhanbad AC DD Express,BWN,BARDDHAMAN JN,16:37:00,16:39:00,1,,ER,West Bengal
12383,Howrah-Dhanbad AC DD Express,ASN,ASANSOL JN,18:18:00,18:20:00,1,,ER,West Bengal
12383,Howrah-Dhanbad AC DD Express,DHN,DHANBAD JN,19:40:00,None,1,,ECR,Jharkhand
12333,Vibhuti Express,HWH,HOWRAH JN,None,20:00:00,1,,ER,West Bengal
12333,Vibhuti Express,BWN,BARDDHAMAN JN,21:11:00,21:16:00,1,,ER,West Bengal
12333,Vibhuti Express,ASN,ASANSOL JN,22:42:00,22:52:00,1,,ER,West Bengal
12333,Vibhuti Express,PNBE,PATNA JN,04:35:00,04:45:00,2,,ECR,Bihar
12333,Vibhuti Express,MGS,MUGHAL SARAI JN,08:40:00,09:00:00,2,,ECR,Uttar Pradesh
18240,Nagpur Bilaspur Express,NGP,NAGPUR,None,23:35:00,1,,SECR,Maharashtra
18240,Nagpur Bilaspur Express,R,RAIPUR JN,05:05:00,05:15:00,2,,SECR,Chhattisgarh
18240,Nagpur Bilaspur Express,BSP,BILASPUR JN,07:15:00,None,2,,SECR,Chhattisgarh
12280,H.Nizamuddin-Jhansi Taj Express,NZM,DELHI H NIZAMUDDIN,None,07:10:00,1,,NR,Delhi
12280,H.Nizamuddin-Jhansi Taj Express,AGC,AGRA CANTT,10:07:00,10:15:00,1,,NCR,Uttar Pradesh
12280,H.Nizamuddin-Jhansi Taj Express,GWL,GWALIOR JN,11:55:00,12:00:00,1,,NCR,Madhya Pradesh
12280,H.Nizamuddin-Jhansi Taj Express,JHS,JHANSI JN,13:40:00,None,1,,NCR,Uttar Pradesh
12139,Sevagram Express,CSTM,MUMBAI CST,None,15:00:00,1,,CR,Maharashtra
12139,Sevagram Express,DR,MUMBAI DADAR CENTRAL,15:08:00,15:10:00,1,,CR,Maharashtra
12139,Sevagram Express,KYN,KALYAN JN,15:55:00,16:00:00,1,,CR,Maharashtra
12139,Sevagram Express,NGP,NAGPUR,06:10:00,None,2,,SECR,Maharashtra
12639,CHENNAI CENT - BANGALORE Brindavan Exp,MAS,CHENNAI CENTRAL,None,07:15:00,1,,SR,Tamil Nadu
12639,CHENNAI CENT - BANGALORE Brindavan Exp,SBC,BANGALORE CITY JN,13:20:00,None,1,,SWR,Karnataka
12198,Gwalior Bhopal InterCity Express,GWL,GWALIOR JN,None,06:15:00,1,,NCR,Madhya Pradesh
12198,Gwalior Bhopal InterCity Express,BPL,BHOPAL JN,15:00:00,None,1,,WCR,Madhya Pradesh
12188,Mumbai-Jabalpur Garib Rath Express,CSTM,MUMBAI CST,None,13:30:00,1,,CR,Maharashtra
12188,Mumbai-Jabalpur Garib Rath Express,DR,MUMBAI DADAR CENTRAL,13:43:00,13:45:00,1,,CR,Maharashtra
12188,Mumbai-Jabalpur Garib Rath Express,KYN,KALYAN JN,14:22:00,14:25:00,1,,CR,Maharashtra
12188,Mumbai-Jabalpur Garib Rath Express,ET,ITARSI JN,02:00:00,02:10:00,2,,WCR,Madhya Pradesh
12188,Mumbai-Jabalpur Garib Rath Express,JBP,JABALPUR,06:00:00,None,2,,WCR,Madhya Pradesh
16303,Vanchinad Express,ERS,ERNAKULAM JN,None,05:00:00,1,,SR,Kerala
16303,Vanchinad Express,TVC,TRIVANDRUM CENTRAL,09:40:00,None,1,,SR,Kerala
03284,Tatanagar-Rajendra Nagar Special,TATA,TATANAGAR JN,None,11:00:00,1,,SER,Jharkhand
03284,Tatanagar-Rajendra Nagar Special,ASN,ASANSOL JN,14:45:00,15:05:00,1,,ER,West Bengal
15609,Awadh Assam Express,GHY,GUWAHATI,None,21:30:00,1,,NFR,Assam
15609,Awadh Assam Express,NJP,NEW JALPAIGURI,05:50:00,06:10:00,2,,NFR,West Bengal
15609,Awadh Assam Express,MFP,MUZAFFARPUR JN,16:30:00,16:40:00,2,,ECR,Bihar
15609,Awadh Assam Express,LKO,LUCKNOW,05:20:00,05:35:00,3,,NER,Uttar Pradesh
15609,Awadh Assam Express,BE,BAREILLY,09:55:00,10:05:00,3,,NER,Uttar Pradesh
15609,Awadh Assam Express,MB,MORADABAD,11:40:00,11:50:00,3,,NR,Uttar Pradesh
15609,Awadh Assam Express,GZB,GHAZIABAD,15:05:00,15:10:00,3,,NR,Uttar Pradesh
14681,New Delhi-Jalandhar Express,NDLS,NEW DELHI,None,14:50:00,1,,NR,Delhi
14681,New Delhi-Jalandhar Express,GZB,GHAZIABAD,15:25:00,15:27:00,1,,NR,Uttar Pradesh
14681,New Delhi-Jalandhar Express,UMB,AMBALA CANT JN,19:55:00,20:00:00,1,,NR,Haryana
14681,New Delhi-Jalandhar Express,LDH,LUDHIANA JN,22:15:00,22:20:00,1,,NR,Punjab
12956,Jaipur-Mumbai SF Express,JP,JAIPUR,None,14:10:00,1,,NWR,Rajasthan
12956,Jaipur-Mumbai SF Express,KOTA,KOTA JN,17:25:00,17:35:00,1,,WCR,Rajasthan
12956,Jaipur-Mumbai SF Express,RTM,RATLAM JN,21:40:00,21:50:00,1,,WR,Madhya Pradesh
12956,Jaipur-Mumbai SF Express,BRC,VADODARA JN,01:35:00,01:53:00,2,,WR,Gujarat
12956,Jaipur-Mumbai SF Express,ST,SURAT,03:40:00,03:45:00,2,,WR,Gujarat
12956,Jaipur-Mumbai SF Express,BCT,Mumbai Central,07:50:00,None,2,,WR,Maharashtra
13237,Patna Mathura Express,PNBE,PATNA JN,None,11:50:00,1,,ECR,Bihar
13237,Patna Mathura Express,MGS,MUGHAL SARAI JN,15:30:00,15:50:00,1,,ECR,Uttar Pradesh
13237,Patna Mathura Express,LKO,LUCKNOW,23:30:00,23:55:00,1,,NER,Uttar Pradesh
13237,Patna Mathura Express,CNB,KANPUR CENTRAL,01:20:00,01:32:00,2,,NCR,Uttar Pradesh
13237,Patna Mathura Express,TDL,TUNDLA JN,04:20:00,04:25:00,2,,NCR,Uttar Pradesh
13237,Patna Mathura Express,AGC,AGRA CANTT,05:45:00,06:15:00,2,,NCR,Uttar Pradesh
12327,Upasana Express,HWH,HOWRAH JN,None,13:10:00,1,,ER,West Bengal
12327,Upasana Express,BWN,BARDDHAMAN JN,14:22:00,14:22:00,1,,ER,West Bengal
12327,Upasana Express,ASN,ASANSOL JN,15:42:00,15:47:00,1,,ER,West Bengal
12327,Upasana Express,PNBE,PATNA JN,21:00:00,21:10:00,1,,ECR,Bihar
12327,Upasana Express,MGS,MUGHAL SARAI JN,00:30:00,00:50:00,2,,ECR,Uttar Pradesh
12327,Upasana Express,LKO,LUCKNOW,07:15:00,07:30:00,2,,NER,Uttar Pradesh
12327,Upasana Express,BE,BAREILLY,11:10:00,11:15:00,2,,NER,Uttar Pradesh
12327,Upasana Express,MB,MORADABAD,12:45:00,13:00:00,2,,NR,Uttar Pradesh
58415,Puri Cuttack Passenger,CTC,CUTTACK,None,16:55:00,1,,ECoR,Odisha
58415,Puri Cuttack Passenger,BBS,BHUBANESWAR,17:45:00,17:50:00,1,,ECoR,Odisha
58415,Puri Cuttack Passenger,PURI,PURI,19:45:00,None,1,,ECoR,Odisha
13507,Asansol-Gorakhpur Express,ASN,ASANSOL JN,None,16:10:00,1,,ER,West Bengal
13507,Asansol-Gorakhpur Express,MFP,MUZAFFARPUR JN,23:20:00,23:25:00,1,,ECR,Bihar
12073,Howrah-Bhubaneswar Jan Shatabdi Express,HWH,HOWRAH JN,None,13:35:00,1,,ER,West Bengal
12073,Howrah-Bhubaneswar Jan Shatabdi Express,CTC,CUTTACK,19:26:00,19:28:00,1,,ECoR,Odisha
12073,Howrah-Bhubaneswar Jan Shatabdi Express,BBS,BHUBANESWAR,20:20:00,None,1,,ECoR,Odisha
13053,Howrah-Siuri Intercity Express,HWH,HOWRAH JN,None,08:35:00,1,,ER,West Bengal
13053,Howrah-Siuri Intercity Express,BWN,BARDDHAMAN JN,10:48:00,10:50:00,1,,ER,West Bengal
12279,Jhansi-H.Nizamuddin Taj Express,JHS,JHANSI JN,None,15:20:00,1,,NCR,Uttar Pradesh
12279,Jhansi-H.Nizamuddin Taj Express,GWL,GWALIOR JN,16:50:00,16:55:00,1,,NCR,Madhya Pradesh
12279,Jhansi-H.Nizamuddin Taj Express,AGC,AGRA CANTT,18:47:00,18:55:00,1,,NCR,Uttar Pradesh
12279,Jhansi-H.Nizamuddin Taj Express,NZM,DELHI H NIZAMUDDIN,22:00:00,None,1,,NR,Delhi
12128,Pune-MumbaiCST Intercity Express,PUNE,PUNE JN,None,17:55:00,1,,CR,Maharashtra
12128,Pune-MumbaiCST Intercity Express,KYN,KALYAN JN,19:59:00,19:59:00,1,,CR,Maharashtra
12128,Pune-MumbaiCST Intercity Express,DR,MUMBAI DADAR CENTRAL,20:37:00,20:39:00,1,,CR,Maharashtra
12128,Pune-MumbaiCST Intercity Express,CSTM,MUMBAI CST,21:00:00,None,1,,CR,Maharashtra
14215,Ganga Gomti Express,ALD,ALLAHABAD JN,None,06:00:00,1,,NCR,Uttar Pradesh
14215,Ganga Gomti Express,LKO,LUCKNOW,10:10:00,None,1,,NER,Uttar Pradesh
12574,Howrah-SainagarShirdi Express,HWH,HOWRAH JN,None,14:35:00,1,,ER,West Bengal
12574,Howrah-SainagarShirdi Express,TATA,TATANAGAR JN,18:05:00,18:10:00,1,,SER,Jharkhand
12574,Howrah-SainagarShirdi Express,ROU,ROURKELA,20:30:00,20:45:00,1,,SER,Odisha
12574,Howrah-SainagarShirdi Express,BSP,BILASPUR JN,01:05:00,01:20:00,2,,SECR,Chhattisgarh
12574,Howrah-SainagarShirdi Express,R,RAIPUR JN,02:55:00,03:05:00,2,,SECR,Chhattisgarh
12574,Howrah-SainagarShirdi Express,NGP,NAGPUR,08:20:00,08:30:00,2,,SECR,Maharashtra
08113,Tatanagar Bilaspur Passenger,TATA,TATANAGAR JN,None,16:30:00,1,,SER,Jharkhand
08113,Tatanagar Bilaspur Passenger,ROU,ROURKELA,20:45:00,21:30:00,1,,SER,Odisha
08113,Tatanagar Bilaspur Passenger,BSP,BILASPUR JN,06:45:00,None,2,,SECR,Chhattisgarh
54704,Jodhpur Bhatinda Passenger,JU,JODHPUR JN,None,13:40:00,1,,NWR,Rajasthan
54704,Jodhpur Bhatinda Passenger,BKN,BIKANER JN,21:15:00,21:35:00,1,,NWR,Rajasthan
17313,CHENNAI CENT - HUBLI Weekly Exp,MAS,CHENNAI CENTRAL,None,14:10:00,1,,SR,Tamil Nadu
17313,CHENNAI CENT - HUBLI Weekly Exp,UBL,HUBLI JN,06:45:00,None,2,,SWR,Karnataka
16592,Hampi Express,SBC,BANGALORE CITY JN,None,22:00:00,1,,SWR,Karnataka
16592,Hampi Express,GTL,GUNTAKAL JN,04:40:00,04:45:00,2,,SCR,Andhra Pradesh
16592,Hampi Express,UBL,HUBLI JN,11:00:00,None,2,,SWR,Karnataka
51831,Jhansi Agra Passenger,JHS,JHANSI JN,None,18:20:00,1,,NCR,Uttar Pradesh
51831,Jhansi Agra Passenger,GWL,GWALIOR JN,20:30:00,20:35:00,1,,NCR,Madhya Pradesh
51831,Jhansi Agra Passenger,AGC,AGRA CANTT,23:35:00,None,1,,NCR,Uttar Pradesh
12820,Orissa Sampark Kranti Express,NDLS,NEW DELHI,None,07:10:00,1,,NR,Delhi
12820,Orissa Sampark Kranti Express,GZB,GHAZIABAD,07:31:00,07:31:00,1,,NR,Uttar Pradesh
12820,Orissa Sampark Kranti Express,ALJN,ALIGARH JN,09:00:00,09:00:00,1,,NCR,Uttar Pradesh
12820,Orissa Sampark Kranti Express,TDL,TUNDLA JN,10:05:00,10:05:00,1,,NCR,Uttar Pradesh
12820,Orissa Sampark Kranti Express,CNB,KANPUR CENTRAL,13:15:00,13:30:00,1,,NCR,Uttar Pradesh
12820,Orissa Sampark Kranti Express,ALD,ALLAHABAD JN,16:49:00,16:49:00,1,,NCR,Uttar Pradesh
12820,Orissa Sampark Kranti Express,MGS,MUGHAL SARAI JN,19:26:00,19:26:00,1,,ECR,Uttar Pradesh
12820,Orissa Sampark Kranti Express,GAYA,GAYA JN,22:56:00,22:56:00,1,,ECR,Bihar
12820,Orissa Sampark Kranti Express,TATA,TATANAGAR JN,04:45:00,04:50:00,2,,SER,Jharkhand
12820,Orissa Sampark Kranti Express,CTC,CUTTACK,11:20:00,11:25:00,2,,ECoR,Odisha
12820,Orissa Sampark Kranti Express,BBS,BHUBANESWAR,12:10:00,None,2,,ECoR,Odisha
12033,Kanpur Shatabdi,CNB,KANPUR CENTRAL,None,06:00:00,1,,NCR,Uttar Pradesh
12033,Kanpur Shatabdi,TDL,TUNDLA JN,08:26:00,08:26:00,1,,NCR,Uttar Pradesh
12033,Kanpur Shatabdi,ALJN,ALIGARH JN,09:15:00,09:15:00,1,,NCR,Uttar Pradesh
12033,Kanpur Shatabdi,GZB,GHAZIABAD,10:18:00,10:20:00,1,,NR,Uttar Pradesh
12033,Kanpur Shatabdi,NDLS,NEW DELHI,11:10:00,None,1,,NR,Delhi
12716,Sachkhand SF Express,ASR,AMRITSAR JN,None,05:40:00,1,,NR,Punjab
12716,Sachkhand SF Express,LDH,LUDHIANA JN,07:48:00,07:50:00,1,,NR,Punjab
12716,Sachkhand SF Express,UMB,AMBALA CANT JN,09:57:00,10:02:00,1,,NR,Haryana
12716,Sachkhand SF Express,NDLS,NEW DELHI,13:10:00,13:25:00,1,,NR,Delhi
12716,Sachkhand SF Express,NZM,DELHI H NIZAMUDDIN,13:33:00,13:33:00,1,,NR,Delhi
12716,Sachkhand SF Express,AGC,AGRA CANTT,16:30:00,16:35:00,1,,NCR,Uttar Pradesh
12716,Sachkhand SF Express,GWL,GWALIOR JN,18:15:00,18:20:00,1,,NCR,Madhya Pradesh
12716,Sachkhand SF Express,JHS,JHANSI JN,19:48:00,19:58:00,1,,NCR,Uttar Pradesh
12716,Sachkhand SF Express,BPL,BHOPAL JN,00:15:00,00:20:00,2,,WCR,Madhya Pradesh
12716,Sachkhand SF Express,ET,ITARSI JN,01:50:00,02:00:00,2,,WCR,Madhya Pradesh
12716,Sachkhand SF Express,AWB,AURANGABAD,11:30:00,11:35:00,2,,SCR,Maharashtra
12003,Lucknow-NewDelhi Swarn Shatabdi Express,LKO,LUCKNOW,None,15:35:00,1,,NER,Uttar Pradesh
12003,Lucknow-NewDelhi Swarn Shatabdi Express,CNB,KANPUR CENTRAL,16:45:00,16:50:00,1,,NCR,Uttar Pradesh
12003,Lucknow-NewDelhi Swarn Shatabdi Express,TDL,TUNDLA JN,19:06:00,19:06:00,1,,NCR,Uttar Pradesh
12003,Lucknow-NewDelhi Swarn Shatabdi Express,ALJN,ALIGARH JN,19:57:00,19:59:00,1,,NCR,Uttar Pradesh
12003,Lucknow-NewDelhi Swarn Shatabdi Express,GZB,GHAZIABAD,21:25:00,21:27:00,1,,NR,Uttar Pradesh
12003,Lucknow-NewDelhi Swarn Shatabdi Express,NDLS,NEW DELHI,22:05:00,None,1,,NR,Delhi
22607,ERNAKULAM - BANGALORE Weekly SF Exp,ERS,ERNAKULAM JN,None,17:00:00,1,,SR,Kerala
22607,ERNAKULAM - BANGALORE Weekly SF Exp,SBC,BANGALORE CITY JN,04:20:00,None,2,,SWR,Karnataka
18410,Sri Jagannath Express,PURI,PURI,None,22:50:00,1,,ECoR,Odisha
18410,Sri Jagannath Express,BBS,BHUBANESWAR,00:10:00,00:15:00,2,,ECoR,Odisha
18410,Sri Jagannath Express,CTC,CUTTACK,01:00:00,01:05:00,2,,ECoR,Odisha
18410,Sri Jagannath Express,HWH,HOWRAH JN,08:10:00,None,2,,ER,West Bengal
19050,PATNA - MUMBAI BANDRA T Exp,PNBE,PATNA JN,None,23:10:00,1,,ECR,Bihar
19050,PATNA - MUMBAI BANDRA T Exp,MGS,MUGHAL SARAI JN,02:55:00,03:10:00,2,,ECR,Uttar Pradesh
19050,PATNA - MUMBAI BANDRA T Exp,JBP,JABALPUR,11:00:00,11:10:00,2,,WCR,Madhya Pradesh
19050,PATNA - MUMBAI BANDRA T Exp,ET,ITARSI JN,14:59:00,14:59:00,2,,WCR,Madhya Pradesh
54311,Bareilly Moradabad Passenger,BE,BAREILLY,None,12:00:00,1,,NER,Uttar Pradesh
54311,Bareilly Moradabad Passenger,MB,MORADABAD,15:25:00,None,1,,NR,Uttar Pradesh
19130,Ahmedabad Baroda Express,ADI,AHMEDABAD JN,None,14:40:00,1,,WR,Gujarat
19130,Ahmedabad Baroda Express,BRC,VADODARA JN,17:15:00,None,1,,WR,Gujarat
18409,Sri Jagannath Express,HWH,HOWRAH JN,None,19:00:00,1,,ER,West Bengal
18409,Sri Jagannath Express,CTC,CUTTACK,01:45:00,01:50:00,2,,ECoR,Odisha
18409,Sri Jagannath Express,BBS,BHUBANESWAR,02:50:00,02:55:00,2,,ECoR,Odisha
18409,Sri Jagannath Express,PURI,PURI,04:40:00,None,2,,ECoR,Odisha
16359,ERNAKULAM - PATNA Exp,ERS,ERNAKULAM JN,None,22:45:00,1,,SR,Kerala
16359,ERNAKULAM - PATNA Exp,CBE,COIMBATORE JN,03:10:00,03:15:00,2,,SR,Tamil Nadu
16359,ERNAKULAM - PATNA Exp,BZA,VIJAYAWADA JN,20:05:00,20:20:00,2,,SCR,Andhra Pradesh
16359,ERNAKULAM - PATNA Exp,NGP,NAGPUR,07:35:00,07:45:00,3,,SECR,Maharashtra
16359,ERNAKULAM - PATNA Exp,ET,ITARSI JN,13:40:00,13:50:00,3,,WCR,Madhya Pradesh
16359,ERNAKULAM - PATNA Exp,JBP,JABALPUR,17:15:00,17:25:00,3,,WCR,Madhya Pradesh
16359,ERNAKULAM - PATNA Exp,ALD,ALLAHABAD JN,01:00:00,01:25:00,4,,NCR,Uttar Pradesh
16359,ERNAKULAM - PATNA Exp,MGS,MUGHAL SARAI JN,05:40:00,06:00:00,4,,ECR,Uttar Pradesh
16359,ERNAKULAM - PATNA Exp,PNBE,PATNA JN,09:50:00,None,4,,ECR,Bihar
56501,Vijayawada Hubli Passenger,BZA,VIJAYAWADA JN,None,07:10:00,1,,SCR,Andhra Pradesh
56501,Vijayawada Hubli Passenger,GTL,GUNTAKAL JN,20:40:00,21:00:00,1,,SCR,Andhra Pradesh
56501,Vijayawada Hubli Passenger,UBL,HUBLI JN,04:30:00,None,2,,SWR,Karnataka
58527,Raipur Vishakhapatnam Passenger,R,RAIPUR JN,None,05:30:00,1,,SECR,Chhattisgarh
58527,Raipur Vishakhapatnam Passenger,VSKP,VISHAKAPATNAM,22:00:00,None,1,,ECoR,Andhra Pradesh
58131,Rourkela-Puri Passenger,ROU,ROURKELA,None,08:00:00,1,,SER,Odisha
58131,Rourkela-Puri Passenger,CTC,CUTTACK,20:15:00,20:20:00,1,,ECoR,Odisha
58131,Rourkela-Puri Passenger,BBS,BHUBANESWAR,21:15:00,21:20:00,1,,ECoR,Odisha
58131,Rourkela-Puri Passenger,PURI,PURI,00:30:00,None,2,,ECoR,Odisha
56233,Bangalore Mysore Passenger,SBC,BANGALORE CITY JN,None,05:15:00,1,,SWR,Karnataka
56233,Bangalore Mysore Passenger,MYS,MYSORE JN,08:55:00,None,1,,SWR,Karnataka
18419,Puri-Darbhanga Weekly Express,PURI,PURI,None,14:05:00,1,,ECoR,Odisha
18419,Puri-Darbhanga Weekly Express,BBS,BHUBANESWAR,15:35:00,15:40:00,1,,ECoR,Odisha
18419,Puri-Darbhanga Weekly Express,CTC,CUTTACK,16:07:00,16:12:00,1,,ECoR,Odisha
18419,Puri-Darbhanga Weekly Express,ASN,ASANSOL JN,01:52:00,02:36:00,2,,ER,West Bengal
19165,Sabarmati Express,ADI,AHMEDABAD JN,None,20:50:00,1,,WR,Gujarat
19165,Sabarmati Express,BRC,VADODARA JN,22:45:00,23:10:00,1,,WR,Gujarat
19165,Sabarmati Express,RTM,RATLAM JN,03:25:00,03:40:00,2,,WR,Madhya Pradesh
19165,Sabarmati Express,JHS,JHANSI JN,17:15:00,17:30:00,2,,NCR,Uttar Pradesh
19165,Sabarmati Express,CNB,KANPUR CENTRAL,23:10:00,23:20:00,2,,NCR,Uttar Pradesh
19165,Sabarmati Express,LKO,LUCKNOW,00:50:00,01:05:00,3,,NER,Uttar Pradesh
19165,Sabarmati Express,MFP,MUZAFFARPUR JN,16:05:00,16:15:00,3,,ECR,Bihar
12441,Bilaspur-New Delhi Rajdhani Express,BSP,BILASPUR JN,None,14:00:00,1,,SECR,Chhattisgarh
12441,Bilaspur-New Delhi Rajdhani Express,R,RAIPUR JN,15:30:00,15:40:00,1,,SECR,Chhattisgarh
12441,Bilaspur-New Delhi Rajdhani Express,NGP,NAGPUR,20:25:00,20:50:00,1,,SECR,Maharashtra
12441,Bilaspur-New Delhi Rajdhani Express,ET,ITARSI JN,00:57:00,00:57:00,2,,WCR,Madhya Pradesh
12441,Bilaspur-New Delhi Rajdhani Express,BPL,BHOPAL JN,02:10:00,02:20:00,2,,WCR,Madhya Pradesh
12441,Bilaspur-New Delhi Rajdhani Express,JHS,JHANSI JN,05:26:00,05:31:00,2,,NCR,Uttar Pradesh
12441,Bilaspur-New Delhi Rajdhani Express,GWL,GWALIOR JN,06:47:00,06:47:00,2,,NCR,Madhya Pradesh
12441,Bilaspur-New Delhi Rajdhani Express,AGC,AGRA CANTT,08:18:00,08:18:00,2,,NCR,Uttar Pradesh
12441,Bilaspur-New Delhi Rajdhani Express,NZM,DELHI H NIZAMUDDIN,10:43:00,10:43:00,2,,NR,Delhi
12441,Bilaspur-New Delhi Rajdhani Express,NDLS,NEW DELHI,10:45:00,None,2,,NR,Delhi
17303,Malgudi Express,MYS,MYSORE JN,None,12:10:00,1,,SWR,Karnataka
17303,Malgudi Express,SBC,BANGALORE CITY JN,15:05:00,15:10:00,1,,SWR,Karnataka
12382,Poorva Express,NDLS,NEW DELHI,None,16:20:00,1,,NR,Delhi
12382,Poorva Express,GZB,GHAZIABAD,16:56:00,16:56:00,1,,NR,Uttar Pradesh
12382,Poorva Express,ALJN,ALIGARH JN,19:25:00,19:30:00,1,,NCR,Uttar Pradesh
12382,Poorva Express,TDL,TUNDLA JN,20:35:00,20:40:00,1,,NCR,Uttar Pradesh
12382,Poorva Express,CNB,KANPUR CENTRAL,23:35:00,23:40:00,1,,NCR,Uttar Pradesh
12382,Poorva Express,ALD,ALLAHABAD JN,02:20:00,02:50:00,2,,NCR,Uttar Pradesh
12382,Poorva Express,MGS,MUGHAL SARAI JN,06:15:00,06:35:00,2,,ECR,Uttar Pradesh
12382,Poorva Express,GAYA,GAYA JN,09:13:00,09:18:00,2,,ECR,Bihar
12382,Poorva Express,DHN,DHANBAD JN,12:08:00,12:18:00,2,,ECR,Jharkhand
12382,Poorva Express,ASN,ASANSOL JN,13:26:00,13:46:00,2,,ER,West Bengal
12382,Poorva Express,BWN,BARDDHAMAN JN,15:09:00,15:14:00,2,,ER,West Bengal
12382,Poorva Express,HWH,HOWRAH JN,16:45:00,None,2,,ER,West Bengal
19167,Sabarmati Express,ADI,AHMEDABAD JN,None,20:50:00,1,,WR,Gujarat
19167,Sabarmati Express,BRC,VADODARA JN,22:45:00,23:10:00,1,,WR,Gujarat
19167,Sabarmati Express,RTM,RATLAM JN,03:25:00,03:40:00,2,,WR,Madhya Pradesh
19167,Sabarmati Express,JHS,JHANSI JN,17:15:00,17:30:00,2,,NCR,Uttar Pradesh
19167,Sabarmati Express,CNB,KANPUR CENTRAL,23:10:00,23:20:00,2,,NCR,Uttar Pradesh
19167,Sabarmati Express,LKO,LUCKNOW,00:50:00,01:05:00,3,,NER,Uttar Pradesh
13006,Amritsar Howrah Mail,ASR,AMRITSAR JN,None,18:45:00,1,,NR,Punjab
13006,Amritsar Howrah Mail,LDH,LUDHIANA JN,21:10:00,21:20:00,1,,NR,Punjab
13006,Amritsar Howrah Mail,UMB,AMBALA CANT JN,23:20:00,23:30:00,1,,NR,Haryana
13006,Amritsar Howrah Mail,MB,MORADABAD,04:40:00,05:10:00,2,,NR,Uttar Pradesh
13006,Amritsar Howrah Mail,BE,BAREILLY,06:35:00,06:40:00,2,,NER,Uttar Pradesh
13006,Amritsar Howrah Mail,LKO,LUCKNOW,10:35:00,10:50:00,2,,NER,Uttar Pradesh
13006,Amritsar Howrah Mail,MGS,MUGHAL SARAI JN,17:55:00,18:15:00,2,,ECR,Uttar Pradesh
13006,Amritsar Howrah Mail,PNBE,PATNA JN,21:40:00,21:55:00,2,,ECR,Bihar
13006,Amritsar Howrah Mail,ASN,ASANSOL JN,04:04:00,04:09:00,3,,ER,West Bengal
13006,Amritsar Howrah Mail,BWN,BARDDHAMAN JN,05:46:00,05:50:00,3,,ER,West Bengal
13006,Amritsar Howrah Mail,HWH,HOWRAH JN,07:20:00,None,3,,ER,West Bengal
14511-Slip,Allahabad-Saharanpur Nauchandi Express Slip,ALD,ALLAHABAD JN,None,17:40:00,1,,NCR,Uttar Pradesh
14511-Slip,Allahabad-Saharanpur Nauchandi Express Slip,LKO,LUCKNOW,22:55:00,23:05:00,1,,NER,Uttar Pradesh
14511-Slip,Allahabad-Saharanpur Nauchandi Express Slip,BE,BAREILLY,03:10:00,03:15:00,2,,NER,Uttar Pradesh
14511-Slip,Allahabad-Saharanpur Nauchandi Express Slip,MB,MORADABAD,04:55:00,05:05:00,2,,NR,Uttar Pradesh
12630,Karnataka Sampark Kranti Express,NZM,DELHI H NIZAMUDDIN,None,08:55:00,1,,NR,Delhi
12630,Karnataka Sampark Kranti Express,AGC,AGRA CANTT,11:35:00,11:35:00,1,,NCR,Uttar Pradesh
12630,Karnataka Sampark Kranti Express,GWL,GWALIOR JN,13:15:00,13:15:00,1,,NCR,Madhya Pradesh
12630,Karnataka Sampark Kranti Express,JHS,JHANSI JN,14:35:00,14:45:00,1,,NCR,Uttar Pradesh
12630,Karnataka Sampark Kranti Express,BPL,BHOPAL JN,19:25:00,19:35:00,1,,WCR,Madhya Pradesh
12630,Karnataka Sampark Kranti Express,ET,ITARSI JN,21:12:00,21:12:00,1,,WCR,Madhya Pradesh
12630,Karnataka Sampark Kranti Express,PUNE,PUNE JN,11:10:00,11:20:00,2,,CR,Maharashtra
12630,Karnataka Sampark Kranti Express,UBL,HUBLI JN,22:10:00,22:20:00,2,,SWR,Karnataka
08114,Bilaspur Tatanagar Passenger,BSP,BILASPUR JN,None,18:50:00,1,,SECR,Chhattisgarh
08114,Bilaspur Tatanagar Passenger,ROU,ROURKELA,06:25:00,07:00:00,2,,SER,Odisha
08114,Bilaspur Tatanagar Passenger,TATA,TATANAGAR JN,12:30:00,None,2,,SER,Jharkhand
12337,Shantiniketan Express,HWH,HOWRAH JN,None,10:10:00,1,,ER,West Bengal
12337,Shantiniketan Express,BWN,BARDDHAMAN JN,11:22:00,11:24:00,1,,ER,West Bengal
12244,Coimbatore-Chennai Central AC Duronto Express,CBE,COIMBATORE JN,None,15:05:00,1,,SR,Tamil Nadu
12244,Coimbatore-Chennai Central AC Duronto Express,MAS,CHENNAI CENTRAL,21:50:00,None,1,,SR,Tamil Nadu
12129,PUNE - HOWRAH Azad Hind SF Exp,PUNE,PUNE JN,None,18:25:00,1,,CR,Maharashtra
12129,PUNE - HOWRAH Azad Hind SF Exp,NGP,NAGPUR,10:10:00,10:20:00,2,,SECR,Maharashtra
12129,PUNE - HOWRAH Azad Hind SF Exp,R,RAIPUR JN,14:45:00,14:55:00,2,,SECR,Chhattisgarh
12129,PUNE - HOWRAH Azad Hind SF Exp,BSP,BILASPUR JN,16:35:00,16:50:00,2,,SECR,Chhattisgarh
12129,PUNE - HOWRAH Azad Hind SF Exp,ROU,ROURKELA,21:05:00,21:20:00,2,,SER,Odisha
12129,PUNE - HOWRAH Azad Hind SF Exp,TATA,TATANAGAR JN,23:45:00,23:55:00,2,,SER,Jharkhand
12129,PUNE - HOWRAH Azad Hind SF Exp,HWH,HOWRAH JN,03:50:00,None,3,,ER,West Bengal
59441-Slip,Ahmedabad Passenger Slip,BCT,Mumbai Central,None,22:40:00,1,,WR,Maharashtra
59441-Slip,Ahmedabad Passenger Slip,ST,SURAT,06:05:00,07:15:00,2,,WR,Gujarat
15960,DIBRUGARH - HOWRAH Kamrup Exp,DBRG,DIBRUGARH,None,18:25:00,1,,NFR,Assam
15960,DIBRUGARH - HOWRAH Kamrup Exp,GHY,GUWAHATI,07:20:00,07:35:00,2,,NFR,Assam
15960,DIBRUGARH - HOWRAH Kamrup Exp,NJP,NEW JALPAIGURI,16:30:00,16:45:00,2,,NFR,West Bengal
15960,DIBRUGARH - HOWRAH Kamrup Exp,HWH,HOWRAH JN,05:35:00,None,3,,ER,West Bengal
12267,Mumbai Central-Ahmedabad AC Duronto Express,BCT,Mumbai Central,None,23:25:00,1,,WR,Maharashtra
12267,Mumbai Central-Ahmedabad AC Duronto Express,ST,SURAT,02:59:00,02:59:00,2,,WR,Gujarat
12267,Mumbai Central-Ahmedabad AC Duronto Express,BRC,VADODARA JN,04:44:00,04:44:00,2,,WR,Gujarat
12267,Mumbai Central-Ahmedabad AC Duronto Express,ADI,AHMEDABAD JN,06:00:00,None,2,,WR,Gujarat
15271,Howrah-Muzaffarpur JanSadharan Express,HWH,HOWRAH JN,None,11:15:00,1,,ER,West Bengal
15271,Howrah-Muzaffarpur JanSadharan Express,BWN,BARDDHAMAN JN,12:33:00,12:38:00,1,,ER,West Bengal
15271,Howrah-Muzaffarpur JanSadharan Express,ASN,ASANSOL JN,14:11:00,14:21:00,1,,ER,West Bengal
15271,Howrah-Muzaffarpur JanSadharan Express,MFP,MUZAFFARPUR JN,22:50:00,None,1,,ECR,Bihar
57426,Gunatkal Secunderabad Passenger,GTL,GUNTAKAL JN,None,05:45:00,1,,SCR,Andhra Pradesh
57426,Gunatkal Secunderabad Passenger,SC,SECUNDERABAD JN,15:50:00,None,1,,SCR,Telangana
12103,Pune Lucknow Jn SuperFast Express,PUNE,PUNE JN,None,16:15:00,1,,CR,Maharashtra
12103,Pune Lucknow Jn SuperFast Express,ET,ITARSI JN,05:00:00,05:10:00,2,,WCR,Madhya Pradesh
12103,Pune Lucknow Jn SuperFast Express,BPL,BHOPAL JN,06:55:00,07:00:00,2,,WCR,Madhya Pradesh
12103,Pune Lucknow Jn SuperFast Express,JHS,JHANSI JN,11:00:00,11:20:00,2,,NCR,Uttar Pradesh
12103,Pune Lucknow Jn SuperFast Express,CNB,KANPUR CENTRAL,15:35:00,15:45:00,2,,NCR,Uttar Pradesh
15930,DIBRUGARH - CHENNAI EGMORE Weekly Exp,DBRG,DIBRUGARH,None,23:45:00,1,,NFR,Assam
15930,DIBRUGARH - CHENNAI EGMORE Weekly Exp,GHY,GUWAHATI,14:40:00,15:00:00,2,,NFR,Assam
15930,DIBRUGARH - CHENNAI EGMORE Weekly Exp,NJP,NEW JALPAIGURI,23:25:00,23:40:00,2,,NFR,West Bengal
15930,DIBRUGARH - CHENNAI EGMORE Weekly Exp,ASN,ASANSOL JN,10:20:00,10:35:00,3,,ER,West Bengal
15930,DIBRUGARH - CHENNAI EGMORE Weekly Exp,TATA,TATANAGAR JN,15:05:00,15:15:00,3,,SER,Jharkhand
15930,DIBRUGARH - CHENNAI EGMORE Weekly Exp,CTC,CUTTACK,21:56:00,21:56:00,3,,ECoR,Odisha
15930,DIBRUGARH - CHENNAI EGMORE Weekly Exp,BBS,BHUBANESWAR,22:35:00,22:40:00,3,,ECoR,Odisha
15930,DIBRUGARH - CHENNAI EGMORE Weekly Exp,VSKP,VISHAKAPATNAM,05:40:00,06:15:00,4,,ECoR,Andhra Pradesh
15930,DIBRUGARH - CHENNAI EGMORE Weekly Exp,BZA,VIJAYAWADA JN,12:10:00,12:25:00,4,,SCR,Andhra Pradesh
15930,DIBRUGARH - CHENNAI EGMORE Weekly Exp,MS,CHENNAI EGMORE,20:15:00,None,4,,SR,Tamil Nadu
12138,Punjab Mail,FZR,FIROZPUR CANT,None,21:40:00,1,,NR,Punjab
12138,Punjab Mail,NDLS,NEW DELHI,04:55:00,05:20:00,2,,NR,Delhi
12138,Punjab Mail,NZM,DELHI H NIZAMUDDIN,05:29:00,05:29:00,2,,NR,Delhi
12138,Punjab Mail,AGC,AGRA CANTT,08:50:00,08:55:00,2,,NCR,Uttar Pradesh
12138,Punjab Mail,GWL,GWALIOR JN,10:35:00,10:40:00,2,,NCR,Madhya Pradesh
12138,Punjab Mail,JHS,JHANSI JN,12:25:00,12:35:00,2,,NCR,Uttar Pradesh
12138,Punjab Mail,BPL,BHOPAL JN,16:55:00,17:00:00,2,,WCR,Madhya Pradesh
12138,Punjab Mail,ET,ITARSI JN,18:45:00,18:50:00,2,,WCR,Madhya Pradesh
12138,Punjab Mail,KYN,KALYAN JN,06:20:00,06:25:00,3,,CR,Maharashtra
12138,Punjab Mail,DR,MUMBAI DADAR CENTRAL,07:13:00,07:15:00,3,,CR,Maharashtra
12138,Punjab Mail,CSTM,MUMBAI CST,07:35:00,None,3,,CR,Maharashtra
12266,Jammu Tawi-Delhi Sarai Rohilla Duronto Express,JAT,JAMMU TAWI,None,19:25:00,1,,NR,Jammu and Kashmir
12266,Jammu Tawi-Delhi Sarai Rohilla Duronto Express,LDH,LUDHIANA JN,23:31:00,23:31:00,1,,NR,Punjab
12266,Jammu Tawi-Delhi Sarai Rohilla Duronto Express,UMB,AMBALA CANT JN,01:12:00,01:12:00,2,,NR,Haryana
12968,Jaipur-Chennai SF Express,JP,JAIPUR,None,19:40:00,1,,NWR,Rajasthan
12968,Jaipur-Chennai SF Express,KOTA,KOTA JN,22:55:00,23:05:00,1,,WCR,Rajasthan
12968,Jaipur-Chennai SF Express,BPL,BHOPAL JN,07:10:00,07:20:00,2,,WCR,Madhya Pradesh
12968,Jaipur-Chennai SF Express,ET,ITARSI JN,09:20:00,09:25:00,2,,WCR,Madhya Pradesh
12968,Jaipur-Chennai SF Express,NGP,NAGPUR,14:00:00,14:10:00,2,,SECR,Maharashtra
12968,Jaipur-Chennai SF Express,BZA,VIJAYAWADA JN,02:10:00,02:20:00,3,,SCR,Andhra Pradesh
12968,Jaipur-Chennai SF Express,MAS,CHENNAI CENTRAL,09:45:00,None,3,,SR,Tamil Nadu
12816,New Delhi-Puri Superfast Express,NDLS,NEW DELHI,None,06:30:00,1,,NR,Delhi
12816,New Delhi-Puri Superfast Express,GZB,GHAZIABAD,06:51:00,06:51:00,1,,NR,Uttar Pradesh
12816,New Delhi-Puri Superfast Express,ALJN,ALIGARH JN,08:20:00,08:23:00,1,,NCR,Uttar Pradesh
12816,New Delhi-Puri Superfast Express,TDL,TUNDLA JN,09:24:00,09:24:00,1,,NCR,Uttar Pradesh
12816,New Delhi-Puri Superfast Express,CNB,KANPUR CENTRAL,12:20:00,12:30:00,1,,NCR,Uttar Pradesh
12816,New Delhi-Puri Superfast Express,ALD,ALLAHABAD JN,15:10:00,15:20:00,1,,NCR,Uttar Pradesh
12816,New Delhi-Puri Superfast Express,MGS,MUGHAL SARAI JN,18:00:00,18:20:00,1,,ECR,Uttar Pradesh
12816,New Delhi-Puri Superfast Express,GAYA,GAYA JN,21:00:00,21:05:00,1,,ECR,Bihar
12816,New Delhi-Puri Superfast Express,CTC,CUTTACK,09:52:00,09:57:00,2,,ECoR,Odisha
12816,New Delhi-Puri Superfast Express,BBS,BHUBANESWAR,10:30:00,10:35:00,2,,ECoR,Odisha
12816,New Delhi-Puri Superfast Express,PURI,PURI,12:25:00,None,2,,ECoR,Odisha
14236,Bareilly Varanasi Express,BE,BAREILLY,None,15:30:00,1,,NER,Uttar Pradesh
14236,Bareilly Varanasi Express,LKO,LUCKNOW,23:00:00,23:15:00,1,,NER,Uttar Pradesh
56903,Solapur - Dharwar Passenger,SUR,SOLAPUR JN,None,23:40:00,1,,CR,Maharashtra
56903,Solapur - Dharwar Passenger,UBL,HUBLI JN,08:05:00,08:10:00,2,,SWR,Karnataka
12123,Deccan Queen SF Express,CSTM,MUMBAI CST,None,17:10:00,1,,CR,Maharashtra
12123,Deccan Queen SF Express,DR,MUMBAI DADAR CENTRAL,17:17:00,17:17:00,1,,CR,Maharashtra
12123,Deccan Queen SF Express,KYN,KALYAN JN,17:55:00,17:55:00,1,,CR,Maharashtra
12123,Deccan Queen SF Express,PUNE,PUNE JN,20:25:00,None,1,,CR,Maharashtra
15906,DIBRUGARH - KANNIYAKUMARI Vivek Exp,VSKP,VISHAKAPATNAM,None,None,,,ECoR,Andhra Pradesh
15906,DIBRUGARH - KANNIYAKUMARI Vivek Exp,DBRG,DIBRUGARH,None,23:45:00,1,,NFR,Assam
15906,DIBRUGARH - KANNIYAKUMARI Vivek Exp,GHY,GUWAHATI,12:00:00,12:15:00,2,,NFR,Assam
15906,DIBRUGARH - KANNIYAKUMARI Vivek Exp,NJP,NEW JALPAIGURI,21:45:00,22:00:00,2,,NFR,West Bengal
15906,DIBRUGARH - KANNIYAKUMARI Vivek Exp,ASN,ASANSOL JN,08:55:00,09:05:00,3,,ER,West Bengal
15906,DIBRUGARH - KANNIYAKUMARI Vivek Exp,CTC,CUTTACK,16:41:00,16:43:00,3,,ECoR,Odisha
15906,DIBRUGARH - KANNIYAKUMARI Vivek Exp,BBS,BHUBANESWAR,17:30:00,17:40:00,3,,ECoR,Odisha
15906,DIBRUGARH - KANNIYAKUMARI Vivek Exp,BZA,VIJAYAWADA JN,07:15:00,07:35:00,4,,SCR,Andhra Pradesh
15906,DIBRUGARH - KANNIYAKUMARI Vivek Exp,CBE,COIMBATORE JN,22:30:00,22:35:00,4,,SR,Tamil Nadu
15906,DIBRUGARH - KANNIYAKUMARI Vivek Exp,TVC,TRIVANDRUM CENTRAL,07:00:00,07:10:00,5,,SR,Kerala
12682,Coimbatore-Chennai Express,CBE,COIMBATORE JN,None,23:45:00,1,,SR,Tamil Nadu
12682,Coimbatore-Chennai Express,MAS,CHENNAI CENTRAL,07:45:00,None,2,,SR,Tamil Nadu
12274,New Delhi-Howrah Duronto Express,NDLS,NEW DELHI,None,13:00:00,1,,NR,Delhi
12274,New Delhi-Howrah Duronto Express,GZB,GHAZIABAD,13:18:00,13:18:00,1,,NR,Uttar Pradesh
12274,New Delhi-Howrah Duronto Express,ALJN,ALIGARH JN,14:34:00,14:34:00,1,,NCR,Uttar Pradesh
12274,New Delhi-Howrah Duronto Express,TDL,TUNDLA JN,15:30:00,15:30:00,1,,NCR,Uttar Pradesh
12274,New Delhi-Howrah Duronto Express,CNB,KANPUR CENTRAL,18:15:00,18:15:00,1,,NCR,Uttar Pradesh
12274,New Delhi-Howrah Duronto Express,ALD,ALLAHABAD JN,20:34:00,20:34:00,1,,NCR,Uttar Pradesh
12274,New Delhi-Howrah Duronto Express,MGS,MUGHAL SARAI JN,22:23:00,22:23:00,1,,ECR,Uttar Pradesh
12274,New Delhi-Howrah Duronto Express,GAYA,GAYA JN,00:49:00,00:49:00,2,,ECR,Bihar
12274,New Delhi-Howrah Duronto Express,DHN,DHANBAD JN,03:12:00,03:12:00,2,,ECR,Jharkhand
12274,New Delhi-Howrah Duronto Express,ASN,ASANSOL JN,03:54:00,03:54:00,2,,ER,West Bengal
12274,New Delhi-Howrah Duronto Express,BWN,BARDDHAMAN JN,05:10:00,05:10:00,2,,ER,West Bengal
12274,New Delhi-Howrah Duronto Express,HWH,HOWRAH JN,06:00:00,None,2,,ER,West Bengal
12609,CHENNAI CENT - BANGALORE SF Intercity Exp,MAS,CHENNAI CENTRAL,None,13:35:00,1,,SR,Tamil Nadu
12609,CHENNAI CENT - BANGALORE SF Intercity Exp,SBC,BANGALORE CITY JN,20:05:00,None,1,,SWR,Karnataka
12462,Mandore Express,JU,JODHPUR JN,None,20:00:00,1,,NWR,Rajasthan
12462,Mandore Express,JP,JAIPUR,00:50:00,01:00:00,2,,NWR,Rajasthan
56912,Hubli Bangalore Passenger,UBL,HUBLI JN,None,17:20:00,1,,SWR,Karnataka
56912,Hubli Bangalore Passenger,SBC,BANGALORE CITY JN,05:15:00,None,2,,SWR,Karnataka
12920,Malwa Express,JAT,JAMMU TAWI,None,09:00:00,1,,NR,Jammu and Kashmir
12920,Malwa Express,LDH,LUDHIANA JN,13:30:00,13:50:00,1,,NR,Punjab
12920,Malwa Express,UMB,AMBALA CANT JN,15:35:00,15:40:00,1,,NR,Haryana
12920,Malwa Express,NDLS,NEW DELHI,19:00:00,19:20:00,1,,NR,Delhi
12920,Malwa Express,NZM,DELHI H NIZAMUDDIN,19:27:00,19:27:00,1,,NR,Delhi
12920,Malwa Express,AGC,AGRA CANTT,22:40:00,22:50:00,1,,NCR,Uttar Pradesh
12920,Malwa Express,GWL,GWALIOR JN,00:42:00,00:47:00,2,,NCR,Madhya Pradesh
12920,Malwa Express,JHS,JHANSI JN,02:45:00,02:55:00,2,,NCR,Uttar Pradesh
12920,Malwa Express,BPL,BHOPAL JN,07:25:00,07:50:00,2,,WCR,Madhya Pradesh
12540,LUCKNOW - YESVANTPUR SF Exp,LKO,LUCKNOW,None,20:00:00,1,,NER,Uttar Pradesh
12540,LUCKNOW - YESVANTPUR SF Exp,ALD,ALLAHABAD JN,01:15:00,01:40:00,2,,NCR,Uttar Pradesh
12540,LUCKNOW - YESVANTPUR SF Exp,JBP,JABALPUR,08:00:00,08:10:00,2,,WCR,Madhya Pradesh
12540,LUCKNOW - YESVANTPUR SF Exp,ET,ITARSI JN,11:55:00,12:15:00,2,,WCR,Madhya Pradesh
12540,LUCKNOW - YESVANTPUR SF Exp,NGP,NAGPUR,16:40:00,16:50:00,2,,SECR,Maharashtra
12540,LUCKNOW - YESVANTPUR SF Exp,BZA,VIJAYAWADA JN,02:50:00,03:00:00,3,,SCR,Andhra Pradesh
16302,Venad Express,TVC,TRIVANDRUM CENTRAL,None,05:00:00,1,,SR,Kerala
16302,Venad Express,ERS,ERNAKULAM JN,09:45:00,09:55:00,1,,SR,Kerala
12191,Shridham Express,NDLS,NEW DELHI,None,14:05:00,1,,NR,Delhi
12191,Shridham Express,NZM,DELHI H NIZAMUDDIN,14:19:00,14:21:00,1,,NR,Delhi
12191,Shridham Express,AGC,AGRA CANTT,17:10:00,17:15:00,1,,NCR,Uttar Pradesh
12191,Shridham Express,GWL,GWALIOR JN,18:50:00,18:55:00,1,,NCR,Madhya Pradesh
12191,Shridham Express,JHS,JHANSI JN,20:40:00,20:50:00,1,,NCR,Uttar Pradesh
12191,Shridham Express,BPL,BHOPAL JN,00:55:00,01:00:00,2,,WCR,Madhya Pradesh
12191,Shridham Express,ET,ITARSI JN,03:10:00,03:20:00,2,,WCR,Madhya Pradesh
12191,Shridham Express,JBP,JABALPUR,07:15:00,None,2,,WCR,Madhya Pradesh
17226,Amaravati Express,UBL,HUBLI JN,None,12:15:00,1,,SWR,Karnataka
17226,Amaravati Express,GTL,GUNTAKAL JN,17:10:00,17:25:00,1,,SCR,Andhra Pradesh
17226,Amaravati Express,BZA,VIJAYAWADA JN,02:50:00,None,2,,SCR,Andhra Pradesh
04201,Lucknow -New Delhi Special,LKO,LUCKNOW,None,22:45:00,1,,NER,Uttar Pradesh
04201,Lucknow -New Delhi Special,BE,BAREILLY,02:29:00,02:29:00,2,,NER,Uttar Pradesh
04201,Lucknow -New Delhi Special,MB,MORADABAD,03:55:00,04:05:00,2,,NR,Uttar Pradesh
04201,Lucknow -New Delhi Special,GZB,GHAZIABAD,07:23:00,07:25:00,2,,NR,Uttar Pradesh
04201,Lucknow -New Delhi Special,NDLS,NEW DELHI,08:20:00,None,2,,NR,Delhi
12304,Poorva Express,NDLS,NEW DELHI,None,16:20:00,1,,NR,Delhi
12304,Poorva Express,GZB,GHAZIABAD,16:56:00,16:56:00,1,,NR,Uttar Pradesh
12304,Poorva Express,ALJN,ALIGARH JN,19:25:00,19:30:00,1,,NCR,Uttar Pradesh
12304,Poorva Express,TDL,TUNDLA JN,20:35:00,20:40:00,1,,NCR,Uttar Pradesh
12304,Poorva Express,CNB,KANPUR CENTRAL,23:35:00,23:40:00,1,,NCR,Uttar Pradesh
12304,Poorva Express,ALD,ALLAHABAD JN,02:05:00,02:10:00,2,,NCR,Uttar Pradesh
12304,Poorva Express,MGS,MUGHAL SARAI JN,04:40:00,04:55:00,2,,ECR,Uttar Pradesh
12304,Poorva Express,PNBE,PATNA JN,07:55:00,08:05:00,2,,ECR,Bihar
12304,Poorva Express,ASN,ASANSOL JN,13:26:00,13:46:00,2,,ER,West Bengal
12304,Poorva Express,BWN,BARDDHAMAN JN,15:09:00,15:14:00,2,,ER,West Bengal
12304,Poorva Express,HWH,HOWRAH JN,16:45:00,None,2,,ER,West Bengal
59831,Vadodara Kota Passenger,BRC,VADODARA JN,None,07:15:00,1,,WR,Gujarat
59831,Vadodara Kota Passenger,RTM,RATLAM JN,14:20:00,14:45:00,1,,WR,Madhya Pradesh
59831,Vadodara Kota Passenger,KOTA,KOTA JN,22:15:00,None,1,,WCR,Rajasthan
14854,Marudhar Express,JU,JODHPUR JN,None,09:50:00,1,,NWR,Rajasthan
14854,Marudhar Express,JP,JAIPUR,15:25:00,15:40:00,1,,NWR,Rajasthan
14854,Marudhar Express,TDL,TUNDLA JN,22:05:00,22:10:00,1,,NCR,Uttar Pradesh
14854,Marudhar Express,CNB,KANPUR CENTRAL,01:20:00,01:25:00,2,,NCR,Uttar Pradesh
14854,Marudhar Express,LKO,LUCKNOW,02:50:00,03:40:00,2,,NER,Uttar Pradesh
12032,Amritsar Shatabdi Express,ASR,AMRITSAR JN,None,16:55:00,1,,NR,Punjab
12032,Amritsar Shatabdi Express,LDH,LUDHIANA JN,18:53:00,18:58:00,1,,NR,Punjab
12032,Amritsar Shatabdi Express,UMB,AMBALA CANT JN,20:25:00,20:27:00,1,,NR,Haryana
12032,Amritsar Shatabdi Express,NDLS,NEW DELHI,23:05:00,None,1,,NR,Delhi
54811,Bhopal Jodhpur Passenger,BPL,BHOPAL JN,None,16:10:00,1,,WCR,Madhya Pradesh
54811,Bhopal Jodhpur Passenger,KOTA,KOTA JN,02:42:00,03:11:00,2,,WCR,Rajasthan
54811,Bhopal Jodhpur Passenger,JP,JAIPUR,09:10:00,09:25:00,2,,NWR,Rajasthan
54811,Bhopal Jodhpur Passenger,JU,JODHPUR JN,19:10:00,None,2,,NWR,Rajasthan
57225,Vijayawada Visakhapatnam Passenger,BZA,VIJAYAWADA JN,None,08:25:00,1,,SCR,Andhra Pradesh
57225,Vijayawada Visakhapatnam Passenger,VSKP,VISHAKAPATNAM,18:55:00,None,1,,ECoR,Andhra Pradesh
12665,HOWRAH - KANNIYAKUMARI SF Exp,HWH,HOWRAH JN,None,16:10:00,1,,ER,West Bengal
12665,HOWRAH - KANNIYAKUMARI SF Exp,CTC,CUTTACK,21:54:00,21:54:00,1,,ECoR,Odisha
12665,HOWRAH - KANNIYAKUMARI SF Exp,BBS,BHUBANESWAR,22:35:00,22:40:00,1,,ECoR,Odisha
12665,HOWRAH - KANNIYAKUMARI SF Exp,VSKP,VISHAKAPATNAM,05:40:00,06:15:00,2,,ECoR,Andhra Pradesh
12665,HOWRAH - KANNIYAKUMARI SF Exp,BZA,VIJAYAWADA JN,12:10:00,12:25:00,2,,SCR,Andhra Pradesh
12665,HOWRAH - KANNIYAKUMARI SF Exp,MS,CHENNAI EGMORE,20:00:00,20:20:00,2,,SR,Tamil Nadu
12888,Howrah Express,PURI,PURI,None,22:15:00,1,,ECoR,Odisha
12888,Howrah Express,BBS,BHUBANESWAR,23:45:00,23:50:00,1,,ECoR,Odisha
12888,Howrah Express,CTC,CUTTACK,00:20:00,00:25:00,2,,ECoR,Odisha
12888,Howrah Express,HWH,HOWRAH JN,07:05:00,None,2,,ER,West Bengal
12139-Slip,Sewagram Express Slip,CSTM,MUMBAI CST,None,15:00:00,1,,CR,Maharashtra
12139-Slip,Sewagram Express Slip,DR,MUMBAI DADAR CENTRAL,15:08:00,15:10:00,1,,CR,Maharashtra
12139-Slip,Sewagram Express Slip,KYN,KALYAN JN,15:55:00,16:00:00,1,,CR,Maharashtra
12139-Slip,Sewagram Express Slip,NGP,NAGPUR,06:10:00,None,2,,SECR,Maharashtra
12940,Jaipur-Pune SF Express,JP,JAIPUR,None,09:15:00,1,,NWR,Rajasthan
12940,Jaipur-Pune SF Express,KOTA,KOTA JN,12:50:00,13:00:00,1,,WCR,Rajasthan
12940,Jaipur-Pune SF Express,RTM,RATLAM JN,17:15:00,17:25:00,1,,WR,Madhya Pradesh
12940,Jaipur-Pune SF Express,BRC,VADODARA JN,21:35:00,21:53:00,1,,WR,Gujarat
12940,Jaipur-Pune SF Express,ST,SURAT,00:07:00,00:17:00,2,,WR,Gujarat
12940,Jaipur-Pune SF Express,KYN,KALYAN JN,05:15:00,05:20:00,2,,CR,Maharashtra
12940,Jaipur-Pune SF Express,PUNE,PUNE JN,08:05:00,None,2,,CR,Maharashtra
63242,Gaya Patna Passenger MEMU,GAYA,GAYA JN,None,05:00:00,1,,ECR,Bihar
63242,Gaya Patna Passenger MEMU,PNBE,PATNA JN,07:45:00,None,1,,ECR,Bihar
17643,Circar Express,MS,CHENNAI EGMORE,None,17:20:00,1,,SR,Tamil Nadu
17643,Circar Express,BZA,VIJAYAWADA JN,03:00:00,03:20:00,2,,SCR,Andhra Pradesh
16309,Ernakulam-Patna Express,ERS,ERNAKULAM JN,None,16:40:00,1,,SR,Kerala
16309,Ernakulam-Patna Express,CBE,COIMBATORE JN,21:30:00,21:35:00,1,,SR,Tamil Nadu
16309,Ernakulam-Patna Express,MAS,CHENNAI CENTRAL,05:40:00,06:20:00,2,,SR,Tamil Nadu
16309,Ernakulam-Patna Express,BZA,VIJAYAWADA JN,13:05:00,13:20:00,2,,SCR,Andhra Pradesh
16309,Ernakulam-Patna Express,VSKP,VISHAKAPATNAM,19:25:00,19:45:00,2,,ECoR,Andhra Pradesh
16309,Ernakulam-Patna Express,BBS,BHUBANESWAR,02:15:00,02:25:00,3,,ECoR,Odisha
16309,Ernakulam-Patna Express,CTC,CUTTACK,03:11:00,03:16:00,3,,ECoR,Odisha
16309,Ernakulam-Patna Express,ASN,ASANSOL JN,13:00:00,13:25:00,3,,ER,West Bengal
16309,Ernakulam-Patna Express,PNBE,PATNA JN,20:15:00,None,3,,ECR,Bihar
12122,DELHI H NIZAMUDDIN - JABALPUR S Kranti Exp,NZM,DELHI H NIZAMUDDIN,None,17:25:00,1,,NR,Delhi
12122,DELHI H NIZAMUDDIN - JABALPUR S Kranti Exp,AGC,AGRA CANTT,20:04:00,20:04:00,1,,NCR,Uttar Pradesh
12122,DELHI H NIZAMUDDIN - JABALPUR S Kranti Exp,GWL,GWALIOR JN,21:45:00,21:48:00,1,,NCR,Madhya Pradesh
12122,DELHI H NIZAMUDDIN - JABALPUR S Kranti Exp,JHS,JHANSI JN,23:10:00,23:20:00,1,,NCR,Uttar Pradesh
12122,DELHI H NIZAMUDDIN - JABALPUR S Kranti Exp,JBP,JABALPUR,08:00:00,None,2,,WCR,Madhya Pradesh
10104,MADGAON - MUMBAI CST Mandovi Exp,MAO,MADGAON,None,09:30:00,1,,KR,Goa
10104,MADGAON - MUMBAI CST Mandovi Exp,PNVL,PANVEL,19:25:00,19:30:00,1,,CR,Maharashtra
10104,MADGAON - MUMBAI CST Mandovi Exp,DR,MUMBAI DADAR CENTRAL,21:00:00,21:05:00,1,,CR,Maharashtra
10104,MADGAON - MUMBAI CST Mandovi Exp,CSTM,MUMBAI CST,21:30:00,None,1,,CR,Maharashtra
12028,BANGALORE CITY - CHENNAI CENT Shatabdi Exp,SBC,BANGALORE CITY JN,None,06:00:00,1,,SWR,Karnataka
12028,BANGALORE CITY - CHENNAI CENT Shatabdi Exp,MAS,CHENNAI CENTRAL,11:00:00,None,1,,SR,Tamil Nadu
11466,JABALPUR - SOMNATH Exp (via Bina),JBP,JABALPUR,None,10:00:00,1,,WCR,Madhya Pradesh
11466,JABALPUR - SOMNATH Exp (via Bina),BPL,BHOPAL JN,18:25:00,18:55:00,1,,WCR,Madhya Pradesh
11466,JABALPUR - SOMNATH Exp (via Bina),RTM,RATLAM JN,01:00:00,01:15:00,2,,WR,Madhya Pradesh
11466,JABALPUR - SOMNATH Exp (via Bina),BRC,VADODARA JN,05:20:00,05:45:00,2,,WR,Gujarat
11466,JABALPUR - SOMNATH Exp (via Bina),ADI,AHMEDABAD JN,08:00:00,08:20:00,2,,WR,Gujarat
15630,GUWAHATI - CHENNAI EGMORE Exp,GHY,GUWAHATI,None,15:00:00,1,,NFR,Assam
15630,GUWAHATI - CHENNAI EGMORE Exp,NJP,NEW JALPAIGURI,23:25:00,23:40:00,1,,NFR,West Bengal
15630,GUWAHATI - CHENNAI EGMORE Exp,ASN,ASANSOL JN,10:20:00,10:35:00,2,,ER,West Bengal
15630,GUWAHATI - CHENNAI EGMORE Exp,TATA,TATANAGAR JN,15:05:00,15:15:00,2,,SER,Jharkhand
15630,GUWAHATI - CHENNAI EGMORE Exp,CTC,CUTTACK,21:56:00,21:56:00,2,,ECoR,Odisha
15630,GUWAHATI - CHENNAI EGMORE Exp,BBS,BHUBANESWAR,22:35:00,22:40:00,2,,ECoR,Odisha
15630,GUWAHATI - CHENNAI EGMORE Exp,VSKP,VISHAKAPATNAM,05:40:00,06:15:00,3,,ECoR,Andhra Pradesh
15630,GUWAHATI - CHENNAI EGMORE Exp,BZA,VIJAYAWADA JN,12:10:00,12:25:00,3,,SCR,Andhra Pradesh
15630,GUWAHATI - CHENNAI EGMORE Exp,MS,CHENNAI EGMORE,20:15:00,None,3,,SR,Tamil Nadu
12224,ERNAKULAM - MUM LTT AC Duronto,ERS,ERNAKULAM JN,None,21:30:00,1,,SR,Kerala
12224,ERNAKULAM - MUM LTT AC Duronto,MAO,MADGAON,07:06:00,07:06:00,2,,KR,Goa
12224,ERNAKULAM - MUM LTT AC Duronto,PNVL,PANVEL,13:51:00,13:51:00,2,,CR,Maharashtra
56909,Bangalore Hospet Passenger,SBC,BANGALORE CITY JN,None,22:15:00,1,,SWR,Karnataka
56909,Bangalore Hospet Passenger,UBL,HUBLI JN,10:45:00,None,2,,SWR,Karnataka
15212,AMRITSAR - DARBHANGA Jan Nayak Exp,ASR,AMRITSAR JN,None,19:05:00,1,,NR,Punjab
15212,AMRITSAR - DARBHANGA Jan Nayak Exp,LDH,LUDHIANA JN,21:30:00,21:40:00,1,,NR,Punjab
15212,AMRITSAR - DARBHANGA Jan Nayak Exp,UMB,AMBALA CANT JN,23:40:00,23:50:00,1,,NR,Haryana
15212,AMRITSAR - DARBHANGA Jan Nayak Exp,MB,MORADABAD,05:20:00,05:30:00,2,,NR,Uttar Pradesh
15212,AMRITSAR - DARBHANGA Jan Nayak Exp,BE,BAREILLY,06:50:00,06:55:00,2,,NER,Uttar Pradesh
15212,AMRITSAR - DARBHANGA Jan Nayak Exp,MFP,MUZAFFARPUR JN,00:50:00,01:00:00,3,,ECR,Bihar
16501,Ahmedabad Bangalore Express,ADI,AHMEDABAD JN,None,18:00:00,1,,WR,Gujarat
16501,Ahmedabad Bangalore Express,BRC,VADODARA JN,19:45:00,19:50:00,1,,WR,Gujarat
16501,Ahmedabad Bangalore Express,ST,SURAT,22:00:00,22:10:00,1,,WR,Gujarat
16501,Ahmedabad Bangalore Express,SUR,SOLAPUR JN,15:05:00,15:15:00,2,,CR,Maharashtra
16501,Ahmedabad Bangalore Express,GTL,GUNTAKAL JN,21:35:00,21:40:00,2,,SCR,Andhra Pradesh
16501,Ahmedabad Bangalore Express,SBC,BANGALORE CITY JN,04:50:00,None,3,,SWR,Karnataka
12189,JABALPUR - DELHI H NIZAMUDDIN Mahakoshal SF Exp,JBP,JABALPUR,None,18:10:00,1,,WCR,Madhya Pradesh
12189,JABALPUR - DELHI H NIZAMUDDIN Mahakoshal SF Exp,JHS,JHANSI JN,04:10:00,04:30:00,2,,NCR,Uttar Pradesh
12189,JABALPUR - DELHI H NIZAMUDDIN Mahakoshal SF Exp,GWL,GWALIOR JN,06:00:00,06:05:00,2,,NCR,Madhya Pradesh
12189,JABALPUR - DELHI H NIZAMUDDIN Mahakoshal SF Exp,AGC,AGRA CANTT,08:15:00,08:23:00,2,,NCR,Uttar Pradesh
12189,JABALPUR - DELHI H NIZAMUDDIN Mahakoshal SF Exp,NZM,DELHI H NIZAMUDDIN,11:35:00,None,2,,NR,Delhi
09022,JAMMU TAWI - BANDRA TERMINUS AC Suvidha Special (Starts 5 April),NDLS,NEW DELHI,None,None,,,NR,Delhi
09022,JAMMU TAWI - BANDRA TERMINUS AC Suvidha Special (Starts 5 April),JAT,JAMMU TAWI,None,09:30:00,1,,NR,Jammu and Kashmir
09022,JAMMU TAWI - BANDRA TERMINUS AC Suvidha Special (Starts 5 April),LDH,LUDHIANA JN,13:45:00,14:05:00,1,,NR,Punjab
09022,JAMMU TAWI - BANDRA TERMINUS AC Suvidha Special (Starts 5 April),UMB,AMBALA CANT JN,16:00:00,16:05:00,1,,NR,Haryana
09022,JAMMU TAWI - BANDRA TERMINUS AC Suvidha Special (Starts 5 April),NZM,DELHI H NIZAMUDDIN,21:08:00,21:08:00,1,,NR,Delhi
09022,JAMMU TAWI - BANDRA TERMINUS AC Suvidha Special (Starts 5 April),KOTA,KOTA JN,03:00:00,03:10:00,2,,WCR,Rajasthan
09022,JAMMU TAWI - BANDRA TERMINUS AC Suvidha Special (Starts 5 April),RTM,RATLAM JN,07:00:00,07:10:00,2,,WR,Madhya Pradesh
09022,JAMMU TAWI - BANDRA TERMINUS AC Suvidha Special (Starts 5 April),BRC,VADODARA JN,11:10:00,11:28:00,2,,WR,Gujarat
09022,JAMMU TAWI - BANDRA TERMINUS AC Suvidha Special (Starts 5 April),ST,SURAT,13:22:00,13:25:00,2,,WR,Gujarat
12887,Howrah-Puri Express,HWH,HOWRAH JN,None,20:55:00,1,,ER,West Bengal
12887,Howrah-Puri Express,CTC,CUTTACK,03:05:00,03:10:00,2,,ECoR,Odisha
12887,Howrah-Puri Express,BBS,BHUBANESWAR,03:50:00,03:55:00,2,,ECoR,Odisha
12887,Howrah-Puri Express,PURI,PURI,05:55:00,None,2,,ECoR,Odisha
15942,DIBRUGARH - JHAJHA Exp,DBRG,DIBRUGARH,None,06:35:00,1,,NFR,Assam
15942,DIBRUGARH - JHAJHA Exp,GHY,GUWAHATI,18:00:00,18:20:00,1,,NFR,Assam
15942,DIBRUGARH - JHAJHA Exp,NJP,NEW JALPAIGURI,03:05:00,03:20:00,2,,NFR,West Bengal
15942,DIBRUGARH - JHAJHA Exp,ASN,ASANSOL JN,14:45:00,15:05:00,2,,ER,West Bengal
12283,ERNAKULAM - DELHI H NIZAMUDDIN Duronto Exp,ERS,ERNAKULAM JN,None,23:30:00,1,,SR,Kerala
12283,ERNAKULAM - DELHI H NIZAMUDDIN Duronto Exp,MAO,MADGAON,10:33:00,10:33:00,2,,KR,Goa
12283,ERNAKULAM - DELHI H NIZAMUDDIN Duronto Exp,PNVL,PANVEL,18:19:00,18:19:00,2,,CR,Maharashtra
12283,ERNAKULAM - DELHI H NIZAMUDDIN Duronto Exp,ST,SURAT,23:01:00,23:01:00,2,,WR,Gujarat
12283,ERNAKULAM - DELHI H NIZAMUDDIN Duronto Exp,BRC,VADODARA JN,00:58:00,00:58:00,3,,WR,Gujarat
12283,ERNAKULAM - DELHI H NIZAMUDDIN Duronto Exp,RTM,RATLAM JN,04:53:00,04:53:00,3,,WR,Madhya Pradesh
12283,ERNAKULAM - DELHI H NIZAMUDDIN Duronto Exp,KOTA,KOTA JN,08:54:00,08:54:00,3,,WCR,Rajasthan
12283,ERNAKULAM - DELHI H NIZAMUDDIN Duronto Exp,NZM,DELHI H NIZAMUDDIN,19:30:00,None,3,,NR,Delhi
12152,HOWRAH - MUMBAI LTT Samarsata SF Exp,HWH,HOWRAH JN,None,21:15:00,1,,ER,West Bengal
12152,HOWRAH - MUMBAI LTT Samarsata SF Exp,ROU,ROURKELA,06:00:00,06:15:00,2,,SER,Odisha
12152,HOWRAH - MUMBAI LTT Samarsata SF Exp,BSP,BILASPUR JN,10:50:00,11:15:00,2,,SECR,Chhattisgarh
12152,HOWRAH - MUMBAI LTT Samarsata SF Exp,R,RAIPUR JN,12:50:00,13:00:00,2,,SECR,Chhattisgarh
12152,HOWRAH - MUMBAI LTT Samarsata SF Exp,NGP,NAGPUR,17:50:00,18:00:00,2,,SECR,Maharashtra
12152,HOWRAH - MUMBAI LTT Samarsata SF Exp,KYN,KALYAN JN,06:25:00,06:30:00,3,,CR,Maharashtra
11033,PUNE - DARBHANGA Gyan Ganga Exp,PUNE,PUNE JN,None,16:15:00,1,,CR,Maharashtra
11033,PUNE - DARBHANGA Gyan Ganga Exp,ET,ITARSI JN,05:10:00,05:20:00,2,,WCR,Madhya Pradesh
11033,PUNE - DARBHANGA Gyan Ganga Exp,JBP,JABALPUR,08:55:00,09:05:00,2,,WCR,Madhya Pradesh
11033,PUNE - DARBHANGA Gyan Ganga Exp,ALD,ALLAHABAD JN,15:50:00,16:20:00,2,,NCR,Uttar Pradesh
11033,PUNE - DARBHANGA Gyan Ganga Exp,MFP,MUZAFFARPUR JN,03:55:00,04:05:00,3,,ECR,Bihar
12833,AHMEDABAD - HOWRAH SF EXP,ADI,AHMEDABAD JN,None,23:55:00,1,,WR,Gujarat
12833,AHMEDABAD - HOWRAH SF EXP,BRC,VADODARA JN,01:50:00,01:57:00,2,,WR,Gujarat
12833,AHMEDABAD - HOWRAH SF EXP,ST,SURAT,03:53:00,04:03:00,2,,WR,Gujarat
12833,AHMEDABAD - HOWRAH SF EXP,NGP,NAGPUR,17:50:00,18:00:00,2,,SECR,Maharashtra
12833,AHMEDABAD - HOWRAH SF EXP,R,RAIPUR JN,22:55:00,23:05:00,2,,SECR,Chhattisgarh
12833,AHMEDABAD - HOWRAH SF EXP,BSP,BILASPUR JN,00:55:00,01:10:00,3,,SECR,Chhattisgarh
12833,AHMEDABAD - HOWRAH SF EXP,ROU,ROURKELA,06:30:00,06:45:00,3,,SER,Odisha
12833,AHMEDABAD - HOWRAH SF EXP,TATA,TATANAGAR JN,09:20:00,09:35:00,3,,SER,Jharkhand
12833,AHMEDABAD - HOWRAH SF EXP,HWH,HOWRAH JN,13:30:00,None,3,,ER,West Bengal
10103,MUMBAI CST - MADGAON Mandovi Exp,CSTM,MUMBAI CST,None,06:55:00,1,,CR,Maharashtra
10103,MUMBAI CST - MADGAON Mandovi Exp,DR,MUMBAI DADAR CENTRAL,07:07:00,07:10:00,1,,CR,Maharashtra
10103,MUMBAI CST - MADGAON Mandovi Exp,PNVL,PANVEL,08:25:00,08:30:00,1,,CR,Maharashtra
10103,MUMBAI CST - MADGAON Mandovi Exp,MAO,MADGAON,18:45:00,None,1,,KR,Goa
11045,KOLHAPUR CSMT - DHANBAD Deekshabhoomi Exp,KOP,C SHAHU M RAJ KOLHAPUR TERM,None,23:45:00,1,,CR,Maharashtra
11045,KOLHAPUR CSMT - DHANBAD Deekshabhoomi Exp,PUNE,PUNE JN,08:30:00,08:40:00,2,,CR,Maharashtra
11045,KOLHAPUR CSMT - DHANBAD Deekshabhoomi Exp,AWB,AURANGABAD,17:25:00,17:30:00,2,,SCR,Maharashtra
11045,KOLHAPUR CSMT - DHANBAD Deekshabhoomi Exp,NGP,NAGPUR,07:35:00,07:45:00,3,,SECR,Maharashtra
11045,KOLHAPUR CSMT - DHANBAD Deekshabhoomi Exp,ET,ITARSI JN,13:40:00,13:50:00,3,,WCR,Madhya Pradesh
11045,KOLHAPUR CSMT - DHANBAD Deekshabhoomi Exp,JBP,JABALPUR,17:15:00,17:25:00,3,,WCR,Madhya Pradesh
11045,KOLHAPUR CSMT - DHANBAD Deekshabhoomi Exp,ALD,ALLAHABAD JN,01:00:00,01:25:00,4,,NCR,Uttar Pradesh
11045,KOLHAPUR CSMT - DHANBAD Deekshabhoomi Exp,MGS,MUGHAL SARAI JN,05:40:00,06:00:00,4,,ECR,Uttar Pradesh
11045,KOLHAPUR CSMT - DHANBAD Deekshabhoomi Exp,GAYA,GAYA JN,08:53:00,09:03:00,4,,ECR,Bihar
11045,KOLHAPUR CSMT - DHANBAD Deekshabhoomi Exp,DHN,DHANBAD JN,12:00:00,None,4,,ECR,Jharkhand
63243,Patna Gaya Passenger MEMU,PNBE,PATNA JN,None,07:00:00,1,,ECR,Bihar
63243,Patna Gaya Passenger MEMU,GAYA,GAYA JN,10:25:00,None,1,,ECR,Bihar
12051,DADAR - MADGAON Jan Shatabdi Exp,DR,MUMBAI DADAR CENTRAL,05:22:00,05:25:00,1,,CR,Maharashtra
12051,DADAR - MADGAON Jan Shatabdi Exp,PNVL,PANVEL,06:36:00,06:38:00,1,,CR,Maharashtra
12051,DADAR - MADGAON Jan Shatabdi Exp,MAO,MADGAON,14:10:00,None,1,,KR,Goa
11403,NAGPUR - KOLHAPUR EXP,NGP,NAGPUR,None,15:00:00,1,,SECR,Maharashtra
11403,NAGPUR - KOLHAPUR EXP,KOP,C SHAHU M RAJ KOLHAPUR TERM,15:25:00,None,2,,CR,Maharashtra
13019,Bagh Express,HWH,HOWRAH JN,None,21:45:00,1,,ER,West Bengal
13019,Bagh Express,BWN,BARDDHAMAN JN,23:35:00,23:40:00,1,,ER,West Bengal
13019,Bagh Express,ASN,ASANSOL JN,01:25:00,01:35:00,2,,ER,West Bengal
13019,Bagh Express,MFP,MUZAFFARPUR JN,10:00:00,10:10:00,2,,ECR,Bihar
13019,Bagh Express,LKO,LUCKNOW,00:25:00,00:25:00,3,,NER,Uttar Pradesh
13019,Bagh Express,BE,BAREILLY,04:05:00,04:15:00,3,,NER,Uttar Pradesh
18105,Rourkela-Bhubaneswar InterCity,ROU,ROURKELA,None,05:30:00,1,,SER,Odisha
18105,Rourkela-Bhubaneswar InterCity,BBS,BHUBANESWAR,13:00:00,None,1,,ECoR,Odisha
11449,JABALPUR - SHRI MATA VAISHNO DEVI KATRA Express,JBP,JABALPUR,None,06:00:00,1,,WCR,Madhya Pradesh
11449,JABALPUR - SHRI MATA VAISHNO DEVI KATRA Express,JHS,JHANSI JN,14:40:00,14:50:00,1,,NCR,Uttar Pradesh
11449,JABALPUR - SHRI MATA VAISHNO DEVI KATRA Express,GWL,GWALIOR JN,16:15:00,16:20:00,1,,NCR,Madhya Pradesh
11449,JABALPUR - SHRI MATA VAISHNO DEVI KATRA Express,AGC,AGRA CANTT,18:25:00,18:35:00,1,,NCR,Uttar Pradesh
11449,JABALPUR - SHRI MATA VAISHNO DEVI KATRA Express,NZM,DELHI H NIZAMUDDIN,22:30:00,23:00:00,1,,NR,Delhi
11449,JABALPUR - SHRI MATA VAISHNO DEVI KATRA Express,NDLS,NEW DELHI,23:25:00,00:10:00,1,,NR,Delhi
11449,JABALPUR - SHRI MATA VAISHNO DEVI KATRA Express,LDH,LUDHIANA JN,06:55:00,07:05:00,2,,NR,Punjab
11449,JABALPUR - SHRI MATA VAISHNO DEVI KATRA Express,JAT,JAMMU TAWI,13:10:00,None,2,,NR,Jammu and Kashmir
12102,HOWRAH - MUMBAI LTT Janeswari Super Deluxe Exp,HWH,HOWRAH JN,None,22:55:00,1,,ER,West Bengal
12102,HOWRAH - MUMBAI LTT Janeswari Super Deluxe Exp,TATA,TATANAGAR JN,02:30:00,02:35:00,2,,SER,Jharkhand
12102,HOWRAH - MUMBAI LTT Janeswari Super Deluxe Exp,ROU,ROURKELA,04:53:00,05:00:00,2,,SER,Odisha
12102,HOWRAH - MUMBAI LTT Janeswari Super Deluxe Exp,BSP,BILASPUR JN,09:25:00,09:40:00,2,,SECR,Chhattisgarh
12102,HOWRAH - MUMBAI LTT Janeswari Super Deluxe Exp,R,RAIPUR JN,11:20:00,11:30:00,2,,SECR,Chhattisgarh
12102,HOWRAH - MUMBAI LTT Janeswari Super Deluxe Exp,NGP,NAGPUR,16:20:00,16:30:00,2,,SECR,Maharashtra
12102,HOWRAH - MUMBAI LTT Janeswari Super Deluxe Exp,KYN,KALYAN JN,04:45:00,04:50:00,3,,CR,Maharashtra
12130,HOWRAH - PUNE Azad Hind SF Exp,HWH,HOWRAH JN,None,21:55:00,1,,ER,West Bengal
12130,HOWRAH - PUNE Azad Hind SF Exp,TATA,TATANAGAR JN,01:30:00,01:37:00,2,,SER,Jharkhand
12130,HOWRAH - PUNE Azad Hind SF Exp,ROU,ROURKELA,03:55:00,04:05:00,2,,SER,Odisha
12130,HOWRAH - PUNE Azad Hind SF Exp,BSP,BILASPUR JN,09:00:00,09:15:00,2,,SECR,Chhattisgarh
12130,HOWRAH - PUNE Azad Hind SF Exp,R,RAIPUR JN,10:50:00,11:00:00,2,,SECR,Chhattisgarh
12130,HOWRAH - PUNE Azad Hind SF Exp,NGP,NAGPUR,15:40:00,15:50:00,2,,SECR,Maharashtra
12130,HOWRAH - PUNE Azad Hind SF Exp,PUNE,PUNE JN,06:50:00,None,3,,CR,Maharashtra
11037,PUNE - GORAKHPUR Exp,PUNE,PUNE JN,None,16:15:00,1,,CR,Maharashtra
11037,PUNE - GORAKHPUR Exp,ET,ITARSI JN,05:10:00,05:20:00,2,,WCR,Madhya Pradesh
11037,PUNE - GORAKHPUR Exp,JBP,JABALPUR,08:55:00,09:05:00,2,,WCR,Madhya Pradesh
11037,PUNE - GORAKHPUR Exp,ALD,ALLAHABAD JN,15:50:00,16:20:00,2,,NCR,Uttar Pradesh
16360,PATNA - ERNAKULAM Express,PNBE,PATNA JN,None,16:30:00,1,,ECR,Bihar
16360,PATNA - ERNAKULAM Express,MGS,MUGHAL SARAI JN,20:00:00,20:15:00,1,,ECR,Uttar Pradesh
16360,PATNA - ERNAKULAM Express,ALD,ALLAHABAD JN,00:30:00,01:02:00,2,,NCR,Uttar Pradesh
16360,PATNA - ERNAKULAM Express,JBP,JABALPUR,06:30:00,06:40:00,2,,WCR,Madhya Pradesh
16360,PATNA - ERNAKULAM Express,ET,ITARSI JN,10:35:00,10:55:00,2,,WCR,Madhya Pradesh
16360,PATNA - ERNAKULAM Express,NGP,NAGPUR,15:10:00,15:20:00,2,,SECR,Maharashtra
16360,PATNA - ERNAKULAM Express,BZA,VIJAYAWADA JN,02:50:00,03:00:00,3,,SCR,Andhra Pradesh
16360,PATNA - ERNAKULAM Express,CBE,COIMBATORE JN,18:25:00,18:30:00,3,,SR,Tamil Nadu
16360,PATNA - ERNAKULAM Express,ERS,ERNAKULAM JN,23:00:00,None,3,,SR,Kerala
12245,HOWRAH - YESVANTPUR AC Duronto Exp,VSKP,VISHAKAPATNAM,None,None,,,ECoR,Andhra Pradesh
12245,HOWRAH - YESVANTPUR AC Duronto Exp,HWH,HOWRAH JN,None,11:00:00,1,,ER,West Bengal
12245,HOWRAH - YESVANTPUR AC Duronto Exp,CTC,CUTTACK,17:10:00,17:10:00,1,,ECoR,Odisha
12245,HOWRAH - YESVANTPUR AC Duronto Exp,BBS,BHUBANESWAR,17:35:00,17:35:00,1,,ECoR,Odisha
12245,HOWRAH - YESVANTPUR AC Duronto Exp,BZA,VIJAYAWADA JN,05:08:00,05:08:00,2,,SCR,Andhra Pradesh
12127,MumbaiCST-Pune SF InterCity,CSTM,MUMBAI CST,None,06:45:00,1,,CR,Maharashtra
12127,MumbaiCST-Pune SF InterCity,DR,MUMBAI DADAR CENTRAL,06:56:00,06:58:00,1,,CR,Maharashtra
12127,MumbaiCST-Pune SF InterCity,KYN,KALYAN JN,07:37:00,07:37:00,1,,CR,Maharashtra
12127,MumbaiCST-Pune SF InterCity,PUNE,PUNE JN,09:52:00,None,1,,CR,Maharashtra
11003,DADAR - SAWANTWADI RD Rajya Rani Exp,DR,MUMBAI DADAR CENTRAL,None,23:55:00,1,,CR,Maharashtra
11003,DADAR - SAWANTWADI RD Rajya Rani Exp,PNVL,PANVEL,01:10:00,01:15:00,2,,CR,Maharashtra
13133,Sealdah-Varanasi Express,SDAH,KOLKATA SEALDAH,None,21:15:00,1,,ER,West Bengal
13133,Sealdah-Varanasi Express,BWN,BARDDHAMAN JN,22:58:00,23:03:00,1,,ER,West Bengal
13133,Sealdah-Varanasi Express,PNBE,PATNA JN,14:20:00,14:30:00,2,,ECR,Bihar
13133,Sealdah-Varanasi Express,MGS,MUGHAL SARAI JN,20:40:00,20:55:00,2,,ECR,Uttar Pradesh
12133,MUMBAI CST - MANGALORE Exp,CSTM,MUMBAI CST,None,22:15:00,1,,CR,Maharashtra
12133,MUMBAI CST - MANGALORE Exp,DR,MUMBAI DADAR CENTRAL,22:22:00,22:22:00,1,,CR,Maharashtra
12133,MUMBAI CST - MANGALORE Exp,PNVL,PANVEL,23:18:00,23:20:00,1,,CR,Maharashtra
12133,MUMBAI CST - MANGALORE Exp,MAO,MADGAON,07:00:00,07:10:00,2,,KR,Goa
18617,Howrah-Ranchi Intercity,HWH,HOWRAH JN,None,15:05:00,1,,ER,West Bengal
18617,Howrah-Ranchi Intercity,TATA,TATANAGAR JN,18:45:00,18:55:00,1,,SER,Jharkhand
11090,PUNE - BHAGAT KI KOTHI Exp,PUNE,PUNE JN,None,19:50:00,1,,CR,Maharashtra
11090,PUNE - BHAGAT KI KOTHI Exp,KYN,KALYAN JN,22:20:00,22:25:00,1,,CR,Maharashtra
11090,PUNE - BHAGAT KI KOTHI Exp,ST,SURAT,03:40:00,03:45:00,2,,WR,Gujarat
11090,PUNE - BHAGAT KI KOTHI Exp,BRC,VADODARA JN,05:35:00,05:40:00,2,,WR,Gujarat
11090,PUNE - BHAGAT KI KOTHI Exp,ADI,AHMEDABAD JN,07:45:00,08:05:00,2,,WR,Gujarat
12236,NEW DELHI - DIBRUGARH Rajdhani Exp,NDLS,NEW DELHI,None,09:30:00,1,,NR,Delhi
12236,NEW DELHI - DIBRUGARH Rajdhani Exp,GZB,GHAZIABAD,09:54:00,09:54:00,1,,NR,Uttar Pradesh
12236,NEW DELHI - DIBRUGARH Rajdhani Exp,MB,MORADABAD,12:10:00,12:15:00,1,,NR,Uttar Pradesh
12236,NEW DELHI - DIBRUGARH Rajdhani Exp,BE,BAREILLY,13:35:00,13:40:00,1,,NER,Uttar Pradesh
12236,NEW DELHI - DIBRUGARH Rajdhani Exp,LKO,LUCKNOW,17:25:00,17:35:00,1,,NER,Uttar Pradesh
12236,NEW DELHI - DIBRUGARH Rajdhani Exp,MFP,MUZAFFARPUR JN,04:10:00,04:15:00,2,,ECR,Bihar
12236,NEW DELHI - DIBRUGARH Rajdhani Exp,NJP,NEW JALPAIGURI,11:45:00,12:05:00,2,,NFR,West Bengal
12236,NEW DELHI - DIBRUGARH Rajdhani Exp,GHY,GUWAHATI,19:00:00,19:20:00,2,,NFR,Assam
12236,NEW DELHI - DIBRUGARH Rajdhani Exp,DBRG,DIBRUGARH,05:45:00,None,3,,NFR,Assam
12235,DIBRUGARH - NEW DELHI Rajdhani Exp,DBRG,DIBRUGARH,None,19:15:00,1,,NFR,Assam
12235,DIBRUGARH - NEW DELHI Rajdhani Exp,GHY,GUWAHATI,05:35:00,05:55:00,2,,NFR,Assam
12235,DIBRUGARH - NEW DELHI Rajdhani Exp,NJP,NEW JALPAIGURI,12:05:00,12:15:00,2,,NFR,West Bengal
12235,DIBRUGARH - NEW DELHI Rajdhani Exp,MFP,MUZAFFARPUR JN,19:32:00,19:37:00,2,,ECR,Bihar
12235,DIBRUGARH - NEW DELHI Rajdhani Exp,LKO,LUCKNOW,06:00:00,06:10:00,3,,NER,Uttar Pradesh
12235,DIBRUGARH - NEW DELHI Rajdhani Exp,BE,BAREILLY,09:27:00,09:30:00,3,,NER,Uttar Pradesh
12235,DIBRUGARH - NEW DELHI Rajdhani Exp,MB,MORADABAD,10:55:00,11:00:00,3,,NR,Uttar Pradesh
12235,DIBRUGARH - NEW DELHI Rajdhani Exp,GZB,GHAZIABAD,13:20:00,13:20:00,3,,NR,Uttar Pradesh
12235,DIBRUGARH - NEW DELHI Rajdhani Exp,NDLS,NEW DELHI,13:45:00,None,3,,NR,Delhi
12360,KOLKATA CHITPUR - PATNA Garib Rath Exp,BWN,BARDDHAMAN JN,None,None,,,ER,West Bengal
12360,KOLKATA CHITPUR - PATNA Garib Rath Exp,PNBE,PATNA JN,None,20:10:00,1,,ECR,Bihar
12360,KOLKATA CHITPUR - PATNA Garib Rath Exp,ASN,ASANSOL JN,02:02:00,02:07:00,2,,ER,West Bengal
12318,AKAL TAKHT Express,BWN,BARDDHAMAN JN,None,None,,,ER,West Bengal
12318,AKAL TAKHT Express,ASR,AMRITSAR JN,None,06:05:00,1,,NR,Punjab
12318,AKAL TAKHT Express,LDH,LUDHIANA JN,08:10:00,08:20:00,1,,NR,Punjab
12318,AKAL TAKHT Express,UMB,AMBALA CANT JN,10:05:00,10:15:00,1,,NR,Haryana
12318,AKAL TAKHT Express,MB,MORADABAD,14:50:00,15:00:00,1,,NR,Uttar Pradesh
12318,AKAL TAKHT Express,BE,BAREILLY,16:20:00,16:25:00,1,,NER,Uttar Pradesh
12318,AKAL TAKHT Express,LKO,LUCKNOW,20:00:00,20:15:00,1,,NER,Uttar Pradesh
12318,AKAL TAKHT Express,MGS,MUGHAL SARAI JN,02:25:00,02:55:00,2,,ECR,Uttar Pradesh
12318,AKAL TAKHT Express,PNBE,PATNA JN,06:05:00,06:15:00,2,,ECR,Bihar
12318,AKAL TAKHT Express,ASN,ASANSOL JN,11:44:00,12:04:00,2,,ER,West Bengal
12318,AKAL TAKHT Express,SDAH,KOLKATA SEALDAH,15:10:00,None,2,,ER,West Bengal
12284,DELHI H NIZAMUDDIN - ERNAKULAM Duronto Exp,NZM,DELHI H NIZAMUDDIN,None,21:35:00,1,,NR,Delhi
12284,DELHI H NIZAMUDDIN - ERNAKULAM Duronto Exp,KOTA,KOTA JN,04:06:00,04:06:00,2,,WCR,Rajasthan
12284,DELHI H NIZAMUDDIN - ERNAKULAM Duronto Exp,RTM,RATLAM JN,07:54:00,07:54:00,2,,WR,Madhya Pradesh
12284,DELHI H NIZAMUDDIN - ERNAKULAM Duronto Exp,BRC,VADODARA JN,11:35:00,11:35:00,2,,WR,Gujarat
12284,DELHI H NIZAMUDDIN - ERNAKULAM Duronto Exp,ST,SURAT,13:26:00,13:26:00,2,,WR,Gujarat
12284,DELHI H NIZAMUDDIN - ERNAKULAM Duronto Exp,PNVL,PANVEL,17:49:00,17:49:00,2,,CR,Maharashtra
12284,DELHI H NIZAMUDDIN - ERNAKULAM Duronto Exp,MAO,MADGAON,01:08:00,01:08:00,3,,KR,Goa
12284,DELHI H NIZAMUDDIN - ERNAKULAM Duronto Exp,ERS,ERNAKULAM JN,15:30:00,None,3,,SR,Kerala
12314,NEW DELHI - KOL SEALDAH Rajdhani Exp,BWN,BARDDHAMAN JN,None,None,,,ER,West Bengal
12314,NEW DELHI - KOL SEALDAH Rajdhani Exp,NDLS,NEW DELHI,None,16:30:00,1,,NR,Delhi
12314,NEW DELHI - KOL SEALDAH Rajdhani Exp,GZB,GHAZIABAD,16:47:00,16:47:00,1,,NR,Uttar Pradesh
12314,NEW DELHI - KOL SEALDAH Rajdhani Exp,ALJN,ALIGARH JN,17:58:00,17:58:00,1,,NCR,Uttar Pradesh
12314,NEW DELHI - KOL SEALDAH Rajdhani Exp,TDL,TUNDLA JN,18:50:00,18:50:00,1,,NCR,Uttar Pradesh
12314,NEW DELHI - KOL SEALDAH Rajdhani Exp,CNB,KANPUR CENTRAL,21:20:00,21:25:00,1,,NCR,Uttar Pradesh
12314,NEW DELHI - KOL SEALDAH Rajdhani Exp,ALD,ALLAHABAD JN,23:42:00,23:42:00,1,,NCR,Uttar Pradesh
12314,NEW DELHI - KOL SEALDAH Rajdhani Exp,MGS,MUGHAL SARAI JN,01:28:00,01:38:00,2,,ECR,Uttar Pradesh
12314,NEW DELHI - KOL SEALDAH Rajdhani Exp,GAYA,GAYA JN,03:50:00,03:53:00,2,,ECR,Bihar
12314,NEW DELHI - KOL SEALDAH Rajdhani Exp,DHN,DHANBAD JN,06:23:00,06:28:00,2,,ECR,Jharkhand
12314,NEW DELHI - KOL SEALDAH Rajdhani Exp,ASN,ASANSOL JN,07:16:00,07:20:00,2,,ER,West Bengal
12314,NEW DELHI - KOL SEALDAH Rajdhani Exp,SDAH,KOLKATA SEALDAH,10:15:00,None,2,,ER,West Bengal
12362,MUMBAI CST - ASANSOL SF Exp,CSTM,MUMBAI CST,None,11:05:00,1,,CR,Maharashtra
12362,MUMBAI CST - ASANSOL SF Exp,DR,MUMBAI DADAR CENTRAL,11:18:00,11:20:00,1,,CR,Maharashtra
12362,MUMBAI CST - ASANSOL SF Exp,KYN,KALYAN JN,11:55:00,12:00:00,1,,CR,Maharashtra
12362,MUMBAI CST - ASANSOL SF Exp,ET,ITARSI JN,23:10:00,23:20:00,1,,WCR,Madhya Pradesh
12362,MUMBAI CST - ASANSOL SF Exp,JBP,JABALPUR,02:35:00,02:45:00,2,,WCR,Madhya Pradesh
12362,MUMBAI CST - ASANSOL SF Exp,MGS,MUGHAL SARAI JN,12:15:00,12:35:00,2,,ECR,Uttar Pradesh
12362,MUMBAI CST - ASANSOL SF Exp,PNBE,PATNA JN,16:00:00,16:10:00,2,,ECR,Bihar
12362,MUMBAI CST - ASANSOL SF Exp,ASN,ASANSOL JN,23:15:00,None,2,,ER,West Bengal
12320,AGRA CANTT - KOLKATA CHITPUR SF Exp,BWN,BARDDHAMAN JN,None,None,,,ER,West Bengal
12320,AGRA CANTT - KOLKATA CHITPUR SF Exp,AGC,AGRA CANTT,None,17:00:00,1,,NCR,Uttar Pradesh
12320,AGRA CANTT - KOLKATA CHITPUR SF Exp,CNB,KANPUR CENTRAL,01:05:00,01:15:00,2,,NCR,Uttar Pradesh
12320,AGRA CANTT - KOLKATA CHITPUR SF Exp,ALD,ALLAHABAD JN,04:19:00,04:19:00,2,,NCR,Uttar Pradesh
12320,AGRA CANTT - KOLKATA CHITPUR SF Exp,MGS,MUGHAL SARAI JN,06:30:00,06:55:00,2,,ECR,Uttar Pradesh
12320,AGRA CANTT - KOLKATA CHITPUR SF Exp,GAYA,GAYA JN,09:33:00,09:38:00,2,,ECR,Bihar
12320,AGRA CANTT - KOLKATA CHITPUR SF Exp,DHN,DHANBAD JN,12:35:00,12:45:00,2,,ECR,Jharkhand
12320,AGRA CANTT - KOLKATA CHITPUR SF Exp,ASN,ASANSOL JN,13:42:00,13:57:00,2,,ER,West Bengal
12261,MUMBAI CST - HOWRAH AC Duronto Exp,CSTM,MUMBAI CST,None,17:15:00,1,,CR,Maharashtra
12261,MUMBAI CST - HOWRAH AC Duronto Exp,DR,MUMBAI DADAR CENTRAL,17:22:00,17:22:00,1,,CR,Maharashtra
12261,MUMBAI CST - HOWRAH AC Duronto Exp,KYN,KALYAN JN,17:58:00,17:58:00,1,,CR,Maharashtra
12261,MUMBAI CST - HOWRAH AC Duronto Exp,NGP,NAGPUR,04:34:00,04:34:00,2,,SECR,Maharashtra
12261,MUMBAI CST - HOWRAH AC Duronto Exp,R,RAIPUR JN,08:40:00,08:40:00,2,,SECR,Chhattisgarh
12261,MUMBAI CST - HOWRAH AC Duronto Exp,BSP,BILASPUR JN,10:10:00,10:10:00,2,,SECR,Chhattisgarh
12261,MUMBAI CST - HOWRAH AC Duronto Exp,ROU,ROURKELA,14:18:00,14:18:00,2,,SER,Odisha
12261,MUMBAI CST - HOWRAH AC Duronto Exp,TATA,TATANAGAR JN,16:31:00,16:31:00,2,,SER,Jharkhand
12261,MUMBAI CST - HOWRAH AC Duronto Exp,HWH,HOWRAH JN,19:40:00,None,2,,ER,West Bengal
14260,LUCKNOW CHARBAGH - MUGHAL SARAI Ekatmata Exp,LKO,LUCKNOW,None,None,,,NER,Uttar Pradesh
14260,LUCKNOW CHARBAGH - MUGHAL SARAI Ekatmata Exp,MGS,MUGHAL SARAI JN,None,None,,,ECR,Uttar Pradesh
12218,CHANDIGARH - KOCHUVELI Kerala Sampark Kranti Exp,CDG,CHANDIGARH,None,09:00:00,1,,NR,Chandigarh
12218,CHANDIGARH - KOCHUVELI Kerala Sampark Kranti Exp,UMB,AMBALA CANT JN,10:15:00,10:20:00,1,,NR,Haryana
12218,CHANDIGARH - KOCHUVELI Kerala Sampark Kranti Exp,NDLS,NEW DELHI,13:25:00,13:45:00,1,,NR,Delhi
12218,CHANDIGARH - KOCHUVELI Kerala Sampark Kranti Exp,NZM,DELHI H NIZAMUDDIN,13:58:00,14:00:00,1,,NR,Delhi
12218,CHANDIGARH - KOCHUVELI Kerala Sampark Kranti Exp,KOTA,KOTA JN,19:45:00,19:55:00,1,,WCR,Rajasthan
12218,CHANDIGARH - KOCHUVELI Kerala Sampark Kranti Exp,RTM,RATLAM JN,00:02:00,00:02:00,2,,WR,Madhya Pradesh
12218,CHANDIGARH - KOCHUVELI Kerala Sampark Kranti Exp,BRC,VADODARA JN,04:00:00,04:20:00,2,,WR,Gujarat
12218,CHANDIGARH - KOCHUVELI Kerala Sampark Kranti Exp,ST,SURAT,06:55:00,06:55:00,2,,WR,Gujarat
12218,CHANDIGARH - KOCHUVELI Kerala Sampark Kranti Exp,PNVL,PANVEL,12:25:00,12:30:00,2,,CR,Maharashtra
12218,CHANDIGARH - KOCHUVELI Kerala Sampark Kranti Exp,MAO,MADGAON,20:55:00,21:05:00,2,,KR,Goa
12218,CHANDIGARH - KOCHUVELI Kerala Sampark Kranti Exp,ERS,ERNAKULAM JN,10:10:00,10:20:00,3,,SR,Kerala
12222,HOWRAH - PUNE AC Duronto Exp,HWH,HOWRAH JN,None,08:20:00,1,,ER,West Bengal
12222,HOWRAH - PUNE AC Duronto Exp,TATA,TATANAGAR JN,11:44:00,11:44:00,1,,SER,Jharkhand
12222,HOWRAH - PUNE AC Duronto Exp,ROU,ROURKELA,13:58:00,13:58:00,1,,SER,Odisha
12222,HOWRAH - PUNE AC Duronto Exp,BSP,BILASPUR JN,18:08:00,18:08:00,1,,SECR,Chhattisgarh
12222,HOWRAH - PUNE AC Duronto Exp,R,RAIPUR JN,19:38:00,19:38:00,1,,SECR,Chhattisgarh
12222,HOWRAH - PUNE AC Duronto Exp,NGP,NAGPUR,23:45:00,23:45:00,1,,SECR,Maharashtra
12222,HOWRAH - PUNE AC Duronto Exp,PUNE,PUNE JN,11:35:00,None,2,,CR,Maharashtra
12121,JABALPUR - DELHI H NIZAMUDDIN S Kranti Exp,JBP,JABALPUR,None,19:10:00,1,,WCR,Madhya Pradesh
12121,JABALPUR - DELHI H NIZAMUDDIN S Kranti Exp,JHS,JHANSI JN,02:30:00,02:40:00,2,,NCR,Uttar Pradesh
12121,JABALPUR - DELHI H NIZAMUDDIN S Kranti Exp,GWL,GWALIOR JN,03:57:00,04:02:00,2,,NCR,Madhya Pradesh
12121,JABALPUR - DELHI H NIZAMUDDIN S Kranti Exp,AGC,AGRA CANTT,06:00:00,06:00:00,2,,NCR,Uttar Pradesh
12121,JABALPUR - DELHI H NIZAMUDDIN S Kranti Exp,NZM,DELHI H NIZAMUDDIN,09:05:00,None,2,,NR,Delhi
12262,HOWRAH - MUMBAI CST AC Duronto Exp,HWH,HOWRAH JN,None,08:20:00,1,,ER,West Bengal
12262,HOWRAH - MUMBAI CST AC Duronto Exp,TATA,TATANAGAR JN,11:42:00,11:42:00,1,,SER,Jharkhand
12262,HOWRAH - MUMBAI CST AC Duronto Exp,ROU,ROURKELA,13:53:00,13:53:00,1,,SER,Odisha
12262,HOWRAH - MUMBAI CST AC Duronto Exp,BSP,BILASPUR JN,17:59:00,17:59:00,1,,SECR,Chhattisgarh
12262,HOWRAH - MUMBAI CST AC Duronto Exp,R,RAIPUR JN,19:28:00,19:28:00,1,,SECR,Chhattisgarh
12262,HOWRAH - MUMBAI CST AC Duronto Exp,NGP,NAGPUR,23:32:00,23:32:00,1,,SECR,Maharashtra
12262,HOWRAH - MUMBAI CST AC Duronto Exp,KYN,KALYAN JN,10:01:00,10:01:00,2,,CR,Maharashtra
12262,HOWRAH - MUMBAI CST AC Duronto Exp,DR,MUMBAI DADAR CENTRAL,10:30:00,10:30:00,2,,CR,Maharashtra
12262,HOWRAH - MUMBAI CST AC Duronto Exp,CSTM,MUMBAI CST,10:30:00,None,2,,CR,Maharashtra
12181,JABALPUR - AJMER Dayodaya Exp,JBP,JABALPUR,None,20:25:00,1,,WCR,Madhya Pradesh
12181,JABALPUR - AJMER Dayodaya Exp,KOTA,KOTA JN,07:35:00,07:55:00,2,,WCR,Rajasthan
12181,JABALPUR - AJMER Dayodaya Exp,JP,JAIPUR,11:40:00,None,2,,NWR,Rajasthan
12550,JAMMU TAWI - DURG SF Exp,JAT,JAMMU TAWI,None,05:00:00,1,,NR,Jammu and Kashmir
12550,JAMMU TAWI - DURG SF Exp,LDH,LUDHIANA JN,09:35:00,09:55:00,1,,NR,Punjab
12550,JAMMU TAWI - DURG SF Exp,UMB,AMBALA CANT JN,11:40:00,11:50:00,1,,NR,Haryana
12550,JAMMU TAWI - DURG SF Exp,AGC,AGRA CANTT,19:05:00,19:10:00,1,,NCR,Uttar Pradesh
12550,JAMMU TAWI - DURG SF Exp,GWL,GWALIOR JN,21:01:00,21:01:00,1,,NCR,Madhya Pradesh
12550,JAMMU TAWI - DURG SF Exp,JHS,JHANSI JN,22:30:00,22:40:00,1,,NCR,Uttar Pradesh
12550,JAMMU TAWI - DURG SF Exp,BSP,BILASPUR JN,11:15:00,11:35:00,2,,SECR,Chhattisgarh
12550,JAMMU TAWI - DURG SF Exp,R,RAIPUR JN,13:10:00,13:20:00,2,,SECR,Chhattisgarh
16315,BANGALORE - KOCHUVELI Exp,SBC,BANGALORE CITY JN,None,17:15:00,1,,SWR,Karnataka
16315,BANGALORE - KOCHUVELI Exp,CBE,COIMBATORE JN,00:15:00,00:20:00,2,,SR,Tamil Nadu
16315,BANGALORE - KOCHUVELI Exp,ERS,ERNAKULAM JN,04:40:00,04:45:00,2,,SR,Kerala
12502,NEW DELHI - GUWAHATI Poorvottar Sampark Kranti Exp,MGS,MUGHAL SARAI JN,None,None,,,ECR,Uttar Pradesh
12502,NEW DELHI - GUWAHATI Poorvottar Sampark Kranti Exp,PNBE,PATNA JN,None,None,,,ECR,Bihar
12502,NEW DELHI - GUWAHATI Poorvottar Sampark Kranti Exp,NDLS,NEW DELHI,None,23:45:00,1,,NR,Delhi
12502,NEW DELHI - GUWAHATI Poorvottar Sampark Kranti Exp,GZB,GHAZIABAD,00:07:00,00:07:00,2,,NR,Uttar Pradesh
12502,NEW DELHI - GUWAHATI Poorvottar Sampark Kranti Exp,ALJN,ALIGARH JN,01:41:00,01:41:00,2,,NCR,Uttar Pradesh
12502,NEW DELHI - GUWAHATI Poorvottar Sampark Kranti Exp,TDL,TUNDLA JN,02:50:00,02:50:00,2,,NCR,Uttar Pradesh
12502,NEW DELHI - GUWAHATI Poorvottar Sampark Kranti Exp,CNB,KANPUR CENTRAL,06:10:00,06:20:00,2,,NCR,Uttar Pradesh
12502,NEW DELHI - GUWAHATI Poorvottar Sampark Kranti Exp,ALD,ALLAHABAD JN,08:50:00,09:00:00,2,,NCR,Uttar Pradesh
12502,NEW DELHI - GUWAHATI Poorvottar Sampark Kranti Exp,NJP,NEW JALPAIGURI,00:05:00,00:20:00,3,,NFR,West Bengal
12502,NEW DELHI - GUWAHATI Poorvottar Sampark Kranti Exp,GHY,GUWAHATI,08:15:00,None,3,,NFR,Assam
12508,GUWAHATI - TRIVANDRUM SF Exp,TVC,TRIVANDRUM CENTRAL,None,None,,,SR,Kerala
12508,GUWAHATI - TRIVANDRUM SF Exp,GHY,GUWAHATI,None,06:30:00,1,,NFR,Assam
12508,GUWAHATI - TRIVANDRUM SF Exp,NJP,NEW JALPAIGURI,14:10:00,14:25:00,1,,NFR,West Bengal
12508,GUWAHATI - TRIVANDRUM SF Exp,BWN,BARDDHAMAN JN,23:14:00,23:14:00,1,,ER,West Bengal
12508,GUWAHATI - TRIVANDRUM SF Exp,HWH,HOWRAH JN,00:45:00,01:05:00,2,,ER,West Bengal
12508,GUWAHATI - TRIVANDRUM SF Exp,CTC,CUTTACK,06:48:00,06:53:00,2,,ECoR,Odisha
12508,GUWAHATI - TRIVANDRUM SF Exp,BBS,BHUBANESWAR,07:55:00,08:00:00,2,,ECoR,Odisha
12508,GUWAHATI - TRIVANDRUM SF Exp,VSKP,VISHAKAPATNAM,15:30:00,15:50:00,2,,ECoR,Andhra Pradesh
12508,GUWAHATI - TRIVANDRUM SF Exp,BZA,VIJAYAWADA JN,21:40:00,21:55:00,2,,SCR,Andhra Pradesh
12508,GUWAHATI - TRIVANDRUM SF Exp,MAS,CHENNAI CENTRAL,04:15:00,04:40:00,3,,SR,Tamil Nadu
12508,GUWAHATI - TRIVANDRUM SF Exp,CBE,COIMBATORE JN,13:20:00,13:25:00,3,,SR,Tamil Nadu
12077,Chennai Vijayawada Jan Shatabdi Express,MAS,CHENNAI CENTRAL,None,07:00:00,1,,SR,Tamil Nadu
12077,Chennai Vijayawada Jan Shatabdi Express,BZA,VIJAYAWADA JN,13:35:00,None,1,,SCR,Andhra Pradesh
15933,Dibrugarh-Amritsar Weekly Express,DBRG,DIBRUGARH,None,07:00:00,1,,NFR,Assam
15933,Dibrugarh-Amritsar Weekly Express,GHY,GUWAHATI,19:45:00,20:00:00,1,,NFR,Assam
15933,Dibrugarh-Amritsar Weekly Express,NJP,NEW JALPAIGURI,03:35:00,03:50:00,2,,NFR,West Bengal
15933,Dibrugarh-Amritsar Weekly Express,LKO,LUCKNOW,06:00:00,06:10:00,3,,NER,Uttar Pradesh
15933,Dibrugarh-Amritsar Weekly Express,BE,BAREILLY,09:27:00,09:30:00,3,,NER,Uttar Pradesh
15933,Dibrugarh-Amritsar Weekly Express,MB,MORADABAD,10:55:00,11:00:00,3,,NR,Uttar Pradesh
15933,Dibrugarh-Amritsar Weekly Express,UMB,AMBALA CANT JN,16:30:00,16:40:00,3,,NR,Haryana
15933,Dibrugarh-Amritsar Weekly Express,LDH,LUDHIANA JN,18:20:00,18:25:00,3,,NR,Punjab
15933,Dibrugarh-Amritsar Weekly Express,ASR,AMRITSAR JN,20:45:00,None,3,,NR,Punjab
15210,AMRITSAR - SAHARSA Jan Seva Exp,ASR,AMRITSAR JN,None,06:40:00,1,,NR,Punjab
15210,AMRITSAR - SAHARSA Jan Seva Exp,LDH,LUDHIANA JN,09:20:00,09:30:00,1,,NR,Punjab
15210,AMRITSAR - SAHARSA Jan Seva Exp,UMB,AMBALA CANT JN,11:25:00,11:35:00,1,,NR,Haryana
15210,AMRITSAR - SAHARSA Jan Seva Exp,MB,MORADABAD,16:25:00,16:35:00,1,,NR,Uttar Pradesh
15210,AMRITSAR - SAHARSA Jan Seva Exp,BE,BAREILLY,18:00:00,18:05:00,1,,NER,Uttar Pradesh
12876,NEW DELHI - PURI Neelanchal SF Exp,NDLS,NEW DELHI,None,06:30:00,1,,NR,Delhi
12876,NEW DELHI - PURI Neelanchal SF Exp,GZB,GHAZIABAD,06:51:00,06:51:00,1,,NR,Uttar Pradesh
12876,NEW DELHI - PURI Neelanchal SF Exp,ALJN,ALIGARH JN,08:20:00,08:23:00,1,,NCR,Uttar Pradesh
12876,NEW DELHI - PURI Neelanchal SF Exp,TDL,TUNDLA JN,09:29:00,09:29:00,1,,NCR,Uttar Pradesh
12876,NEW DELHI - PURI Neelanchal SF Exp,CNB,KANPUR CENTRAL,12:30:00,12:40:00,1,,NCR,Uttar Pradesh
12876,NEW DELHI - PURI Neelanchal SF Exp,LKO,LUCKNOW,14:05:00,14:30:00,1,,NER,Uttar Pradesh
12876,NEW DELHI - PURI Neelanchal SF Exp,MGS,MUGHAL SARAI JN,21:00:00,21:20:00,1,,ECR,Uttar Pradesh
12876,NEW DELHI - PURI Neelanchal SF Exp,GAYA,GAYA JN,00:25:00,00:30:00,2,,ECR,Bihar
12876,NEW DELHI - PURI Neelanchal SF Exp,TATA,TATANAGAR JN,07:30:00,07:45:00,2,,SER,Jharkhand
12876,NEW DELHI - PURI Neelanchal SF Exp,CTC,CUTTACK,14:22:00,14:27:00,2,,ECoR,Odisha
12876,NEW DELHI - PURI Neelanchal SF Exp,BBS,BHUBANESWAR,15:00:00,15:05:00,2,,ECoR,Odisha
12876,NEW DELHI - PURI Neelanchal SF Exp,PURI,PURI,17:10:00,None,2,,ECoR,Odisha
11098,ERNAKULAM - PUNE Poorna Exp,ERS,ERNAKULAM JN,None,23:30:00,1,,SR,Kerala
11098,ERNAKULAM - PUNE Poorna Exp,MAO,MADGAON,15:00:00,15:20:00,2,,KR,Goa
11098,ERNAKULAM - PUNE Poorna Exp,PUNE,PUNE JN,05:05:00,None,3,,CR,Maharashtra
12449,MADGAON - CHANDIGARH Goa Sampark Kranti Exp,NDLS,NEW DELHI,None,None,,,NR,Delhi
12449,MADGAON - CHANDIGARH Goa Sampark Kranti Exp,UMB,AMBALA CANT JN,None,None,,,NR,Haryana
12449,MADGAON - CHANDIGARH Goa Sampark Kranti Exp,CDG,CHANDIGARH,None,None,,,NR,Chandigarh
12449,MADGAON - CHANDIGARH Goa Sampark Kranti Exp,MAO,MADGAON,None,11:20:00,1,,KR,Goa
12449,MADGAON - CHANDIGARH Goa Sampark Kranti Exp,PNVL,PANVEL,19:50:00,19:55:00,1,,CR,Maharashtra
12449,MADGAON - CHANDIGARH Goa Sampark Kranti Exp,ST,SURAT,00:20:00,00:20:00,2,,WR,Gujarat
12449,MADGAON - CHANDIGARH Goa Sampark Kranti Exp,BRC,VADODARA JN,02:10:00,02:28:00,2,,WR,Gujarat
12449,MADGAON - CHANDIGARH Goa Sampark Kranti Exp,RTM,RATLAM JN,06:17:00,06:17:00,2,,WR,Madhya Pradesh
12449,MADGAON - CHANDIGARH Goa Sampark Kranti Exp,KOTA,KOTA JN,10:10:00,10:20:00,2,,WCR,Rajasthan
12449,MADGAON - CHANDIGARH Goa Sampark Kranti Exp,NZM,DELHI H NIZAMUDDIN,16:50:00,None,2,,NR,Delhi
12479,JODHPUR - MUMBAI BANDRA Suryanagari SF Exp,JU,JODHPUR JN,None,18:45:00,1,,NWR,Rajasthan
12479,JODHPUR - MUMBAI BANDRA Suryanagari SF Exp,ADI,AHMEDABAD JN,03:30:00,03:50:00,2,,WR,Gujarat
12479,JODHPUR - MUMBAI BANDRA Suryanagari SF Exp,BRC,VADODARA JN,05:35:00,05:40:00,2,,WR,Gujarat
12479,JODHPUR - MUMBAI BANDRA Suryanagari SF Exp,ST,SURAT,07:28:00,07:33:00,2,,WR,Gujarat
12834,HOWRAH - AHMEDABAD SF EXP,HWH,HOWRAH JN,None,23:55:00,1,,ER,West Bengal
12834,HOWRAH - AHMEDABAD SF EXP,TATA,TATANAGAR JN,03:50:00,03:55:00,2,,SER,Jharkhand
12834,HOWRAH - AHMEDABAD SF EXP,ROU,ROURKELA,06:15:00,06:30:00,2,,SER,Odisha
12834,HOWRAH - AHMEDABAD SF EXP,BSP,BILASPUR JN,11:40:00,11:55:00,2,,SECR,Chhattisgarh
12834,HOWRAH - AHMEDABAD SF EXP,R,RAIPUR JN,13:35:00,13:45:00,2,,SECR,Chhattisgarh
12834,HOWRAH - AHMEDABAD SF EXP,NGP,NAGPUR,19:00:00,19:10:00,2,,SECR,Maharashtra
12834,HOWRAH - AHMEDABAD SF EXP,ST,SURAT,09:02:00,09:12:00,3,,WR,Gujarat
12834,HOWRAH - AHMEDABAD SF EXP,BRC,VADODARA JN,10:55:00,11:00:00,3,,WR,Gujarat
12834,HOWRAH - AHMEDABAD SF EXP,ADI,AHMEDABAD JN,13:25:00,None,3,,WR,Gujarat
12515,RIVANDRUM - GUWAHATI Exp,TVC,TRIVANDRUM CENTRAL,None,12:50:00,1,,SR,Kerala
12515,RIVANDRUM - GUWAHATI Exp,CBE,COIMBATORE JN,21:30:00,21:35:00,1,,SR,Tamil Nadu
12515,RIVANDRUM - GUWAHATI Exp,MAS,CHENNAI CENTRAL,05:40:00,06:20:00,2,,SR,Tamil Nadu
12515,RIVANDRUM - GUWAHATI Exp,BZA,VIJAYAWADA JN,13:05:00,13:20:00,2,,SCR,Andhra Pradesh
12515,RIVANDRUM - GUWAHATI Exp,VSKP,VISHAKAPATNAM,19:25:00,19:45:00,2,,ECoR,Andhra Pradesh
12515,RIVANDRUM - GUWAHATI Exp,BBS,BHUBANESWAR,02:15:00,02:25:00,3,,ECoR,Odisha
12515,RIVANDRUM - GUWAHATI Exp,CTC,CUTTACK,03:11:00,03:16:00,3,,ECoR,Odisha
12515,RIVANDRUM - GUWAHATI Exp,HWH,HOWRAH JN,10:55:00,11:15:00,3,,ER,West Bengal
12515,RIVANDRUM - GUWAHATI Exp,BWN,BARDDHAMAN JN,12:35:00,12:35:00,3,,ER,West Bengal
12515,RIVANDRUM - GUWAHATI Exp,NJP,NEW JALPAIGURI,21:30:00,21:45:00,3,,NFR,West Bengal
12515,RIVANDRUM - GUWAHATI Exp,GHY,GUWAHATI,05:50:00,None,4,,NFR,Assam
12657,CHENNAI - BANGALORE Mail,MAS,CHENNAI CENTRAL,None,23:15:00,1,,SR,Tamil Nadu
12657,CHENNAI - BANGALORE Mail,SBC,BANGALORE CITY JN,05:10:00,None,2,,SWR,Karnataka
12603,Chennai - Hyderabad Express,MAS,CHENNAI CENTRAL,None,16:45:00,1,,SR,Tamil Nadu
12603,Chennai - Hyderabad Express,SC,SECUNDERABAD JN,05:15:00,05:20:00,2,,SCR,Telangana
12603,Chennai - Hyderabad Express,HYB,HYDERABAD DECCAN,05:45:00,None,2,,SCR,Andhra Pradesh
12780,DELHI H NIZAMUDDIN - VASCO DA GAMA Goa Exp,NZM,DELHI H NIZAMUDDIN,None,15:05:00,1,,NR,Delhi
12780,DELHI H NIZAMUDDIN - VASCO DA GAMA Goa Exp,AGC,AGRA CANTT,17:45:00,17:50:00,1,,NCR,Uttar Pradesh
12780,DELHI H NIZAMUDDIN - VASCO DA GAMA Goa Exp,GWL,GWALIOR JN,19:35:00,19:38:00,1,,NCR,Madhya Pradesh
12780,DELHI H NIZAMUDDIN - VASCO DA GAMA Goa Exp,JHS,JHANSI JN,21:10:00,21:22:00,1,,NCR,Uttar Pradesh
12780,DELHI H NIZAMUDDIN - VASCO DA GAMA Goa Exp,BPL,BHOPAL JN,01:10:00,01:20:00,2,,WCR,Madhya Pradesh
12780,DELHI H NIZAMUDDIN - VASCO DA GAMA Goa Exp,ET,ITARSI JN,02:50:00,02:55:00,2,,WCR,Madhya Pradesh
12780,DELHI H NIZAMUDDIN - VASCO DA GAMA Goa Exp,PUNE,PUNE JN,16:20:00,16:30:00,2,,CR,Maharashtra
15651,GUWAHATI - JAMMU TAWI Lohit Exp,GHY,GUWAHATI,None,13:15:00,1,,NFR,Assam
15651,GUWAHATI - JAMMU TAWI Lohit Exp,NJP,NEW JALPAIGURI,21:25:00,21:40:00,1,,NFR,West Bengal
15651,GUWAHATI - JAMMU TAWI Lohit Exp,LKO,LUCKNOW,19:30:00,19:40:00,2,,NER,Uttar Pradesh
15651,GUWAHATI - JAMMU TAWI Lohit Exp,BE,BAREILLY,23:15:00,23:20:00,2,,NER,Uttar Pradesh
15651,GUWAHATI - JAMMU TAWI Lohit Exp,MB,MORADABAD,00:55:00,01:05:00,3,,NR,Uttar Pradesh
15651,GUWAHATI - JAMMU TAWI Lohit Exp,UMB,AMBALA CANT JN,05:35:00,05:43:00,3,,NR,Haryana
15651,GUWAHATI - JAMMU TAWI Lohit Exp,LDH,LUDHIANA JN,07:25:00,07:35:00,3,,NR,Punjab
15651,GUWAHATI - JAMMU TAWI Lohit Exp,JAT,JAMMU TAWI,12:20:00,None,3,,NR,Jammu and Kashmir
04012,H. Nizamuddin - Sainagar Shirdi (Weekly) Special,NZM,DELHI H NIZAMUDDIN,None,00:20:00,1,,NR,Delhi
04012,H. Nizamuddin - Sainagar Shirdi (Weekly) Special,AGC,AGRA CANTT,03:35:00,03:40:00,1,,NCR,Uttar Pradesh
04012,H. Nizamuddin - Sainagar Shirdi (Weekly) Special,GWL,GWALIOR JN,05:05:00,05:10:00,1,,NCR,Madhya Pradesh
04012,H. Nizamuddin - Sainagar Shirdi (Weekly) Special,JHS,JHANSI JN,06:35:00,06:40:00,1,,NCR,Uttar Pradesh
04012,H. Nizamuddin - Sainagar Shirdi (Weekly) Special,BPL,BHOPAL JN,11:10:00,11:15:00,1,,WCR,Madhya Pradesh
04012,H. Nizamuddin - Sainagar Shirdi (Weekly) Special,ET,ITARSI JN,13:20:00,13:30:00,1,,WCR,Madhya Pradesh
15640,GUWAHATI - PURI Exp,GHY,GUWAHATI,None,18:45:00,1,,NFR,Assam
15640,GUWAHATI - PURI Exp,NJP,NEW JALPAIGURI,03:05:00,03:20:00,2,,NFR,West Bengal
15640,GUWAHATI - PURI Exp,ASN,ASANSOL JN,15:05:00,15:20:00,2,,ER,West Bengal
15640,GUWAHATI - PURI Exp,CTC,CUTTACK,00:18:00,00:23:00,3,,ECoR,Odisha
15640,GUWAHATI - PURI Exp,BBS,BHUBANESWAR,01:00:00,01:05:00,3,,ECoR,Odisha
15640,GUWAHATI - PURI Exp,PURI,PURI,03:20:00,None,3,,ECoR,Odisha
15902,DIBRUGARH - BENGALURU CITY Weekly Exp,SBC,BANGALORE CITY JN,None,None,,,SWR,Karnataka
15902,DIBRUGARH - BENGALURU CITY Weekly Exp,DBRG,DIBRUGARH,None,18:30:00,1,,NFR,Assam
15902,DIBRUGARH - BENGALURU CITY Weekly Exp,GHY,GUWAHATI,04:55:00,05:15:00,2,,NFR,Assam
15902,DIBRUGARH - BENGALURU CITY Weekly Exp,NJP,NEW JALPAIGURI,14:10:00,14:25:00,2,,NFR,West Bengal
15902,DIBRUGARH - BENGALURU CITY Weekly Exp,BWN,BARDDHAMAN JN,23:18:00,23:18:00,2,,ER,West Bengal
15902,DIBRUGARH - BENGALURU CITY Weekly Exp,HWH,HOWRAH JN,00:45:00,01:05:00,3,,ER,West Bengal
15902,DIBRUGARH - BENGALURU CITY Weekly Exp,CTC,CUTTACK,06:48:00,06:53:00,3,,ECoR,Odisha
15902,DIBRUGARH - BENGALURU CITY Weekly Exp,BBS,BHUBANESWAR,07:55:00,08:00:00,3,,ECoR,Odisha
15902,DIBRUGARH - BENGALURU CITY Weekly Exp,VSKP,VISHAKAPATNAM,15:30:00,15:50:00,3,,ECoR,Andhra Pradesh
15902,DIBRUGARH - BENGALURU CITY Weekly Exp,BZA,VIJAYAWADA JN,21:40:00,21:55:00,3,,SCR,Andhra Pradesh
15228,MUZAFFARPUR - YESVANTPUR Weekly Exp,MFP,MUZAFFARPUR JN,None,07:25:00,1,,ECR,Bihar
15228,MUZAFFARPUR - YESVANTPUR Weekly Exp,BWN,BARDDHAMAN JN,20:47:00,20:47:00,1,,ER,West Bengal
15228,MUZAFFARPUR - YESVANTPUR Weekly Exp,HWH,HOWRAH JN,22:55:00,23:15:00,1,,ER,West Bengal
15228,MUZAFFARPUR - YESVANTPUR Weekly Exp,CTC,CUTTACK,05:50:00,05:55:00,2,,ECoR,Odisha
15228,MUZAFFARPUR - YESVANTPUR Weekly Exp,BBS,BHUBANESWAR,06:40:00,06:45:00,2,,ECoR,Odisha
15228,MUZAFFARPUR - YESVANTPUR Weekly Exp,VSKP,VISHAKAPATNAM,14:20:00,14:40:00,2,,ECoR,Andhra Pradesh
15228,MUZAFFARPUR - YESVANTPUR Weekly Exp,BZA,VIJAYAWADA JN,20:40:00,20:55:00,2,,SCR,Andhra Pradesh
15228,MUZAFFARPUR - YESVANTPUR Weekly Exp,MAS,CHENNAI CENTRAL,03:55:00,04:15:00,3,,SR,Tamil Nadu
12492,JAMMU TAWI - BARAUNI Maur Dhwaj Express,JAT,JAMMU TAWI,None,20:15:00,1,,NR,Jammu and Kashmir
12492,JAMMU TAWI - BARAUNI Maur Dhwaj Express,LDH,LUDHIANA JN,00:25:00,00:35:00,2,,NR,Punjab
12492,JAMMU TAWI - BARAUNI Maur Dhwaj Express,UMB,AMBALA CANT JN,02:20:00,02:30:00,2,,NR,Haryana
12492,JAMMU TAWI - BARAUNI Maur Dhwaj Express,MB,MORADABAD,06:45:00,06:55:00,2,,NR,Uttar Pradesh
12492,JAMMU TAWI - BARAUNI Maur Dhwaj Express,BE,BAREILLY,08:15:00,08:20:00,2,,NER,Uttar Pradesh
12492,JAMMU TAWI - BARAUNI Maur Dhwaj Express,MFP,MUZAFFARPUR JN,00:30:00,None,3,,ECR,Bihar
12871,HOWRAH - TITLAGARH Ispat Exp,HWH,HOWRAH JN,None,06:55:00,1,,ER,West Bengal
12871,HOWRAH - TITLAGARH Ispat Exp,TATA,TATANAGAR JN,10:40:00,10:45:00,1,,SER,Jharkhand
12871,HOWRAH - TITLAGARH Ispat Exp,ROU,ROURKELA,13:35:00,13:55:00,1,,SER,Odisha
12484,AMRITSAR - KOCHUVELI SF Exp,ASR,AMRITSAR JN,None,06:05:00,1,,NR,Punjab
12484,AMRITSAR - KOCHUVELI SF Exp,LDH,LUDHIANA JN,08:10:00,08:20:00,1,,NR,Punjab
12484,AMRITSAR - KOCHUVELI SF Exp,UMB,AMBALA CANT JN,10:05:00,10:15:00,1,,NR,Haryana
12484,AMRITSAR - KOCHUVELI SF Exp,NDLS,NEW DELHI,13:25:00,13:45:00,1,,NR,Delhi
12484,AMRITSAR - KOCHUVELI SF Exp,NZM,DELHI H NIZAMUDDIN,13:58:00,14:00:00,1,,NR,Delhi
12484,AMRITSAR - KOCHUVELI SF Exp,KOTA,KOTA JN,19:45:00,19:55:00,1,,WCR,Rajasthan
12484,AMRITSAR - KOCHUVELI SF Exp,RTM,RATLAM JN,00:00:00,00:00:00,2,,WR,Madhya Pradesh
12484,AMRITSAR - KOCHUVELI SF Exp,BRC,VADODARA JN,04:00:00,04:20:00,2,,WR,Gujarat
12484,AMRITSAR - KOCHUVELI SF Exp,ST,SURAT,06:25:00,06:30:00,2,,WR,Gujarat
12484,AMRITSAR - KOCHUVELI SF Exp,PNVL,PANVEL,12:25:00,12:30:00,2,,CR,Maharashtra
12484,AMRITSAR - KOCHUVELI SF Exp,MAO,MADGAON,21:40:00,21:50:00,2,,KR,Goa
12484,AMRITSAR - KOCHUVELI SF Exp,ERS,ERNAKULAM JN,10:50:00,11:00:00,3,,SR,Kerala
14314,BAREILLY - MUMBAI LTT Weekly Exp,BE,BAREILLY,None,10:45:00,1,,NER,Uttar Pradesh
14314,BAREILLY - MUMBAI LTT Weekly Exp,ALJN,ALIGARH JN,15:38:00,15:43:00,1,,NCR,Uttar Pradesh
14314,BAREILLY - MUMBAI LTT Weekly Exp,TDL,TUNDLA JN,16:40:00,17:45:00,1,,NCR,Uttar Pradesh
14314,BAREILLY - MUMBAI LTT Weekly Exp,AGC,AGRA CANTT,19:00:00,19:10:00,1,,NCR,Uttar Pradesh
14314,BAREILLY - MUMBAI LTT Weekly Exp,GWL,GWALIOR JN,20:50:00,20:55:00,1,,NCR,Madhya Pradesh
14314,BAREILLY - MUMBAI LTT Weekly Exp,JHS,JHANSI JN,22:30:00,22:40:00,1,,NCR,Uttar Pradesh
14314,BAREILLY - MUMBAI LTT Weekly Exp,BPL,BHOPAL JN,04:25:00,04:30:00,2,,WCR,Madhya Pradesh
14314,BAREILLY - MUMBAI LTT Weekly Exp,ET,ITARSI JN,06:50:00,07:00:00,2,,WCR,Madhya Pradesh
14314,BAREILLY - MUMBAI LTT Weekly Exp,KYN,KALYAN JN,19:00:00,19:05:00,2,,CR,Maharashtra
12617,ERNAKULAM - NEW DELHI H NIZAMUDDIN Mangala Lakshadweep Exp,ERS,ERNAKULAM JN,None,13:10:00,1,,SR,Kerala
12617,ERNAKULAM - NEW DELHI H NIZAMUDDIN Mangala Lakshadweep Exp,MAO,MADGAON,03:10:00,03:20:00,2,,KR,Goa
12617,ERNAKULAM - NEW DELHI H NIZAMUDDIN Mangala Lakshadweep Exp,PNVL,PANVEL,12:55:00,13:00:00,2,,CR,Maharashtra
12617,ERNAKULAM - NEW DELHI H NIZAMUDDIN Mangala Lakshadweep Exp,KYN,KALYAN JN,13:45:00,13:50:00,2,,CR,Maharashtra
12617,ERNAKULAM - NEW DELHI H NIZAMUDDIN Mangala Lakshadweep Exp,ET,ITARSI JN,01:00:00,01:05:00,3,,WCR,Madhya Pradesh
12617,ERNAKULAM - NEW DELHI H NIZAMUDDIN Mangala Lakshadweep Exp,BPL,BHOPAL JN,02:40:00,02:50:00,3,,WCR,Madhya Pradesh
12617,ERNAKULAM - NEW DELHI H NIZAMUDDIN Mangala Lakshadweep Exp,JHS,JHANSI JN,06:45:00,06:55:00,3,,NCR,Uttar Pradesh
12617,ERNAKULAM - NEW DELHI H NIZAMUDDIN Mangala Lakshadweep Exp,GWL,GWALIOR JN,08:10:00,08:15:00,3,,NCR,Madhya Pradesh
12617,ERNAKULAM - NEW DELHI H NIZAMUDDIN Mangala Lakshadweep Exp,AGC,AGRA CANTT,10:10:00,10:18:00,3,,NCR,Uttar Pradesh
12617,ERNAKULAM - NEW DELHI H NIZAMUDDIN Mangala Lakshadweep Exp,NZM,DELHI H NIZAMUDDIN,13:10:00,None,3,,NR,Delhi
12831,DHANBAD - BHUBANESWAR Garib Rath Exp,DHN,DHANBAD JN,None,16:00:00,1,,ECR,Jharkhand
12831,DHANBAD - BHUBANESWAR Garib Rath Exp,ROU,ROURKELA,23:30:00,23:40:00,1,,SER,Odisha
12831,DHANBAD - BHUBANESWAR Garib Rath Exp,CTC,CUTTACK,07:00:00,07:05:00,2,,ECoR,Odisha
12831,DHANBAD - BHUBANESWAR Garib Rath Exp,BBS,BHUBANESWAR,08:15:00,None,2,,ECoR,Odisha
12607,CHENNAI CENTRAL - BANGALORE Lalbagh Exp,MAS,CHENNAI CENTRAL,None,15:35:00,1,,SR,Tamil Nadu
12607,CHENNAI CENTRAL - BANGALORE Lalbagh Exp,SBC,BANGALORE CITY JN,21:35:00,None,1,,SWR,Karnataka
64091,Nizamuddin Nizamuddin Parikrama EMU,NZM,DELHI H NIZAMUDDIN,None,08:00:00,1,,NR,Delhi
64091,Nizamuddin Nizamuddin Parikrama EMU,NDLS,NEW DELHI,09:21:00,09:23:00,1,,NR,Delhi
12408,AMRITSAR - NEW JALPAIGURI Karmabhoomi Exp,ASR,AMRITSAR JN,None,09:30:00,1,,NR,Punjab
12408,AMRITSAR - NEW JALPAIGURI Karmabhoomi Exp,LDH,LUDHIANA JN,11:45:00,11:55:00,1,,NR,Punjab
12408,AMRITSAR - NEW JALPAIGURI Karmabhoomi Exp,UMB,AMBALA CANT JN,13:45:00,13:50:00,1,,NR,Haryana
12408,AMRITSAR - NEW JALPAIGURI Karmabhoomi Exp,MB,MORADABAD,17:55:00,18:05:00,1,,NR,Uttar Pradesh
12408,AMRITSAR - NEW JALPAIGURI Karmabhoomi Exp,BE,BAREILLY,19:48:00,19:48:00,1,,NER,Uttar Pradesh
12408,AMRITSAR - NEW JALPAIGURI Karmabhoomi Exp,MFP,MUZAFFARPUR JN,10:20:00,10:25:00,2,,ECR,Bihar
12408,AMRITSAR - NEW JALPAIGURI Karmabhoomi Exp,NJP,NEW JALPAIGURI,18:35:00,None,2,,NFR,West Bengal
12791,SECUNDERABAD - DANAPUR SF EXP,SC,SECUNDERABAD JN,None,10:00:00,1,,SCR,Telangana
12791,SECUNDERABAD - DANAPUR SF EXP,NGP,NAGPUR,19:20:00,19:30:00,1,,SECR,Maharashtra
12791,SECUNDERABAD - DANAPUR SF EXP,ET,ITARSI JN,00:25:00,00:45:00,2,,WCR,Madhya Pradesh
12791,SECUNDERABAD - DANAPUR SF EXP,JBP,JABALPUR,04:10:00,04:20:00,2,,WCR,Madhya Pradesh
12791,SECUNDERABAD - DANAPUR SF EXP,ALD,ALLAHABAD JN,10:55:00,11:25:00,2,,NCR,Uttar Pradesh
12791,SECUNDERABAD - DANAPUR SF EXP,MGS,MUGHAL SARAI JN,15:15:00,15:30:00,2,,ECR,Uttar Pradesh
12424,NEW DELHI - DIBRUGARH TOWN Rajdhani Exp,NDLS,NEW DELHI,None,14:00:00,1,,NR,Delhi
12424,NEW DELHI - DIBRUGARH TOWN Rajdhani Exp,GZB,GHAZIABAD,14:16:00,14:16:00,1,,NR,Uttar Pradesh
12424,NEW DELHI - DIBRUGARH TOWN Rajdhani Exp,ALJN,ALIGARH JN,15:23:00,15:23:00,1,,NCR,Uttar Pradesh
12424,NEW DELHI - DIBRUGARH TOWN Rajdhani Exp,TDL,TUNDLA JN,16:12:00,16:12:00,1,,NCR,Uttar Pradesh
12424,NEW DELHI - DIBRUGARH TOWN Rajdhani Exp,CNB,KANPUR CENTRAL,18:34:00,18:39:00,1,,NCR,Uttar Pradesh
12424,NEW DELHI - DIBRUGARH TOWN Rajdhani Exp,ALD,ALLAHABAD JN,20:39:00,20:42:00,1,,NCR,Uttar Pradesh
12424,NEW DELHI - DIBRUGARH TOWN Rajdhani Exp,MGS,MUGHAL SARAI JN,22:45:00,23:00:00,1,,ECR,Uttar Pradesh
12424,NEW DELHI - DIBRUGARH TOWN Rajdhani Exp,PNBE,PATNA JN,02:00:00,02:10:00,2,,ECR,Bihar
12424,NEW DELHI - DIBRUGARH TOWN Rajdhani Exp,NJP,NEW JALPAIGURI,10:45:00,11:05:00,2,,NFR,West Bengal
12424,NEW DELHI - DIBRUGARH TOWN Rajdhani Exp,GHY,GUWAHATI,17:20:00,18:05:00,2,,NFR,Assam
13071,Jamalpur Express,HWH,HOWRAH JN,None,21:35:00,1,,ER,West Bengal
13071,Jamalpur Express,BWN,BARDDHAMAN JN,22:45:00,22:50:00,1,,ER,West Bengal
12642,D H NIZAMUDDIN - KANYAKUMARI Thirukkural Exp,NZM,DELHI H NIZAMUDDIN,None,06:00:00,1,,NR,Delhi
12642,D H NIZAMUDDIN - KANYAKUMARI Thirukkural Exp,AGC,AGRA CANTT,09:10:00,09:15:00,1,,NCR,Uttar Pradesh
12642,D H NIZAMUDDIN - KANYAKUMARI Thirukkural Exp,GWL,GWALIOR JN,11:11:00,11:11:00,1,,NCR,Madhya Pradesh
12642,D H NIZAMUDDIN - KANYAKUMARI Thirukkural Exp,JHS,JHANSI JN,12:45:00,12:55:00,1,,NCR,Uttar Pradesh
12642,D H NIZAMUDDIN - KANYAKUMARI Thirukkural Exp,BPL,BHOPAL JN,17:10:00,17:15:00,1,,WCR,Madhya Pradesh
12642,D H NIZAMUDDIN - KANYAKUMARI Thirukkural Exp,ET,ITARSI JN,19:00:00,19:10:00,1,,WCR,Madhya Pradesh
12642,D H NIZAMUDDIN - KANYAKUMARI Thirukkural Exp,NGP,NAGPUR,23:15:00,23:25:00,1,,SECR,Maharashtra
12642,D H NIZAMUDDIN - KANYAKUMARI Thirukkural Exp,BZA,VIJAYAWADA JN,10:35:00,10:50:00,2,,SCR,Andhra Pradesh
12642,D H NIZAMUDDIN - KANYAKUMARI Thirukkural Exp,MS,CHENNAI EGMORE,18:05:00,18:30:00,2,,SR,Tamil Nadu
12875,PURI - NEW DELHI Neelanchal SF Exp,PURI,PURI,None,10:55:00,1,,ECoR,Odisha
12875,PURI - NEW DELHI Neelanchal SF Exp,BBS,BHUBANESWAR,12:25:00,12:30:00,1,,ECoR,Odisha
12875,PURI - NEW DELHI Neelanchal SF Exp,CTC,CUTTACK,13:05:00,13:10:00,1,,ECoR,Odisha
12875,PURI - NEW DELHI Neelanchal SF Exp,TATA,TATANAGAR JN,19:45:00,19:55:00,1,,SER,Jharkhand
12875,PURI - NEW DELHI Neelanchal SF Exp,GAYA,GAYA JN,03:10:00,03:15:00,2,,ECR,Bihar
12875,PURI - NEW DELHI Neelanchal SF Exp,MGS,MUGHAL SARAI JN,06:30:00,06:50:00,2,,ECR,Uttar Pradesh
12875,PURI - NEW DELHI Neelanchal SF Exp,LKO,LUCKNOW,13:15:00,13:45:00,2,,NER,Uttar Pradesh
12875,PURI - NEW DELHI Neelanchal SF Exp,CNB,KANPUR CENTRAL,15:20:00,15:25:00,2,,NCR,Uttar Pradesh
12875,PURI - NEW DELHI Neelanchal SF Exp,TDL,TUNDLA JN,18:03:00,18:03:00,2,,NCR,Uttar Pradesh
12875,PURI - NEW DELHI Neelanchal SF Exp,ALJN,ALIGARH JN,19:16:00,19:18:00,2,,NCR,Uttar Pradesh
12875,PURI - NEW DELHI Neelanchal SF Exp,GZB,GHAZIABAD,20:57:00,20:59:00,2,,NR,Uttar Pradesh
12875,PURI - NEW DELHI Neelanchal SF Exp,NDLS,NEW DELHI,21:40:00,None,2,,NR,Delhi
12870,HOWRAH - MUMBAI CST SF Exp,HWH,HOWRAH JN,None,14:35:00,1,,ER,West Bengal
12870,HOWRAH - MUMBAI CST SF Exp,TATA,TATANAGAR JN,18:05:00,18:10:00,1,,SER,Jharkhand
12870,HOWRAH - MUMBAI CST SF Exp,ROU,ROURKELA,20:30:00,20:35:00,1,,SER,Odisha
12870,HOWRAH - MUMBAI CST SF Exp,BSP,BILASPUR JN,01:05:00,01:20:00,2,,SECR,Chhattisgarh
12870,HOWRAH - MUMBAI CST SF Exp,R,RAIPUR JN,02:55:00,03:05:00,2,,SECR,Chhattisgarh
12870,HOWRAH - MUMBAI CST SF Exp,NGP,NAGPUR,08:20:00,08:30:00,2,,SECR,Maharashtra
12870,HOWRAH - MUMBAI CST SF Exp,KYN,KALYAN JN,22:10:00,22:15:00,2,,CR,Maharashtra
12870,HOWRAH - MUMBAI CST SF Exp,DR,MUMBAI DADAR CENTRAL,22:59:00,23:00:00,2,,CR,Maharashtra
12870,HOWRAH - MUMBAI CST SF Exp,CSTM,MUMBAI CST,23:30:00,None,2,,CR,Maharashtra
12618,NEW DELHI H NIZAMUDDIN - ERNAKULAM Mangala Lakshadweep Exp,NZM,DELHI H NIZAMUDDIN,None,09:20:00,1,,NR,Delhi
12618,NEW DELHI H NIZAMUDDIN - ERNAKULAM Mangala Lakshadweep Exp,AGC,AGRA CANTT,12:20:00,12:25:00,1,,NCR,Uttar Pradesh
12618,NEW DELHI H NIZAMUDDIN - ERNAKULAM Mangala Lakshadweep Exp,GWL,GWALIOR JN,14:00:00,14:05:00,1,,NCR,Madhya Pradesh
12618,NEW DELHI H NIZAMUDDIN - ERNAKULAM Mangala Lakshadweep Exp,JHS,JHANSI JN,15:25:00,15:35:00,1,,NCR,Uttar Pradesh
12618,NEW DELHI H NIZAMUDDIN - ERNAKULAM Mangala Lakshadweep Exp,BPL,BHOPAL JN,19:45:00,19:55:00,1,,WCR,Madhya Pradesh
12618,NEW DELHI H NIZAMUDDIN - ERNAKULAM Mangala Lakshadweep Exp,ET,ITARSI JN,21:45:00,21:50:00,1,,WCR,Madhya Pradesh
12618,NEW DELHI H NIZAMUDDIN - ERNAKULAM Mangala Lakshadweep Exp,KYN,KALYAN JN,08:30:00,08:35:00,2,,CR,Maharashtra
12618,NEW DELHI H NIZAMUDDIN - ERNAKULAM Mangala Lakshadweep Exp,PNVL,PANVEL,09:25:00,09:30:00,2,,CR,Maharashtra
12618,NEW DELHI H NIZAMUDDIN - ERNAKULAM Mangala Lakshadweep Exp,MAO,MADGAON,19:25:00,19:35:00,2,,KR,Goa
12618,NEW DELHI H NIZAMUDDIN - ERNAKULAM Mangala Lakshadweep Exp,ERS,ERNAKULAM JN,10:00:00,None,3,,SR,Kerala
12514,GUWAHATI - SECUNDERABAD Exp,GHY,GUWAHATI,None,06:30:00,1,,NFR,Assam
12514,GUWAHATI - SECUNDERABAD Exp,NJP,NEW JALPAIGURI,14:10:00,14:25:00,1,,NFR,West Bengal
12514,GUWAHATI - SECUNDERABAD Exp,BWN,BARDDHAMAN JN,23:14:00,23:14:00,1,,ER,West Bengal
12514,GUWAHATI - SECUNDERABAD Exp,HWH,HOWRAH JN,00:45:00,01:05:00,2,,ER,West Bengal
12514,GUWAHATI - SECUNDERABAD Exp,CTC,CUTTACK,06:48:00,06:53:00,2,,ECoR,Odisha
12514,GUWAHATI - SECUNDERABAD Exp,BBS,BHUBANESWAR,07:55:00,08:00:00,2,,ECoR,Odisha
12514,GUWAHATI - SECUNDERABAD Exp,VSKP,VISHAKAPATNAM,15:30:00,15:50:00,2,,ECoR,Andhra Pradesh
12514,GUWAHATI - SECUNDERABAD Exp,BZA,VIJAYAWADA JN,21:40:00,21:55:00,2,,SCR,Andhra Pradesh
12514,GUWAHATI - SECUNDERABAD Exp,SC,SECUNDERABAD JN,04:20:00,None,3,,SCR,Telangana
12845,BHUBANESWAR - BENGALURU CANTT SF Exp,BBS,BHUBANESWAR,None,07:30:00,1,,ECoR,Odisha
12845,BHUBANESWAR - BENGALURU CANTT SF Exp,VSKP,VISHAKAPATNAM,14:20:00,14:40:00,1,,ECoR,Andhra Pradesh
12845,BHUBANESWAR - BENGALURU CANTT SF Exp,BZA,VIJAYAWADA JN,20:40:00,20:55:00,1,,SCR,Andhra Pradesh
14630,Firozpur Ludhiana Sutlej Express,FZR,FIROZPUR CANT,None,17:20:00,1,,NR,Punjab
14630,Firozpur Ludhiana Sutlej Express,LDH,LUDHIANA JN,19:55:00,None,1,,NR,Punjab
12440,NEW DELHI - RANCHI Rajdhani Exp,NDLS,NEW DELHI,None,16:10:00,1,,NR,Delhi
12440,NEW DELHI - RANCHI Rajdhani Exp,GZB,GHAZIABAD,16:27:00,16:27:00,1,,NR,Uttar Pradesh
12440,NEW DELHI - RANCHI Rajdhani Exp,ALJN,ALIGARH JN,17:37:00,17:37:00,1,,NCR,Uttar Pradesh
12440,NEW DELHI - RANCHI Rajdhani Exp,TDL,TUNDLA JN,18:28:00,18:28:00,1,,NCR,Uttar Pradesh
12440,NEW DELHI - RANCHI Rajdhani Exp,CNB,KANPUR CENTRAL,21:00:00,21:05:00,1,,NCR,Uttar Pradesh
12440,NEW DELHI - RANCHI Rajdhani Exp,ALD,ALLAHABAD JN,23:27:00,23:27:00,1,,NCR,Uttar Pradesh
12440,NEW DELHI - RANCHI Rajdhani Exp,MGS,MUGHAL SARAI JN,01:18:00,01:28:00,2,,ECR,Uttar Pradesh
12440,NEW DELHI - RANCHI Rajdhani Exp,GAYA,GAYA JN,03:27:00,03:30:00,2,,ECR,Bihar
15639,PURI - GUWAHATI Exp,PURI,PURI,None,14:05:00,1,,ECoR,Odisha
15639,PURI - GUWAHATI Exp,BBS,BHUBANESWAR,15:35:00,15:40:00,1,,ECoR,Odisha
15639,PURI - GUWAHATI Exp,CTC,CUTTACK,16:07:00,16:12:00,1,,ECoR,Odisha
15639,PURI - GUWAHATI Exp,ASN,ASANSOL JN,01:52:00,02:00:00,2,,ER,West Bengal
15639,PURI - GUWAHATI Exp,NJP,NEW JALPAIGURI,12:40:00,12:55:00,2,,NFR,West Bengal
15639,PURI - GUWAHATI Exp,GHY,GUWAHATI,22:00:00,None,2,,NFR,Assam
12669,CHENNAI CENTRAL - CHHAPRA Ganga Kaveri Exp,MAS,CHENNAI CENTRAL,None,17:35:00,1,,SR,Tamil Nadu
12669,CHENNAI CENTRAL - CHHAPRA Ganga Kaveri Exp,BZA,VIJAYAWADA JN,00:10:00,00:20:00,2,,SCR,Andhra Pradesh
12669,CHENNAI CENTRAL - CHHAPRA Ganga Kaveri Exp,NGP,NAGPUR,11:45:00,11:55:00,2,,SECR,Maharashtra
12669,CHENNAI CENTRAL - CHHAPRA Ganga Kaveri Exp,ET,ITARSI JN,16:45:00,17:10:00,2,,WCR,Madhya Pradesh
12669,CHENNAI CENTRAL - CHHAPRA Ganga Kaveri Exp,JBP,JABALPUR,21:05:00,21:15:00,2,,WCR,Madhya Pradesh
12669,CHENNAI CENTRAL - CHHAPRA Ganga Kaveri Exp,ALD,ALLAHABAD JN,03:50:00,04:15:00,3,,NCR,Uttar Pradesh
16126,JODHPUR - CHENNAI EGMORE Exp,JU,JODHPUR JN,None,21:15:00,1,,NWR,Rajasthan
16126,JODHPUR - CHENNAI EGMORE Exp,ADI,AHMEDABAD JN,06:25:00,06:50:00,2,,WR,Gujarat
16126,JODHPUR - CHENNAI EGMORE Exp,BRC,VADODARA JN,08:50:00,08:55:00,2,,WR,Gujarat
16126,JODHPUR - CHENNAI EGMORE Exp,ST,SURAT,10:50:00,11:00:00,2,,WR,Gujarat
16126,JODHPUR - CHENNAI EGMORE Exp,BZA,VIJAYAWADA JN,09:40:00,09:55:00,3,,SCR,Andhra Pradesh
16126,JODHPUR - CHENNAI EGMORE Exp,MS,CHENNAI EGMORE,16:55:00,None,3,,SR,Tamil Nadu
19712,Bhopal Jaipur Express,BPL,BHOPAL JN,None,16:50:00,1,,WCR,Madhya Pradesh
19712,Bhopal Jaipur Express,RTM,RATLAM JN,22:20:00,22:40:00,1,,WR,Madhya Pradesh
19712,Bhopal Jaipur Express,JP,JAIPUR,09:25:00,None,2,,NWR,Rajasthan
12958,New Delhi-Ahmedabad Swarna Jayanti Rajdhani Expres,NDLS,NEW DELHI,None,19:55:00,1,,NR,Delhi
12958,New Delhi-Ahmedabad Swarna Jayanti Rajdhani Expres,JP,JAIPUR,00:30:00,00:35:00,2,,NWR,Rajasthan
12958,New Delhi-Ahmedabad Swarna Jayanti Rajdhani Expres,ADI,AHMEDABAD JN,09:35:00,None,2,,WR,Gujarat
15654,JAMMU TAWI - GUWAHATI Amarnath Exp,JAT,JAMMU TAWI,None,22:45:00,1,,NR,Jammu and Kashmir
15654,JAMMU TAWI - GUWAHATI Amarnath Exp,LDH,LUDHIANA JN,03:25:00,03:35:00,2,,NR,Punjab
15654,JAMMU TAWI - GUWAHATI Amarnath Exp,UMB,AMBALA CANT JN,05:12:00,05:20:00,2,,NR,Haryana
15654,JAMMU TAWI - GUWAHATI Amarnath Exp,MB,MORADABAD,09:50:00,10:00:00,2,,NR,Uttar Pradesh
15654,JAMMU TAWI - GUWAHATI Amarnath Exp,BE,BAREILLY,11:15:00,11:20:00,2,,NER,Uttar Pradesh
15654,JAMMU TAWI - GUWAHATI Amarnath Exp,LKO,LUCKNOW,15:15:00,15:30:00,2,,NER,Uttar Pradesh
15654,JAMMU TAWI - GUWAHATI Amarnath Exp,MFP,MUZAFFARPUR JN,03:35:00,03:45:00,3,,ECR,Bihar
15654,JAMMU TAWI - GUWAHATI Amarnath Exp,NJP,NEW JALPAIGURI,13:50:00,14:05:00,3,,NFR,West Bengal
15654,JAMMU TAWI - GUWAHATI Amarnath Exp,GHY,GUWAHATI,22:55:00,None,3,,NFR,Assam
16332,TRIVANDRUM - MUMBAI CST Exp,CBE,COIMBATORE JN,None,None,,,SR,Tamil Nadu
16332,TRIVANDRUM - MUMBAI CST Exp,TVC,TRIVANDRUM CENTRAL,None,04:15:00,1,,SR,Kerala
16332,TRIVANDRUM - MUMBAI CST Exp,ERS,ERNAKULAM JN,08:20:00,08:30:00,1,,SR,Kerala
16332,TRIVANDRUM - MUMBAI CST Exp,GTL,GUNTAKAL JN,04:10:00,04:15:00,2,,SCR,Andhra Pradesh
16332,TRIVANDRUM - MUMBAI CST Exp,SUR,SOLAPUR JN,11:30:00,11:40:00,2,,CR,Maharashtra
16332,TRIVANDRUM - MUMBAI CST Exp,PUNE,PUNE JN,16:30:00,16:40:00,2,,CR,Maharashtra
16332,TRIVANDRUM - MUMBAI CST Exp,KYN,KALYAN JN,19:39:00,19:40:00,2,,CR,Maharashtra
16332,TRIVANDRUM - MUMBAI CST Exp,DR,MUMBAI DADAR CENTRAL,20:29:00,20:30:00,2,,CR,Maharashtra
16332,TRIVANDRUM - MUMBAI CST Exp,CSTM,MUMBAI CST,20:50:00,None,2,,CR,Maharashtra
12640,BANGALORE - CHENNAI CENT Brindavan Exp,SBC,BANGALORE CITY JN,None,14:30:00,1,,SWR,Karnataka
12640,BANGALORE - CHENNAI CENT Brindavan Exp,MAS,CHENNAI CENTRAL,20:25:00,None,1,,SR,Tamil Nadu
12505,GUWAHATI - DELHI ANAND VIHAR North East Exp,GHY,GUWAHATI,None,09:45:00,1,,NFR,Assam
12505,GUWAHATI - DELHI ANAND VIHAR North East Exp,NJP,NEW JALPAIGURI,17:00:00,17:15:00,1,,NFR,West Bengal
12505,GUWAHATI - DELHI ANAND VIHAR North East Exp,PNBE,PATNA JN,02:40:00,03:05:00,2,,ECR,Bihar
12505,GUWAHATI - DELHI ANAND VIHAR North East Exp,MGS,MUGHAL SARAI JN,07:05:00,07:25:00,2,,ECR,Uttar Pradesh
12505,GUWAHATI - DELHI ANAND VIHAR North East Exp,ALD,ALLAHABAD JN,09:30:00,09:40:00,2,,NCR,Uttar Pradesh
12505,GUWAHATI - DELHI ANAND VIHAR North East Exp,CNB,KANPUR CENTRAL,12:40:00,12:50:00,2,,NCR,Uttar Pradesh
12505,GUWAHATI - DELHI ANAND VIHAR North East Exp,TDL,TUNDLA JN,15:50:00,15:53:00,2,,NCR,Uttar Pradesh
12505,GUWAHATI - DELHI ANAND VIHAR North East Exp,ALJN,ALIGARH JN,16:46:00,16:49:00,2,,NCR,Uttar Pradesh
12505,GUWAHATI - DELHI ANAND VIHAR North East Exp,GZB,GHAZIABAD,18:45:00,18:47:00,2,,NR,Uttar Pradesh
19658,Udaipur Indore Express,UDZ,UDAIPUR CITY,None,20:35:00,1,,NWR,Rajasthan
19658,Udaipur Indore Express,RTM,RATLAM JN,04:00:00,04:20:00,2,,WR,Madhya Pradesh
12183,Bhopal Partapgarh Express,BPL,BHOPAL JN,None,19:20:00,1,,WCR,Madhya Pradesh
12183,Bhopal Partapgarh Express,JHS,JHANSI JN,23:20:00,23:40:00,1,,NCR,Uttar Pradesh
12183,Bhopal Partapgarh Express,CNB,KANPUR CENTRAL,04:00:00,04:05:00,2,,NCR,Uttar Pradesh
12183,Bhopal Partapgarh Express,LKO,LUCKNOW,05:45:00,05:45:00,2,,NER,Uttar Pradesh
58114,BSP TATA PASSENGER,BSP,BILASPUR JN,None,18:50:00,1,,SECR,Chhattisgarh
58114,BSP TATA PASSENGER,ROU,ROURKELA,03:10:00,03:55:00,2,,SER,Odisha
58114,BSP TATA PASSENGER,TATA,TATANAGAR JN,09:50:00,None,2,,SER,Jharkhand
63255,Patna Gaya Passenger MEMU,PNBE,PATNA JN,None,22:00:00,1,,ECR,Bihar
63255,Patna Gaya Passenger MEMU,GAYA,GAYA JN,01:00:00,None,2,,ECR,Bihar
58422,Puri Angul Fast Passenger,PURI,PURI,None,16:20:00,1,,ECoR,Odisha
58422,Puri Angul Fast Passenger,BBS,BHUBANESWAR,17:57:00,18:02:00,1,,ECoR,Odisha
63245,Patna Gaya Passenger MEMU,PNBE,PATNA JN,None,08:30:00,1,,ECR,Bihar
63245,Patna Gaya Passenger MEMU,GAYA,GAYA JN,11:40:00,None,1,,ECR,Bihar
14311,BAREILLY - BHUJ Ala Hazrat Exp,BE,BAREILLY,None,06:25:00,1,,NER,Uttar Pradesh
14311,BAREILLY - BHUJ Ala Hazrat Exp,MB,MORADABAD,08:10:00,08:20:00,1,,NR,Uttar Pradesh
14311,BAREILLY - BHUJ Ala Hazrat Exp,GZB,GHAZIABAD,10:48:00,10:50:00,1,,NR,Uttar Pradesh
14311,BAREILLY - BHUJ Ala Hazrat Exp,JP,JAIPUR,17:35:00,18:00:00,1,,NWR,Rajasthan
14311,BAREILLY - BHUJ Ala Hazrat Exp,ADI,AHMEDABAD JN,06:15:00,06:45:00,2,,WR,Gujarat
63552,Dhanbad Asansol Passenger MEMU,DHN,DHANBAD JN,None,03:30:00,1,,ECR,Jharkhand
63552,Dhanbad Asansol Passenger MEMU,ASN,ASANSOL JN,04:50:00,None,1,,ER,West Bengal
18645,East Coast Express,HWH,HOWRAH JN,None,11:45:00,1,,ER,West Bengal
18645,East Coast Express,CTC,CUTTACK,18:55:00,19:00:00,1,,ECoR,Odisha
18645,East Coast Express,BBS,BHUBANESWAR,19:40:00,19:55:00,1,,ECoR,Odisha
18645,East Coast Express,VSKP,VISHAKAPATNAM,03:45:00,04:05:00,2,,ECoR,Andhra Pradesh
18645,East Coast Express,BZA,VIJAYAWADA JN,11:00:00,11:20:00,2,,SCR,Andhra Pradesh
18645,East Coast Express,SC,SECUNDERABAD JN,18:00:00,18:05:00,2,,SCR,Telangana
18645,East Coast Express,HYB,HYDERABAD DECCAN,18:30:00,None,2,,SCR,Andhra Pradesh
13509,Asansol-Gonda Express,ASN,ASANSOL JN,None,16:10:00,1,,ER,West Bengal
13509,Asansol-Gonda Express,MFP,MUZAFFARPUR JN,23:20:00,23:25:00,1,,ECR,Bihar
16351,MUMBAI CST - NAGERCOIL Balaji Exp,CSTM,MUMBAI CST,None,12:05:00,1,,CR,Maharashtra
16351,MUMBAI CST - NAGERCOIL Balaji Exp,DR,MUMBAI DADAR CENTRAL,12:18:00,12:20:00,1,,CR,Maharashtra
16351,MUMBAI CST - NAGERCOIL Balaji Exp,KYN,KALYAN JN,13:05:00,13:10:00,1,,CR,Maharashtra
16351,MUMBAI CST - NAGERCOIL Balaji Exp,PUNE,PUNE JN,15:45:00,15:50:00,1,,CR,Maharashtra
16351,MUMBAI CST - NAGERCOIL Balaji Exp,SUR,SOLAPUR JN,20:15:00,20:25:00,1,,CR,Maharashtra
16351,MUMBAI CST - NAGERCOIL Balaji Exp,GTL,GUNTAKAL JN,03:55:00,04:00:00,2,,SCR,Andhra Pradesh
14629,Ludhiana Firozpur Sutlej Express,LDH,LUDHIANA JN,None,07:15:00,1,,NR,Punjab
14629,Ludhiana Firozpur Sutlej Express,FZR,FIROZPUR CANT,09:40:00,None,1,,NR,Punjab
12955,Mumbai-Jaipur SF Express,BCT,Mumbai Central,None,18:50:00,1,,WR,Maharashtra
12955,Mumbai-Jaipur SF Express,ST,SURAT,22:40:00,22:45:00,1,,WR,Gujarat
12955,Mumbai-Jaipur SF Express,BRC,VADODARA JN,00:27:00,00:45:00,2,,WR,Gujarat
12955,Mumbai-Jaipur SF Express,RTM,RATLAM JN,04:30:00,04:40:00,2,,WR,Madhya Pradesh
12955,Mumbai-Jaipur SF Express,KOTA,KOTA JN,08:40:00,08:50:00,2,,WCR,Rajasthan
12955,Mumbai-Jaipur SF Express,JP,JAIPUR,12:50:00,None,2,,NWR,Rajasthan
22424,New Delhi-Guwahati Rajdhani Express,NDLS,NEW DELHI,None,14:00:00,1,,NR,Delhi
22424,New Delhi-Guwahati Rajdhani Express,GZB,GHAZIABAD,14:16:00,14:16:00,1,,NR,Uttar Pradesh
22424,New Delhi-Guwahati Rajdhani Express,ALJN,ALIGARH JN,15:23:00,15:23:00,1,,NCR,Uttar Pradesh
22424,New Delhi-Guwahati Rajdhani Express,TDL,TUNDLA JN,16:12:00,16:12:00,1,,NCR,Uttar Pradesh
22424,New Delhi-Guwahati Rajdhani Express,CNB,KANPUR CENTRAL,18:34:00,18:39:00,1,,NCR,Uttar Pradesh
22424,New Delhi-Guwahati Rajdhani Express,ALD,ALLAHABAD JN,20:39:00,20:42:00,1,,NCR,Uttar Pradesh
22424,New Delhi-Guwahati Rajdhani Express,MGS,MUGHAL SARAI JN,22:45:00,23:00:00,1,,ECR,Uttar Pradesh
22424,New Delhi-Guwahati Rajdhani Express,PNBE,PATNA JN,02:00:00,02:10:00,2,,ECR,Bihar
22424,New Delhi-Guwahati Rajdhani Express,NJP,NEW JALPAIGURI,10:45:00,11:05:00,2,,NFR,West Bengal
22424,New Delhi-Guwahati Rajdhani Express,GHY,GUWAHATI,17:20:00,None,2,,NFR,Assam
56515,BANGALORE CITY - HUBLI Pass,SBC,BANGALORE CITY JN,None,07:50:00,1,,SWR,Karnataka
56515,BANGALORE CITY - HUBLI Pass,UBL,HUBLI JN,20:20:00,None,1,,SWR,Karnataka
12322,MUMBAI CST - HOWRAH Mail (via Allahabad),CSTM,MUMBAI CST,None,21:25:00,1,,CR,Maharashtra
12322,MUMBAI CST - HOWRAH Mail (via Allahabad),DR,MUMBAI DADAR CENTRAL,21:38:00,21:40:00,1,,CR,Maharashtra
12322,MUMBAI CST - HOWRAH Mail (via Allahabad),KYN,KALYAN JN,22:15:00,22:20:00,1,,CR,Maharashtra
12322,MUMBAI CST - HOWRAH Mail (via Allahabad),ET,ITARSI JN,09:30:00,09:40:00,2,,WCR,Madhya Pradesh
12322,MUMBAI CST - HOWRAH Mail (via Allahabad),JBP,JABALPUR,13:20:00,13:30:00,2,,WCR,Madhya Pradesh
12322,MUMBAI CST - HOWRAH Mail (via Allahabad),ALD,ALLAHABAD JN,20:25:00,20:58:00,2,,NCR,Uttar Pradesh
12322,MUMBAI CST - HOWRAH Mail (via Allahabad),MGS,MUGHAL SARAI JN,00:02:00,00:12:00,3,,ECR,Uttar Pradesh
12322,MUMBAI CST - HOWRAH Mail (via Allahabad),GAYA,GAYA JN,03:05:00,03:15:00,3,,ECR,Bihar
12322,MUMBAI CST - HOWRAH Mail (via Allahabad),DHN,DHANBAD JN,07:10:00,07:20:00,3,,ECR,Jharkhand
12322,MUMBAI CST - HOWRAH Mail (via Allahabad),ASN,ASANSOL JN,08:15:00,08:30:00,3,,ER,West Bengal
12322,MUMBAI CST - HOWRAH Mail (via Allahabad),BWN,BARDDHAMAN JN,10:12:00,10:17:00,3,,ER,West Bengal
12322,MUMBAI CST - HOWRAH Mail (via Allahabad),HWH,HOWRAH JN,11:45:00,None,3,,ER,West Bengal
22404,New Delhi-Puducherry SF Exp,NDLS,NEW DELHI,None,23:50:00,1,,NR,Delhi
22404,New Delhi-Puducherry SF Exp,NZM,DELHI H NIZAMUDDIN,23:56:00,23:56:00,1,,NR,Delhi
22404,New Delhi-Puducherry SF Exp,AGC,AGRA CANTT,02:50:00,02:55:00,2,,NCR,Uttar Pradesh
22404,New Delhi-Puducherry SF Exp,GWL,GWALIOR JN,04:46:00,04:46:00,2,,NCR,Madhya Pradesh
22404,New Delhi-Puducherry SF Exp,JHS,JHANSI JN,06:15:00,06:27:00,2,,NCR,Uttar Pradesh
22404,New Delhi-Puducherry SF Exp,BPL,BHOPAL JN,10:50:00,11:00:00,2,,WCR,Madhya Pradesh
22404,New Delhi-Puducherry SF Exp,ET,ITARSI JN,12:55:00,13:15:00,2,,WCR,Madhya Pradesh
22404,New Delhi-Puducherry SF Exp,NGP,NAGPUR,18:20:00,18:45:00,2,,SECR,Maharashtra
22404,New Delhi-Puducherry SF Exp,BZA,VIJAYAWADA JN,07:10:00,07:30:00,3,,SCR,Andhra Pradesh
22404,New Delhi-Puducherry SF Exp,MS,CHENNAI EGMORE,14:30:00,14:40:00,3,,SR,Tamil Nadu
59025,Surat Amrawati Fast Passenger,ST,SURAT,None,10:50:00,1,,WR,Gujarat
59025,Surat Amrawati Fast Passenger,AMI,Amravati,22:30:00,None,1,,CR,Maharashtra
56264,Night Queen Passenger,SBC,BANGALORE CITY JN,None,23:55:00,1,,SWR,Karnataka
56264,Night Queen Passenger,MYS,MYSORE JN,04:00:00,None,2,,SWR,Karnataka
17305,Hubli-H.Nizamuddin Goa Express,UBL,HUBLI JN,None,16:15:00,1,,SWR,Karnataka
17305,Hubli-H.Nizamuddin Goa Express,PUNE,PUNE JN,04:00:00,04:10:00,2,,CR,Maharashtra
17305,Hubli-H.Nizamuddin Goa Express,ET,ITARSI JN,17:40:00,17:50:00,2,,WCR,Madhya Pradesh
17305,Hubli-H.Nizamuddin Goa Express,BPL,BHOPAL JN,19:30:00,19:35:00,2,,WCR,Madhya Pradesh
17305,Hubli-H.Nizamuddin Goa Express,JHS,JHANSI JN,23:52:00,00:04:00,2,,NCR,Uttar Pradesh
17305,Hubli-H.Nizamuddin Goa Express,GWL,GWALIOR JN,01:19:00,01:22:00,3,,NCR,Madhya Pradesh
17305,Hubli-H.Nizamuddin Goa Express,AGC,AGRA CANTT,03:00:00,03:05:00,3,,NCR,Uttar Pradesh
17305,Hubli-H.Nizamuddin Goa Express,NZM,DELHI H NIZAMUDDIN,06:15:00,None,3,,NR,Delhi
63515,Barddhaman Asansol mEMU,BWN,BARDDHAMAN JN,None,12:05:00,1,,ER,West Bengal
63515,Barddhaman Asansol mEMU,ASN,ASANSOL JN,13:55:00,None,1,,ER,West Bengal
63519,Barddhaman Asansol mEMU,BWN,BARDDHAMAN JN,None,15:20:00,1,,ER,West Bengal
63519,Barddhaman Asansol mEMU,ASN,ASANSOL JN,17:15:00,None,1,,ER,West Bengal
19223,AHMEDABAD - JAMMU TAWI Exp,ADI,AHMEDABAD JN,None,11:20:00,1,,WR,Gujarat
19223,AHMEDABAD - JAMMU TAWI Exp,JU,JODHPUR JN,20:00:00,20:15:00,1,,NWR,Rajasthan
19223,AHMEDABAD - JAMMU TAWI Exp,BKN,BIKANER JN,01:45:00,01:55:00,2,,NWR,Rajasthan
19223,AHMEDABAD - JAMMU TAWI Exp,FZR,FIROZPUR CANT,10:05:00,10:25:00,2,,NR,Punjab
19223,AHMEDABAD - JAMMU TAWI Exp,PTK,PATHANKOT,15:10:00,16:30:00,2,,NR,Punjab
19223,AHMEDABAD - JAMMU TAWI Exp,JAT,JAMMU TAWI,19:35:00,None,2,,NR,Jammu and Kashmir
12755,Sangrami SF Expres,MAS,CHENNAI CENTRAL,None,14:35:00,1,,SR,Tamil Nadu
12755,Sangrami SF Expres,BZA,VIJAYAWADA JN,21:35:00,21:55:00,1,,SCR,Andhra Pradesh
12755,Sangrami SF Expres,BBS,BHUBANESWAR,11:20:00,11:20:00,2,,ECoR,Odisha
12755,Sangrami SF Expres,CTC,CUTTACK,11:56:00,11:58:00,2,,ECoR,Odisha
12187,Jabalpur-CST Garib Rath Express,JBP,JABALPUR,None,19:30:00,1,,WCR,Madhya Pradesh
12187,Jabalpur-CST Garib Rath Express,ET,ITARSI JN,23:35:00,23:50:00,1,,WCR,Madhya Pradesh
12187,Jabalpur-CST Garib Rath Express,KYN,KALYAN JN,10:55:00,11:00:00,2,,CR,Maharashtra
12187,Jabalpur-CST Garib Rath Express,DR,MUMBAI DADAR CENTRAL,11:53:00,11:55:00,2,,CR,Maharashtra
12187,Jabalpur-CST Garib Rath Express,CSTM,MUMBAI CST,12:15:00,None,2,,CR,Maharashtra
51881,Gwalior Agra Fast Passenger,GWL,GWALIOR JN,None,18:05:00,1,,NCR,Madhya Pradesh
51881,Gwalior Agra Fast Passenger,AGC,AGRA CANTT,21:00:00,None,1,,NCR,Uttar Pradesh
11106,Pratham Swatantrata Sangram Express,JHS,JHANSI JN,None,20:40:00,1,,NCR,Uttar Pradesh
11106,Pratham Swatantrata Sangram Express,CNB,KANPUR CENTRAL,01:05:00,01:30:00,2,,NCR,Uttar Pradesh
11106,Pratham Swatantrata Sangram Express,ALD,ALLAHABAD JN,03:55:00,04:00:00,2,,NCR,Uttar Pradesh
11106,Pratham Swatantrata Sangram Express,MGS,MUGHAL SARAI JN,07:00:00,07:20:00,2,,ECR,Uttar Pradesh
11106,Pratham Swatantrata Sangram Express,PNBE,PATNA JN,10:40:00,10:50:00,2,,ECR,Bihar
11106,Pratham Swatantrata Sangram Express,ASN,ASANSOL JN,17:05:00,17:10:00,2,,ER,West Bengal
11106,Pratham Swatantrata Sangram Express,BWN,BARDDHAMAN JN,18:58:00,19:01:00,2,,ER,West Bengal
11092,PUNE - BHUJ Ahimsa Exp,PUNE,PUNE JN,None,19:50:00,1,,CR,Maharashtra
11092,PUNE - BHUJ Ahimsa Exp,KYN,KALYAN JN,22:20:00,22:25:00,1,,CR,Maharashtra
11092,PUNE - BHUJ Ahimsa Exp,ST,SURAT,03:50:00,03:55:00,2,,WR,Gujarat
11092,PUNE - BHUJ Ahimsa Exp,BRC,VADODARA JN,05:46:00,05:51:00,2,,WR,Gujarat
11092,PUNE - BHUJ Ahimsa Exp,ADI,AHMEDABAD JN,07:45:00,08:05:00,2,,WR,Gujarat
15653,GUWAHATI - JAMMU TAWI Amarnath Exp,GHY,GUWAHATI,None,13:15:00,1,,NFR,Assam
15653,GUWAHATI - JAMMU TAWI Amarnath Exp,NJP,NEW JALPAIGURI,21:25:00,21:40:00,1,,NFR,West Bengal
15653,GUWAHATI - JAMMU TAWI Amarnath Exp,MFP,MUZAFFARPUR JN,06:55:00,07:05:00,2,,ECR,Bihar
15653,GUWAHATI - JAMMU TAWI Amarnath Exp,LKO,LUCKNOW,19:30:00,19:40:00,2,,NER,Uttar Pradesh
15653,GUWAHATI - JAMMU TAWI Amarnath Exp,BE,BAREILLY,23:15:00,23:20:00,2,,NER,Uttar Pradesh
15653,GUWAHATI - JAMMU TAWI Amarnath Exp,MB,MORADABAD,00:55:00,01:05:00,3,,NR,Uttar Pradesh
15653,GUWAHATI - JAMMU TAWI Amarnath Exp,UMB,AMBALA CANT JN,05:35:00,05:43:00,3,,NR,Haryana
15653,GUWAHATI - JAMMU TAWI Amarnath Exp,LDH,LUDHIANA JN,07:25:00,07:35:00,3,,NR,Punjab
15653,GUWAHATI - JAMMU TAWI Amarnath Exp,JAT,JAMMU TAWI,12:20:00,None,3,,NR,Jammu and Kashmir
12523,New Jalpaiguri-New Delhi Superfast Express,NJP,NEW JALPAIGURI,None,08:15:00,1,,NFR,West Bengal
12523,New Jalpaiguri-New Delhi Superfast Express,MFP,MUZAFFARPUR JN,16:07:00,16:12:00,1,,ECR,Bihar
12523,New Jalpaiguri-New Delhi Superfast Express,LKO,LUCKNOW,03:20:00,03:30:00,2,,NER,Uttar Pradesh
12523,New Jalpaiguri-New Delhi Superfast Express,BE,BAREILLY,07:23:00,07:23:00,2,,NER,Uttar Pradesh
12523,New Jalpaiguri-New Delhi Superfast Express,MB,MORADABAD,08:50:00,09:00:00,2,,NR,Uttar Pradesh
12523,New Jalpaiguri-New Delhi Superfast Express,GZB,GHAZIABAD,11:23:00,11:25:00,2,,NR,Uttar Pradesh
12523,New Jalpaiguri-New Delhi Superfast Express,NDLS,NEW DELHI,12:10:00,None,2,,NR,Delhi
51815,Jhansi Agra Passenger,JHS,JHANSI JN,None,07:25:00,1,,NCR,Uttar Pradesh
51815,Jhansi Agra Passenger,GWL,GWALIOR JN,09:29:00,09:34:00,1,,NCR,Madhya Pradesh
51815,Jhansi Agra Passenger,AGC,AGRA CANTT,12:30:00,None,1,,NCR,Uttar Pradesh
13017,Ganadevta Express,HWH,HOWRAH JN,None,06:05:00,1,,ER,West Bengal
13017,Ganadevta Express,BWN,BARDDHAMAN JN,07:50:00,07:55:00,1,,ER,West Bengal
16323,Trivandrum Shalimar Biweekly Express,TVC,TRIVANDRUM CENTRAL,None,16:35:00,1,,SR,Kerala
16323,Trivandrum Shalimar Biweekly Express,ERS,ERNAKULAM JN,20:55:00,21:05:00,1,,SR,Kerala
16323,Trivandrum Shalimar Biweekly Express,CBE,COIMBATORE JN,01:25:00,01:30:00,2,,SR,Tamil Nadu
16323,Trivandrum Shalimar Biweekly Express,MAS,CHENNAI CENTRAL,09:30:00,09:55:00,2,,SR,Tamil Nadu
16323,Trivandrum Shalimar Biweekly Express,BZA,VIJAYAWADA JN,16:45:00,17:00:00,2,,SCR,Andhra Pradesh
16323,Trivandrum Shalimar Biweekly Express,VSKP,VISHAKAPATNAM,23:05:00,23:25:00,2,,ECoR,Andhra Pradesh
16323,Trivandrum Shalimar Biweekly Express,BBS,BHUBANESWAR,06:32:00,06:37:00,3,,ECoR,Odisha
16323,Trivandrum Shalimar Biweekly Express,CTC,CUTTACK,07:22:00,07:27:00,3,,ECoR,Odisha
54105,Mughalsarai Allahabad Passenger,MGS,MUGHAL SARAI JN,None,16:00:00,1,,ECR,Uttar Pradesh
54105,Mughalsarai Allahabad Passenger,ALD,ALLAHABAD JN,20:15:00,None,1,,NCR,Uttar Pradesh
53061,Barddhaman-Hatia Passenger,BWN,BARDDHAMAN JN,None,06:15:00,1,,ER,West Bengal
53061,Barddhaman-Hatia Passenger,ASN,ASANSOL JN,09:00:00,09:08:00,1,,ER,West Bengal
53061,Barddhaman-Hatia Passenger,DHN,DHANBAD JN,10:50:00,11:30:00,1,,ECR,Jharkhand
51882,Agra Gwalior Fast Passenger,AGC,AGRA CANTT,None,07:35:00,1,,NCR,Uttar Pradesh
51882,Agra Gwalior Fast Passenger,GWL,GWALIOR JN,10:15:00,None,1,,NCR,Madhya Pradesh
12914,Nagpur-Indore Weekly Express,NGP,NAGPUR,None,19:15:00,1,,SECR,Maharashtra
12914,Nagpur-Indore Weekly Express,ET,ITARSI JN,23:55:00,23:55:00,1,,WCR,Madhya Pradesh
12914,Nagpur-Indore Weekly Express,BPL,BHOPAL JN,01:42:00,01:42:00,2,,WCR,Madhya Pradesh
17226-Slip,Amaravathi Express Slip,UBL,HUBLI JN,None,12:15:00,1,,SWR,Karnataka
17226-Slip,Amaravathi Express Slip,GTL,GUNTAKAL JN,17:10:00,22:15:00,1,,SCR,Andhra Pradesh
56516,HUBLI - BANGALORE CY Passenger,UBL,HUBLI JN,None,07:15:00,1,,SWR,Karnataka
56516,HUBLI - BANGALORE CY Passenger,SBC,BANGALORE CITY JN,20:00:00,None,1,,SWR,Karnataka
15657,KOLKATA SEALDAH - GUWAHATI KanchanJungha Exp,SDAH,KOLKATA SEALDAH,None,06:35:00,1,,ER,West Bengal
15657,KOLKATA SEALDAH - GUWAHATI KanchanJungha Exp,BWN,BARDDHAMAN JN,08:32:00,08:40:00,1,,ER,West Bengal
15657,KOLKATA SEALDAH - GUWAHATI KanchanJungha Exp,NJP,NEW JALPAIGURI,18:15:00,18:30:00,1,,NFR,West Bengal
15657,KOLKATA SEALDAH - GUWAHATI KanchanJungha Exp,GHY,GUWAHATI,04:30:00,None,2,,NFR,Assam
18412,Visakhapatnam-Bhubaneswar Inter City Express,VSKP,VISHAKAPATNAM,None,14:55:00,1,,ECoR,Andhra Pradesh
18412,Visakhapatnam-Bhubaneswar Inter City Express,BBS,BHUBANESWAR,23:05:00,None,1,,ECoR,Odisha
51820,Allahabad Jhansi Passenger,ALD,ALLAHABAD JN,None,06:20:00,1,,NCR,Uttar Pradesh
51820,Allahabad Jhansi Passenger,JHS,JHANSI JN,18:10:00,None,1,,NCR,Uttar Pradesh
16310,Patna - Ernakulam Express,PNBE,PATNA JN,None,14:00:00,1,,ECR,Bihar
16310,Patna - Ernakulam Express,ASN,ASANSOL JN,20:10:00,20:40:00,1,,ER,West Bengal
16310,Patna - Ernakulam Express,CTC,CUTTACK,05:50:00,05:55:00,2,,ECoR,Odisha
16310,Patna - Ernakulam Express,BBS,BHUBANESWAR,06:40:00,06:45:00,2,,ECoR,Odisha
16310,Patna - Ernakulam Express,VSKP,VISHAKAPATNAM,14:20:00,14:40:00,2,,ECoR,Andhra Pradesh
16310,Patna - Ernakulam Express,BZA,VIJAYAWADA JN,20:40:00,20:55:00,2,,SCR,Andhra Pradesh
16310,Patna - Ernakulam Express,MAS,CHENNAI CENTRAL,03:55:00,04:15:00,3,,SR,Tamil Nadu
16310,Patna - Ernakulam Express,CBE,COIMBATORE JN,12:35:00,12:40:00,3,,SR,Tamil Nadu
16310,Patna - Ernakulam Express,ERS,ERNAKULAM JN,17:30:00,None,3,,SR,Kerala
13008,Udyan Abha Toofan Express,MGS,MUGHAL SARAI JN,01:05:00,01:25:00,1,,ECR,Uttar Pradesh
13008,Udyan Abha Toofan Express,PNBE,PATNA JN,06:25:00,06:35:00,1,,ECR,Bihar
13008,Udyan Abha Toofan Express,ASN,ASANSOL JN,14:55:00,15:15:00,1,,ER,West Bengal
13008,Udyan Abha Toofan Express,BWN,BARDDHAMAN JN,17:01:00,17:06:00,1,,ER,West Bengal
13008,Udyan Abha Toofan Express,HWH,HOWRAH JN,19:20:00,None,1,,ER,West Bengal
51823,Farukhabad Allahabad kanpur Passenger,ALD,ALLAHABAD JN,None,07:00:00,1,,NCR,Uttar Pradesh
51823,Farukhabad Allahabad kanpur Passenger,CNB,KANPUR CENTRAL,12:10:00,12:20:00,1,,NCR,Uttar Pradesh
12728,Godavari SF Express,HYB,HYDERABAD DECCAN,None,17:15:00,1,,SCR,Andhra Pradesh
12728,Godavari SF Express,SC,SECUNDERABAD JN,17:35:00,17:40:00,1,,SCR,Telangana
12728,Godavari SF Express,BZA,VIJAYAWADA JN,23:05:00,23:20:00,1,,SCR,Andhra Pradesh
12728,Godavari SF Express,VSKP,VISHAKAPATNAM,05:50:00,None,2,,ECoR,Andhra Pradesh
54354,BAREILLY - ALIGARH PASSENGER,BE,BAREILLY,None,09:00:00,1,,NER,Uttar Pradesh
54354,BAREILLY - ALIGARH PASSENGER,ALJN,ALIGARH JN,14:50:00,None,1,,NCR,Uttar Pradesh
16558,Bangalore Mysore Rajya Rani Express,SBC,BANGALORE CITY JN,None,08:15:00,1,,SWR,Karnataka
16558,Bangalore Mysore Rajya Rani Express,MYS,MYSORE JN,11:15:00,None,1,,SWR,Karnataka
64092,Nizamuddin Parikrama EMU,NZM,DELHI H NIZAMUDDIN,None,19:00:00,1,,NR,Delhi
64092,Nizamuddin Parikrama EMU,NDLS,NEW DELHI,19:25:00,19:27:00,1,,NR,Delhi
54353,ALIGARH - BAREILLY PASSENGER,ALJN,ALIGARH JN,None,17:50:00,1,,NCR,Uttar Pradesh
54353,ALIGARH - BAREILLY PASSENGER,BE,BAREILLY,23:45:00,None,1,,NER,Uttar Pradesh
51816,Agra Jhansi Passenger,AGC,AGRA CANTT,None,14:50:00,1,,NCR,Uttar Pradesh
51816,Agra Jhansi Passenger,GWL,GWALIOR JN,17:25:00,17:30:00,1,,NCR,Madhya Pradesh
51816,Agra Jhansi Passenger,JHS,JHANSI JN,20:50:00,None,1,,NCR,Uttar Pradesh
51827,Itarsi Jhansi Passenger,ET,ITARSI JN,None,18:15:00,1,,WCR,Madhya Pradesh
51827,Itarsi Jhansi Passenger,BPL,BHOPAL JN,20:50:00,21:00:00,1,,WCR,Madhya Pradesh
51827,Itarsi Jhansi Passenger,JHS,JHANSI JN,08:55:00,None,2,,NCR,Uttar Pradesh
12501,GUWAHATI - NEW DELHI Poorvottar Sampark Kranti Exp,PNBE,PATNA JN,None,None,,,ECR,Bihar
12501,GUWAHATI - NEW DELHI Poorvottar Sampark Kranti Exp,MGS,MUGHAL SARAI JN,None,None,,,ECR,Uttar Pradesh
12501,GUWAHATI - NEW DELHI Poorvottar Sampark Kranti Exp,GHY,GUWAHATI,None,06:00:00,1,,NFR,Assam
12501,GUWAHATI - NEW DELHI Poorvottar Sampark Kranti Exp,NJP,NEW JALPAIGURI,13:10:00,13:30:00,1,,NFR,West Bengal
12501,GUWAHATI - NEW DELHI Poorvottar Sampark Kranti Exp,ALD,ALLAHABAD JN,04:08:00,04:20:00,2,,NCR,Uttar Pradesh
12501,GUWAHATI - NEW DELHI Poorvottar Sampark Kranti Exp,CNB,KANPUR CENTRAL,06:45:00,06:50:00,2,,NCR,Uttar Pradesh
12501,GUWAHATI - NEW DELHI Poorvottar Sampark Kranti Exp,TDL,TUNDLA JN,10:07:00,10:07:00,2,,NCR,Uttar Pradesh
12501,GUWAHATI - NEW DELHI Poorvottar Sampark Kranti Exp,ALJN,ALIGARH JN,11:13:00,11:13:00,2,,NCR,Uttar Pradesh
12501,GUWAHATI - NEW DELHI Poorvottar Sampark Kranti Exp,GZB,GHAZIABAD,12:44:00,12:44:00,2,,NR,Uttar Pradesh
12501,GUWAHATI - NEW DELHI Poorvottar Sampark Kranti Exp,NDLS,NEW DELHI,13:00:00,None,2,,NR,Delhi
12902,Gujarat Mail,ADI,AHMEDABAD JN,None,22:00:00,1,,WR,Gujarat
12902,Gujarat Mail,BRC,VADODARA JN,00:05:00,00:10:00,2,,WR,Gujarat
12902,Gujarat Mail,ST,SURAT,02:00:00,02:05:00,2,,WR,Gujarat
12902,Gujarat Mail,BCT,Mumbai Central,06:45:00,None,2,,WR,Maharashtra
12721,Dakshin SF Express,HYB,HYDERABAD DECCAN,None,22:30:00,1,,SCR,Andhra Pradesh
12721,Dakshin SF Express,SC,SECUNDERABAD JN,22:50:00,22:55:00,1,,SCR,Telangana
12721,Dakshin SF Express,NGP,NAGPUR,09:15:00,09:25:00,2,,SECR,Maharashtra
12721,Dakshin SF Express,ET,ITARSI JN,14:45:00,14:55:00,2,,WCR,Madhya Pradesh
12721,Dakshin SF Express,BPL,BHOPAL JN,16:45:00,16:50:00,2,,WCR,Madhya Pradesh
12721,Dakshin SF Express,JHS,JHANSI JN,21:20:00,21:30:00,2,,NCR,Uttar Pradesh
12721,Dakshin SF Express,GWL,GWALIOR JN,22:45:00,22:50:00,2,,NCR,Madhya Pradesh
12721,Dakshin SF Express,AGC,AGRA CANTT,00:45:00,00:50:00,3,,NCR,Uttar Pradesh
12721,Dakshin SF Express,NZM,DELHI H NIZAMUDDIN,04:05:00,None,3,,NR,Delhi
18102-Slip,Jammu-Tata Muri Express Slip,JAT,JAMMU TAWI,None,14:30:00,1,,NR,Jammu and Kashmir
18102-Slip,Jammu-Tata Muri Express Slip,PTK,PATHANKOT,16:25:00,16:45:00,1,,NR,Punjab
18102-Slip,Jammu-Tata Muri Express Slip,ASR,AMRITSAR JN,19:10:00,19:35:00,1,,NR,Punjab
18102-Slip,Jammu-Tata Muri Express Slip,LDH,LUDHIANA JN,22:10:00,22:20:00,1,,NR,Punjab
18102-Slip,Jammu-Tata Muri Express Slip,UMB,AMBALA CANT JN,00:30:00,00:40:00,2,,NR,Haryana
18102-Slip,Jammu-Tata Muri Express Slip,GZB,GHAZIABAD,05:35:00,05:37:00,2,,NR,Uttar Pradesh
18102-Slip,Jammu-Tata Muri Express Slip,ALJN,ALIGARH JN,07:10:00,07:15:00,2,,NCR,Uttar Pradesh
18102-Slip,Jammu-Tata Muri Express Slip,TDL,TUNDLA JN,08:30:00,08:35:00,2,,NCR,Uttar Pradesh
18102-Slip,Jammu-Tata Muri Express Slip,CNB,KANPUR CENTRAL,12:40:00,12:50:00,2,,NCR,Uttar Pradesh
18102-Slip,Jammu-Tata Muri Express Slip,ALD,ALLAHABAD JN,15:30:00,16:02:00,2,,NCR,Uttar Pradesh
18102-Slip,Jammu-Tata Muri Express Slip,TATA,TATANAGAR JN,10:20:00,None,3,,SER,Jharkhand
09222,Secunderabad-Porbandar Weekly Special,SC,SECUNDERABAD JN,None,14:50:00,1,,SCR,Telangana
09222,Secunderabad-Porbandar Weekly Special,SUR,SOLAPUR JN,21:15:00,21:25:00,1,,CR,Maharashtra
09222,Secunderabad-Porbandar Weekly Special,PUNE,PUNE JN,02:00:00,02:05:00,2,,CR,Maharashtra
09222,Secunderabad-Porbandar Weekly Special,KYN,KALYAN JN,04:45:00,04:50:00,2,,CR,Maharashtra
09222,Secunderabad-Porbandar Weekly Special,ST,SURAT,10:05:00,10:15:00,2,,WR,Gujarat
09222,Secunderabad-Porbandar Weekly Special,BRC,VADODARA JN,12:10:00,12:20:00,2,,WR,Gujarat
09222,Secunderabad-Porbandar Weekly Special,ADI,AHMEDABAD JN,14:45:00,15:05:00,2,,WR,Gujarat
12398,Mahabodhi Express,NDLS,NEW DELHI,None,14:10:00,1,,NR,Delhi
12398,Mahabodhi Express,GZB,GHAZIABAD,14:30:00,14:30:00,1,,NR,Uttar Pradesh
12398,Mahabodhi Express,ALJN,ALIGARH JN,15:55:00,15:57:00,1,,NCR,Uttar Pradesh
12398,Mahabodhi Express,TDL,TUNDLA JN,17:01:00,17:01:00,1,,NCR,Uttar Pradesh
12398,Mahabodhi Express,CNB,KANPUR CENTRAL,20:05:00,20:15:00,1,,NCR,Uttar Pradesh
12398,Mahabodhi Express,ALD,ALLAHABAD JN,22:40:00,22:48:00,1,,NCR,Uttar Pradesh
12398,Mahabodhi Express,MGS,MUGHAL SARAI JN,02:35:00,02:45:00,2,,ECR,Uttar Pradesh
12398,Mahabodhi Express,GAYA,GAYA JN,05:50:00,None,2,,ECR,Bihar
13024,Gaya-Howrah Express,GAYA,GAYA JN,None,12:10:00,1,,ECR,Bihar
13024,Gaya-Howrah Express,BWN,BARDDHAMAN JN,01:16:00,01:21:00,2,,ER,West Bengal
13024,Gaya-Howrah Express,HWH,HOWRAH JN,03:40:00,None,2,,ER,West Bengal
18418,Bhubaneswar-Jharsuguda Rajya Rani Express,BBS,BHUBANESWAR,None,23:05:00,1,,ECoR,Odisha
18418,Bhubaneswar-Jharsuguda Rajya Rani Express,CTC,CUTTACK,23:35:00,23:40:00,1,,ECoR,Odisha
51828,Jhansi Itarsi Passenger,JHS,JHANSI JN,None,18:10:00,1,,NCR,Uttar Pradesh
51828,Jhansi Itarsi Passenger,BPL,BHOPAL JN,08:35:00,08:55:00,2,,WCR,Madhya Pradesh
51828,Jhansi Itarsi Passenger,ET,ITARSI JN,11:20:00,None,2,,WCR,Madhya Pradesh
47196,Secunderabad Hyderabad MMTS,SC,SECUNDERABAD JN,None,05:10:00,1,,SCR,Telangana
47196,Secunderabad Hyderabad MMTS,HYB,HYDERABAD DECCAN,05:35:00,None,1,,SCR,Andhra Pradesh
64492,New Delhi Palwal Ladies Special,NDLS,NEW DELHI,None,17:50:00,1,,NR,Delhi
64492,New Delhi Palwal Ladies Special,NZM,DELHI H NIZAMUDDIN,18:09:00,18:10:00,1,,NR,Delhi
18518,Visakhapatnam-Korba Express,VSKP,VISHAKAPATNAM,None,20:00:00,1,,ECoR,Andhra Pradesh
18518,Visakhapatnam-Korba Express,R,RAIPUR JN,06:40:00,07:00:00,2,,SECR,Chhattisgarh
18518,Visakhapatnam-Korba Express,BSP,BILASPUR JN,08:55:00,09:10:00,2,,SECR,Chhattisgarh
19781,Jaipur-Amritsar Express,JP,JAIPUR,None,20:10:00,1,,NWR,Rajasthan
19781,Jaipur-Amritsar Express,LDH,LUDHIANA JN,07:35:00,07:50:00,2,,NR,Punjab
19781,Jaipur-Amritsar Express,ASR,AMRITSAR JN,10:30:00,None,2,,NR,Punjab
16318,Himsagar Express,JAT,JAMMU TAWI,None,23:45:00,1,,NR,Jammu and Kashmir
16318,Himsagar Express,LDH,LUDHIANA JN,05:05:00,05:20:00,2,,NR,Punjab
16318,Himsagar Express,NDLS,NEW DELHI,13:15:00,14:10:00,2,,NR,Delhi
16318,Himsagar Express,NZM,DELHI H NIZAMUDDIN,14:25:00,14:50:00,2,,NR,Delhi
16318,Himsagar Express,AGC,AGRA CANTT,18:30:00,18:35:00,2,,NCR,Uttar Pradesh
16318,Himsagar Express,GWL,GWALIOR JN,20:09:00,20:12:00,2,,NCR,Madhya Pradesh
16318,Himsagar Express,JHS,JHANSI JN,21:35:00,21:45:00,2,,NCR,Uttar Pradesh
16318,Himsagar Express,BPL,BHOPAL JN,01:40:00,01:50:00,3,,WCR,Madhya Pradesh
16318,Himsagar Express,ET,ITARSI JN,03:35:00,03:45:00,3,,WCR,Madhya Pradesh
16318,Himsagar Express,NGP,NAGPUR,08:30:00,08:40:00,3,,SECR,Maharashtra
16318,Himsagar Express,BZA,VIJAYAWADA JN,19:05:00,19:20:00,3,,SCR,Andhra Pradesh
16318,Himsagar Express,CBE,COIMBATORE JN,10:00:00,10:05:00,4,,SR,Tamil Nadu
16318,Himsagar Express,ERS,ERNAKULAM JN,14:23:00,14:23:00,4,,SR,Kerala
16318,Himsagar Express,TVC,TRIVANDRUM CENTRAL,19:15:00,19:25:00,4,,SR,Kerala
13007,Udyan Abha Toofan Express,HWH,HOWRAH JN,None,09:35:00,1,,ER,West Bengal
13007,Udyan Abha Toofan Express,BWN,BARDDHAMAN JN,11:38:00,11:43:00,1,,ER,West Bengal
13007,Udyan Abha Toofan Express,ASN,ASANSOL JN,13:25:00,13:35:00,1,,ER,West Bengal
13007,Udyan Abha Toofan Express,PNBE,PATNA JN,20:50:00,21:00:00,1,,ECR,Bihar
13007,Udyan Abha Toofan Express,MGS,MUGHAL SARAI JN,02:25:00,02:45:00,2,,ECR,Uttar Pradesh
13007,Udyan Abha Toofan Express,ALD,ALLAHABAD JN,05:05:00,05:15:00,2,,NCR,Uttar Pradesh
13007,Udyan Abha Toofan Express,CNB,KANPUR CENTRAL,08:25:00,08:40:00,2,,NCR,Uttar Pradesh
13007,Udyan Abha Toofan Express,TDL,TUNDLA JN,13:00:00,13:10:00,2,,NCR,Uttar Pradesh
13007,Udyan Abha Toofan Express,AGC,AGRA CANTT,15:00:00,15:30:00,2,,NCR,Uttar Pradesh
13007,Udyan Abha Toofan Express,NZM,DELHI H NIZAMUDDIN,19:08:00,19:10:00,2,,NR,Delhi
13007,Udyan Abha Toofan Express,NDLS,NEW DELHI,19:40:00,20:10:00,2,,NR,Delhi
51819,Jhansi Allahabad Passenger,JHS,JHANSI JN,None,07:10:00,1,,NCR,Uttar Pradesh
51819,Jhansi Allahabad Passenger,ALD,ALLAHABAD JN,18:45:00,None,1,,NCR,Uttar Pradesh
56234,Mysore Bangalore Passenger,MYS,MYSORE JN,None,18:50:00,1,,SWR,Karnataka
56234,Mysore Bangalore Passenger,SBC,BANGALORE CITY JN,22:25:00,None,1,,SWR,Karnataka
12895,Kolkata-Puri Express,HWH,HOWRAH JN,None,20:55:00,1,,ER,West Bengal
12895,Kolkata-Puri Express,CTC,CUTTACK,03:05:00,03:10:00,2,,ECoR,Odisha
12895,Kolkata-Puri Express,BBS,BHUBANESWAR,03:50:00,03:55:00,2,,ECoR,Odisha
12895,Kolkata-Puri Express,PURI,PURI,05:55:00,None,2,,ECoR,Odisha
51027,MumbaiCST-Pandharpur Fast Passenger,CSTM,MUMBAI CST,None,22:55:00,1,,CR,Maharashtra
51027,MumbaiCST-Pandharpur Fast Passenger,DR,MUMBAI DADAR CENTRAL,23:08:00,23:10:00,1,,CR,Maharashtra
51027,MumbaiCST-Pandharpur Fast Passenger,KYN,KALYAN JN,23:50:00,23:55:00,1,,CR,Maharashtra
51027,MumbaiCST-Pandharpur Fast Passenger,PUNE,PUNE JN,04:10:00,04:25:00,2,,CR,Maharashtra
56502,Hubli Vijayawada Passenger,UBL,HUBLI JN,None,23:30:00,1,,SWR,Karnataka
56502,Hubli Vijayawada Passenger,GTL,GUNTAKAL JN,06:20:00,06:35:00,2,,SCR,Andhra Pradesh
56502,Hubli Vijayawada Passenger,BZA,VIJAYAWADA JN,18:30:00,None,2,,SCR,Andhra Pradesh
19040,Awadh Express,MFP,MUZAFFARPUR JN,None,06:15:00,1,,ECR,Bihar
19040,Awadh Express,CNB,KANPUR CENTRAL,22:30:00,22:35:00,1,,NCR,Uttar Pradesh
19040,Awadh Express,TDL,TUNDLA JN,03:07:00,03:12:00,2,,NCR,Uttar Pradesh
19040,Awadh Express,KOTA,KOTA JN,10:50:00,11:00:00,2,,WCR,Rajasthan
19040,Awadh Express,RTM,RATLAM JN,16:35:00,16:55:00,2,,WR,Madhya Pradesh
19040,Awadh Express,BRC,VADODARA JN,20:55:00,21:13:00,2,,WR,Gujarat
19040,Awadh Express,ST,SURAT,23:25:00,23:30:00,2,,WR,Gujarat
16108,Mangalore Chennai Egmore Express,MAQ,MANGALORE CNTL,None,06:50:00,1,,SR,Karnataka
16108,Mangalore Chennai Egmore Express,CBE,COIMBATORE JN,15:45:00,15:50:00,1,,SR,Tamil Nadu
16108,Mangalore Chennai Egmore Express,MS,CHENNAI EGMORE,05:05:00,None,2,,SR,Tamil Nadu
51901,Agra Delhi Passenger,AGC,AGRA CANTT,None,08:02:00,1,,NCR,Uttar Pradesh
51901,Agra Delhi Passenger,NZM,DELHI H NIZAMUDDIN,14:27:00,14:28:00,1,,NR,Delhi
51901,Agra Delhi Passenger,NDLS,NEW DELHI,15:00:00,15:20:00,1,,NR,Delhi
17004,Kolhapur-Hyderabad BiWeekly Express,KOP,C SHAHU M RAJ KOLHAPUR TERM,None,07:30:00,1,,CR,Maharashtra
17004,Kolhapur-Hyderabad BiWeekly Express,UBL,HUBLI JN,16:05:00,16:15:00,1,,SWR,Karnataka
17004,Kolhapur-Hyderabad BiWeekly Express,GTL,GUNTAKAL JN,21:30:00,21:50:00,1,,SCR,Andhra Pradesh
17004,Kolhapur-Hyderabad BiWeekly Express,HYB,HYDERABAD DECCAN,06:45:00,None,2,,SCR,Andhra Pradesh
22815,Bilaspur-Ernakulam Express,BSP,BILASPUR JN,None,08:10:00,1,,SECR,Chhattisgarh
22815,Bilaspur-Ernakulam Express,R,RAIPUR JN,10:00:00,10:10:00,1,,SECR,Chhattisgarh
22815,Bilaspur-Ernakulam Express,NGP,NAGPUR,15:05:00,15:15:00,1,,SECR,Maharashtra
22815,Bilaspur-Ernakulam Express,BZA,VIJAYAWADA JN,02:35:00,02:45:00,2,,SCR,Andhra Pradesh
22815,Bilaspur-Ernakulam Express,CBE,COIMBATORE JN,17:15:00,17:20:00,2,,SR,Tamil Nadu
22815,Bilaspur-Ernakulam Express,ERS,ERNAKULAM JN,21:35:00,None,2,,SR,Kerala
12580,Puri Digha Samudra Kanya Super Fast Express,PURI,PURI,None,23:35:00,1,,ECoR,Odisha
12580,Puri Digha Samudra Kanya Super Fast Express,BBS,BHUBANESWAR,01:05:00,01:15:00,2,,ECoR,Odisha
12580,Puri Digha Samudra Kanya Super Fast Express,CTC,CUTTACK,01:45:00,01:50:00,2,,ECoR,Odisha
12436,NEW DELHI - DIBRUGARH TOWN Rajdhani Exp,NDLS,NEW DELHI,None,09:30:00,1,,NR,Delhi
12436,NEW DELHI - DIBRUGARH TOWN Rajdhani Exp,GZB,GHAZIABAD,09:54:00,09:54:00,1,,NR,Uttar Pradesh
12436,NEW DELHI - DIBRUGARH TOWN Rajdhani Exp,MB,MORADABAD,12:10:00,12:15:00,1,,NR,Uttar Pradesh
12436,NEW DELHI - DIBRUGARH TOWN Rajdhani Exp,BE,BAREILLY,13:35:00,13:40:00,1,,NER,Uttar Pradesh
12436,NEW DELHI - DIBRUGARH TOWN Rajdhani Exp,LKO,LUCKNOW,17:25:00,17:35:00,1,,NER,Uttar Pradesh
12436,NEW DELHI - DIBRUGARH TOWN Rajdhani Exp,NJP,NEW JALPAIGURI,11:45:00,12:05:00,2,,NFR,West Bengal
12436,NEW DELHI - DIBRUGARH TOWN Rajdhani Exp,GHY,GUWAHATI,19:00:00,19:45:00,2,,NFR,Assam
19144,Lokshakti Express,ADI,AHMEDABAD JN,None,21:05:00,1,,WR,Gujarat
19144,Lokshakti Express,BRC,VADODARA JN,23:05:00,23:10:00,1,,WR,Gujarat
19144,Lokshakti Express,ST,SURAT,01:05:00,01:10:00,2,,WR,Gujarat
51832,Agra Jhansi Passenger,AGC,AGRA CANTT,None,06:20:00,1,,NCR,Uttar Pradesh
51832,Agra Jhansi Passenger,GWL,GWALIOR JN,08:50:00,08:55:00,1,,NCR,Madhya Pradesh
51832,Agra Jhansi Passenger,JHS,JHANSI JN,11:25:00,None,1,,NCR,Uttar Pradesh
16502,Bangalore - Ahmedabad (Weekly) Express,SBC,BANGALORE CITY JN,None,13:30:00,1,,SWR,Karnataka
16502,Bangalore - Ahmedabad (Weekly) Express,GTL,GUNTAKAL JN,19:15:00,19:30:00,1,,SCR,Andhra Pradesh
16502,Bangalore - Ahmedabad (Weekly) Express,SUR,SOLAPUR JN,03:50:00,04:00:00,2,,CR,Maharashtra
16502,Bangalore - Ahmedabad (Weekly) Express,ST,SURAT,23:20:00,23:25:00,2,,WR,Gujarat
16502,Bangalore - Ahmedabad (Weekly) Express,BRC,VADODARA JN,01:20:00,01:25:00,3,,WR,Gujarat
16502,Bangalore - Ahmedabad (Weekly) Express,ADI,AHMEDABAD JN,03:45:00,None,3,,WR,Gujarat
12037,New Delhi-Ludhiana Shatabdi Express,NDLS,NEW DELHI,None,07:00:00,1,,NR,Delhi
12037,New Delhi-Ludhiana Shatabdi Express,LDH,LUDHIANA JN,12:20:00,None,1,,NR,Punjab
56231,Mysore Bangalore (PUSH-PULL) Passenger,MYS,MYSORE JN,None,05:50:00,1,,SWR,Karnataka
56231,Mysore Bangalore (PUSH-PULL) Passenger,SBC,BANGALORE CITY JN,09:10:00,None,1,,SWR,Karnataka
63250,Gaya Patna Passenger MEMU,GAYA,GAYA JN,None,12:25:00,1,,ECR,Bihar
63250,Gaya Patna Passenger MEMU,PNBE,PATNA JN,15:20:00,None,1,,ECR,Bihar
58000,Puri -- Santragachi Passenger,PURI,PURI,None,09:40:00,1,,ECoR,Odisha
58000,Puri -- Santragachi Passenger,BBS,BHUBANESWAR,12:00:00,12:05:00,1,,ECoR,Odisha
12906-Slip,Howrah-Porbandar SF Express Slip,HWH,HOWRAH JN,None,22:55:00,1,,ER,West Bengal
12906-Slip,Howrah-Porbandar SF Express Slip,TATA,TATANAGAR JN,02:30:00,02:35:00,2,,SER,Jharkhand
12906-Slip,Howrah-Porbandar SF Express Slip,ROU,ROURKELA,04:53:00,05:00:00,2,,SER,Odisha
12906-Slip,Howrah-Porbandar SF Express Slip,BSP,BILASPUR JN,09:25:00,09:40:00,2,,SECR,Chhattisgarh
12906-Slip,Howrah-Porbandar SF Express Slip,R,RAIPUR JN,11:20:00,11:30:00,2,,SECR,Chhattisgarh
12906-Slip,Howrah-Porbandar SF Express Slip,NGP,NAGPUR,16:20:00,16:30:00,2,,SECR,Maharashtra
12906-Slip,Howrah-Porbandar SF Express Slip,ST,SURAT,04:55:00,05:05:00,3,,WR,Gujarat
12906-Slip,Howrah-Porbandar SF Express Slip,BRC,VADODARA JN,06:50:00,06:55:00,3,,WR,Gujarat
12906-Slip,Howrah-Porbandar SF Express Slip,ADI,AHMEDABAD JN,08:55:00,09:15:00,3,,WR,Gujarat
12967,Chennai-Jaipur SF Express,MAS,CHENNAI CENTRAL,None,17:35:00,1,,SR,Tamil Nadu
12967,Chennai-Jaipur SF Express,BZA,VIJAYAWADA JN,00:10:00,00:20:00,2,,SCR,Andhra Pradesh
12967,Chennai-Jaipur SF Express,NGP,NAGPUR,11:05:00,11:15:00,2,,SECR,Maharashtra
12967,Chennai-Jaipur SF Express,ET,ITARSI JN,16:00:00,16:10:00,2,,WCR,Madhya Pradesh
12967,Chennai-Jaipur SF Express,BPL,BHOPAL JN,18:00:00,18:20:00,2,,WCR,Madhya Pradesh
12967,Chennai-Jaipur SF Express,KOTA,KOTA JN,01:55:00,02:05:00,3,,WCR,Rajasthan
12967,Chennai-Jaipur SF Express,JP,JAIPUR,05:55:00,None,3,,NWR,Rajasthan
12996,Udaipur Bandra SF Express Slip,UDZ,UDAIPUR CITY,None,21:35:00,1,,NWR,Rajasthan
12996,Udaipur Bandra SF Express Slip,RTM,RATLAM JN,03:40:00,03:50:00,2,,WR,Madhya Pradesh
12996,Udaipur Bandra SF Express Slip,BRC,VADODARA JN,07:50:00,08:08:00,2,,WR,Gujarat
12996,Udaipur Bandra SF Express Slip,ST,SURAT,10:08:00,10:13:00,2,,WR,Gujarat
12803,Visakhapatnam-Nizamuddin SwarnaJayanthi Express,VSKP,VISHAKAPATNAM,None,08:30:00,1,,ECoR,Andhra Pradesh
12803,Visakhapatnam-Nizamuddin SwarnaJayanthi Express,BZA,VIJAYAWADA JN,14:15:00,14:35:00,1,,SCR,Andhra Pradesh
12803,Visakhapatnam-Nizamuddin SwarnaJayanthi Express,NGP,NAGPUR,00:20:00,00:30:00,2,,SECR,Maharashtra
12803,Visakhapatnam-Nizamuddin SwarnaJayanthi Express,ET,ITARSI JN,04:50:00,04:55:00,2,,WCR,Madhya Pradesh
12803,Visakhapatnam-Nizamuddin SwarnaJayanthi Express,BPL,BHOPAL JN,06:35:00,06:40:00,2,,WCR,Madhya Pradesh
12803,Visakhapatnam-Nizamuddin SwarnaJayanthi Express,JHS,JHANSI JN,10:30:00,10:40:00,2,,NCR,Uttar Pradesh
12803,Visakhapatnam-Nizamuddin SwarnaJayanthi Express,GWL,GWALIOR JN,12:00:00,12:05:00,2,,NCR,Madhya Pradesh
12803,Visakhapatnam-Nizamuddin SwarnaJayanthi Express,AGC,AGRA CANTT,14:00:00,14:05:00,2,,NCR,Uttar Pradesh
12803,Visakhapatnam-Nizamuddin SwarnaJayanthi Express,NZM,DELHI H NIZAMUDDIN,17:05:00,None,2,,NR,Delhi
12652,DELHI H NIZAMUDDIN - MADURAI Tamil Nadu S Kranti,NZM,DELHI H NIZAMUDDIN,None,07:25:00,1,,NR,Delhi
12652,DELHI H NIZAMUDDIN - MADURAI Tamil Nadu S Kranti,AGC,AGRA CANTT,10:26:00,10:26:00,1,,NCR,Uttar Pradesh
12652,DELHI H NIZAMUDDIN - MADURAI Tamil Nadu S Kranti,GWL,GWALIOR JN,12:20:00,12:20:00,1,,NCR,Madhya Pradesh
12652,DELHI H NIZAMUDDIN - MADURAI Tamil Nadu S Kranti,JHS,JHANSI JN,13:50:00,14:00:00,1,,NCR,Uttar Pradesh
12652,DELHI H NIZAMUDDIN - MADURAI Tamil Nadu S Kranti,BPL,BHOPAL JN,17:45:00,17:55:00,1,,WCR,Madhya Pradesh
12652,DELHI H NIZAMUDDIN - MADURAI Tamil Nadu S Kranti,ET,ITARSI JN,19:23:00,19:23:00,1,,WCR,Madhya Pradesh
12652,DELHI H NIZAMUDDIN - MADURAI Tamil Nadu S Kranti,NGP,NAGPUR,00:05:00,00:15:00,2,,SECR,Maharashtra
12652,DELHI H NIZAMUDDIN - MADURAI Tamil Nadu S Kranti,BZA,VIJAYAWADA JN,10:35:00,10:50:00,2,,SCR,Andhra Pradesh
12652,DELHI H NIZAMUDDIN - MADURAI Tamil Nadu S Kranti,MS,CHENNAI EGMORE,18:15:00,18:30:00,2,,SR,Tamil Nadu
12815,Puri New Delhi Superfast Express,PURI,PURI,None,10:55:00,1,,ECoR,Odisha
12815,Puri New Delhi Superfast Express,BBS,BHUBANESWAR,12:25:00,12:30:00,1,,ECoR,Odisha
12815,Puri New Delhi Superfast Express,CTC,CUTTACK,13:05:00,13:10:00,1,,ECoR,Odisha
12815,Puri New Delhi Superfast Express,GAYA,GAYA JN,02:05:00,02:10:00,2,,ECR,Bihar
12815,Puri New Delhi Superfast Express,MGS,MUGHAL SARAI JN,05:05:00,05:25:00,2,,ECR,Uttar Pradesh
12815,Puri New Delhi Superfast Express,ALD,ALLAHABAD JN,07:35:00,07:40:00,2,,NCR,Uttar Pradesh
12815,Puri New Delhi Superfast Express,CNB,KANPUR CENTRAL,10:10:00,10:20:00,2,,NCR,Uttar Pradesh
12815,Puri New Delhi Superfast Express,TDL,TUNDLA JN,13:16:00,13:16:00,2,,NCR,Uttar Pradesh
12815,Puri New Delhi Superfast Express,ALJN,ALIGARH JN,14:15:00,14:20:00,2,,NCR,Uttar Pradesh
12815,Puri New Delhi Superfast Express,GZB,GHAZIABAD,16:30:00,16:30:00,2,,NR,Uttar Pradesh
12815,Puri New Delhi Superfast Express,NDLS,NEW DELHI,17:00:00,None,2,,NR,Delhi
22811,Bhubaneshwar-New Delhi Rajdhani Express,BBS,BHUBANESWAR,None,11:30:00,1,,ECoR,Odisha
22811,Bhubaneshwar-New Delhi Rajdhani Express,CTC,CUTTACK,11:56:00,11:58:00,1,,ECoR,Odisha
22811,Bhubaneshwar-New Delhi Rajdhani Express,GAYA,GAYA JN,23:10:00,23:13:00,1,,ECR,Bihar
22811,Bhubaneshwar-New Delhi Rajdhani Express,MGS,MUGHAL SARAI JN,01:20:00,01:30:00,2,,ECR,Uttar Pradesh
22811,Bhubaneshwar-New Delhi Rajdhani Express,ALD,ALLAHABAD JN,03:12:00,03:12:00,2,,NCR,Uttar Pradesh
22811,Bhubaneshwar-New Delhi Rajdhani Express,CNB,KANPUR CENTRAL,05:20:00,05:28:00,2,,NCR,Uttar Pradesh
22811,Bhubaneshwar-New Delhi Rajdhani Express,TDL,TUNDLA JN,08:11:00,08:11:00,2,,NCR,Uttar Pradesh
22811,Bhubaneshwar-New Delhi Rajdhani Express,ALJN,ALIGARH JN,09:07:00,09:07:00,2,,NCR,Uttar Pradesh
22811,Bhubaneshwar-New Delhi Rajdhani Express,GZB,GHAZIABAD,10:21:00,10:21:00,2,,NR,Uttar Pradesh
22811,Bhubaneshwar-New Delhi Rajdhani Express,NDLS,NEW DELHI,10:35:00,None,2,,NR,Delhi
19110,Gujarat Queen Express,ADI,AHMEDABAD JN,None,18:10:00,1,,WR,Gujarat
19110,Gujarat Queen Express,BRC,VADODARA JN,20:20:00,20:25:00,1,,WR,Gujarat
19110,Gujarat Queen Express,ST,SURAT,22:57:00,23:02:00,1,,WR,Gujarat
19226,Jammu Tawi Bhatinda Express,JAT,JAMMU TAWI,None,21:25:00,1,,NR,Jammu and Kashmir
19226,Jammu Tawi Bhatinda Express,PTK,PATHANKOT,23:30:00,23:50:00,1,,NR,Punjab
19226,Jammu Tawi Bhatinda Express,ASR,AMRITSAR JN,01:55:00,02:15:00,2,,NR,Punjab
19226,Jammu Tawi Bhatinda Express,FZR,FIROZPUR CANT,07:10:00,07:30:00,2,,NR,Punjab
14315,Bareilly-NewDelhi InterCity,BE,BAREILLY,None,04:55:00,1,,NER,Uttar Pradesh
14315,Bareilly-NewDelhi InterCity,MB,MORADABAD,06:30:00,06:35:00,1,,NR,Uttar Pradesh
14315,Bareilly-NewDelhi InterCity,GZB,GHAZIABAD,09:18:00,09:20:00,1,,NR,Uttar Pradesh
14315,Bareilly-NewDelhi InterCity,NDLS,NEW DELHI,10:05:00,None,1,,NR,Delhi
12952,Mumbai Rajdhani Express,NDLS,NEW DELHI,None,16:30:00,1,,NR,Delhi
12952,Mumbai Rajdhani Express,NZM,DELHI H NIZAMUDDIN,16:34:00,16:34:00,1,,NR,Delhi
12952,Mumbai Rajdhani Express,KOTA,KOTA JN,20:55:00,21:05:00,1,,WCR,Rajasthan
12952,Mumbai Rajdhani Express,RTM,RATLAM JN,23:56:00,23:59:00,1,,WR,Madhya Pradesh
12952,Mumbai Rajdhani Express,BRC,VADODARA JN,03:24:00,03:40:00,2,,WR,Gujarat
12952,Mumbai Rajdhani Express,ST,SURAT,05:11:00,05:14:00,2,,WR,Gujarat
12952,Mumbai Rajdhani Express,BCT,Mumbai Central,08:35:00,None,2,,WR,Maharashtra
54506,Ambala Delhi Passenger,UMB,AMBALA CANT JN,None,06:00:00,1,,NR,Haryana
54506,Ambala Delhi Passenger,GZB,GHAZIABAD,14:25:00,14:30:00,1,,NR,Uttar Pradesh
12275,Allahabad-New Delhi Duronto Express,ALD,ALLAHABAD JN,None,22:40:00,1,,NCR,Uttar Pradesh
12275,Allahabad-New Delhi Duronto Express,CNB,KANPUR CENTRAL,00:56:00,00:56:00,2,,NCR,Uttar Pradesh
12275,Allahabad-New Delhi Duronto Express,TDL,TUNDLA JN,03:39:00,03:39:00,2,,NCR,Uttar Pradesh
12275,Allahabad-New Delhi Duronto Express,ALJN,ALIGARH JN,04:34:00,04:34:00,2,,NCR,Uttar Pradesh
12275,Allahabad-New Delhi Duronto Express,GZB,GHAZIABAD,05:48:00,05:48:00,2,,NR,Uttar Pradesh
12275,Allahabad-New Delhi Duronto Express,NDLS,NEW DELHI,06:05:00,None,2,,NR,Delhi
63551,Asansol Dhanbad Passenger MEMU,ASN,ASANSOL JN,None,23:00:00,1,,ER,West Bengal
63551,Asansol Dhanbad Passenger MEMU,DHN,DHANBAD JN,00:20:00,None,2,,ECR,Jharkhand
47209,Hyderabad Falaknuma MMTS,HYB,HYDERABAD DECCAN,None,12:30:00,1,,SCR,Andhra Pradesh
47209,Hyderabad Falaknuma MMTS,SC,SECUNDERABAD JN,13:00:00,13:02:00,1,,SCR,Telangana
14163,Sangam Express,ALD,ALLAHABAD JN,None,17:45:00,1,,NCR,Uttar Pradesh
14163,Sangam Express,CNB,KANPUR CENTRAL,21:20:00,21:25:00,1,,NCR,Uttar Pradesh
14163,Sangam Express,TDL,TUNDLA JN,01:35:00,01:40:00,2,,NCR,Uttar Pradesh
14163,Sangam Express,ALJN,ALIGARH JN,03:00:00,03:05:00,2,,NCR,Uttar Pradesh
12717,Ratnachal SF Express,VSKP,VISHAKAPATNAM,None,12:30:00,1,,ECoR,Andhra Pradesh
12717,Ratnachal SF Express,BZA,VIJAYAWADA JN,18:35:00,None,1,,SCR,Andhra Pradesh
12673,Cheran Express,MAS,CHENNAI CENTRAL,None,22:10:00,1,,SR,Tamil Nadu
12673,Cheran Express,CBE,COIMBATORE JN,06:10:00,None,2,,SR,Tamil Nadu
12842,Coromandel Express,MAS,CHENNAI CENTRAL,None,08:45:00,1,,SR,Tamil Nadu
12842,Coromandel Express,BZA,VIJAYAWADA JN,15:10:00,15:25:00,1,,SCR,Andhra Pradesh
12842,Coromandel Express,VSKP,VISHAKAPATNAM,21:50:00,22:10:00,1,,ECoR,Andhra Pradesh
12842,Coromandel Express,BBS,BHUBANESWAR,04:35:00,04:45:00,2,,ECoR,Odisha
12842,Coromandel Express,CTC,CUTTACK,05:22:00,05:27:00,2,,ECoR,Odisha
12842,Coromandel Express,HWH,HOWRAH JN,11:50:00,None,2,,ER,West Bengal
58002,Puri Santargachi Passenger,PURI,PURI,None,09:40:00,1,,ECoR,Odisha
58002,Puri Santargachi Passenger,BBS,BHUBANESWAR,12:00:00,12:05:00,1,,ECoR,Odisha
57549,Hyderabad Aurangabad Passenger,HYB,HYDERABAD DECCAN,None,21:30:00,1,,SCR,Andhra Pradesh
57549,Hyderabad Aurangabad Passenger,AWB,AURANGABAD,14:15:00,None,2,,SCR,Maharashtra
16343,Amrita Express,TVC,TRIVANDRUM CENTRAL,None,22:30:00,1,,SR,Kerala
16343,Amrita Express,ERS,ERNAKULAM JN,02:48:00,02:48:00,2,,SR,Kerala
19224,JAMMU TAWI - AHMEDABAD Exp,JAT,JAMMU TAWI,None,07:40:00,1,,NR,Jammu and Kashmir
19224,JAMMU TAWI - AHMEDABAD Exp,PTK,PATHANKOT,10:25:00,11:15:00,1,,NR,Punjab
19224,JAMMU TAWI - AHMEDABAD Exp,FZR,FIROZPUR CANT,16:00:00,16:25:00,1,,NR,Punjab
19224,JAMMU TAWI - AHMEDABAD Exp,BKN,BIKANER JN,00:30:00,00:40:00,2,,NWR,Rajasthan
19224,JAMMU TAWI - AHMEDABAD Exp,JU,JODHPUR JN,05:35:00,05:55:00,2,,NWR,Rajasthan
19224,JAMMU TAWI - AHMEDABAD Exp,ADI,AHMEDABAD JN,15:00:00,None,2,,WR,Gujarat
16530,Udyan Express,SBC,BANGALORE CITY JN,None,20:10:00,1,,SWR,Karnataka
16530,Udyan Express,GTL,GUNTAKAL JN,03:15:00,03:20:00,2,,SCR,Andhra Pradesh
16530,Udyan Express,SUR,SOLAPUR JN,11:10:00,11:20:00,2,,CR,Maharashtra
16530,Udyan Express,PUNE,PUNE JN,15:50:00,15:55:00,2,,CR,Maharashtra
16530,Udyan Express,KYN,KALYAN JN,18:39:00,18:40:00,2,,CR,Maharashtra
16530,Udyan Express,DR,MUMBAI DADAR CENTRAL,19:24:00,19:25:00,2,,CR,Maharashtra
16530,Udyan Express,CSTM,MUMBAI CST,19:50:00,None,2,,CR,Maharashtra
19711-Slip,Jaipur-Indore Express Slip,JP,JAIPUR,None,17:35:00,1,,NWR,Rajasthan
19711-Slip,Jaipur-Indore Express Slip,RTM,RATLAM JN,05:25:00,06:00:00,2,,WR,Madhya Pradesh
12924,Indore Express,NGP,NAGPUR,None,19:15:00,1,,SECR,Maharashtra
12924,Indore Express,ET,ITARSI JN,00:15:00,00:18:00,2,,WCR,Madhya Pradesh
12924,Indore Express,BPL,BHOPAL JN,01:42:00,01:42:00,2,,WCR,Madhya Pradesh
64089,Nizamuddin Parikrama,NZM,DELHI H NIZAMUDDIN,None,16:45:00,1,,NR,Delhi
64089,Nizamuddin Parikrama,NDLS,NEW DELHI,17:45:00,17:47:00,1,,NR,Delhi
12759,Charminar Express,MAS,CHENNAI CENTRAL,None,18:10:00,1,,SR,Tamil Nadu
12759,Charminar Express,BZA,VIJAYAWADA JN,01:10:00,01:20:00,2,,SCR,Andhra Pradesh
12759,Charminar Express,SC,SECUNDERABAD JN,07:15:00,07:20:00,2,,SCR,Telangana
12759,Charminar Express,HYB,HYDERABAD DECCAN,08:00:00,None,2,,SCR,Andhra Pradesh
12910,H.Nizamuddin-Bandra Terminus Garib Rath Express,NZM,DELHI H NIZAMUDDIN,None,15:40:00,1,,NR,Delhi
12910,H.Nizamuddin-Bandra Terminus Garib Rath Express,KOTA,KOTA JN,20:10:00,20:15:00,1,,WCR,Rajasthan
12910,H.Nizamuddin-Bandra Terminus Garib Rath Express,RTM,RATLAM JN,23:20:00,23:25:00,1,,WR,Madhya Pradesh
12910,H.Nizamuddin-Bandra Terminus Garib Rath Express,BRC,VADODARA JN,02:52:00,03:09:00,2,,WR,Gujarat
12910,H.Nizamuddin-Bandra Terminus Garib Rath Express,ST,SURAT,04:43:00,04:46:00,2,,WR,Gujarat
12331,Himgiri Express,HWH,HOWRAH JN,None,23:55:00,1,,ER,West Bengal
12331,Himgiri Express,BWN,BARDDHAMAN JN,01:07:00,01:07:00,2,,ER,West Bengal
12331,Himgiri Express,ASN,ASANSOL JN,02:26:00,02:36:00,2,,ER,West Bengal
12331,Himgiri Express,PNBE,PATNA JN,10:00:00,10:15:00,2,,ECR,Bihar
12331,Himgiri Express,MGS,MUGHAL SARAI JN,13:45:00,14:05:00,2,,ECR,Uttar Pradesh
12331,Himgiri Express,LKO,LUCKNOW,19:30:00,19:40:00,2,,NER,Uttar Pradesh
12331,Himgiri Express,BE,BAREILLY,23:15:00,23:20:00,2,,NER,Uttar Pradesh
12331,Himgiri Express,MB,MORADABAD,00:55:00,01:05:00,3,,NR,Uttar Pradesh
12331,Himgiri Express,UMB,AMBALA CANT JN,05:35:00,05:43:00,3,,NR,Haryana
12331,Himgiri Express,LDH,LUDHIANA JN,07:25:00,07:35:00,3,,NR,Punjab
12331,Himgiri Express,JAT,JAMMU TAWI,12:20:00,None,3,,NR,Jammu and Kashmir
13005,Howrah-Amritsar Mail,HWH,HOWRAH JN,None,19:10:00,1,,ER,West Bengal
13005,Howrah-Amritsar Mail,BWN,BARDDHAMAN JN,20:22:00,20:27:00,1,,ER,West Bengal
13005,Howrah-Amritsar Mail,ASN,ASANSOL JN,22:01:00,22:06:00,1,,ER,West Bengal
13005,Howrah-Amritsar Mail,PNBE,PATNA JN,04:10:00,04:20:00,2,,ECR,Bihar
13005,Howrah-Amritsar Mail,MGS,MUGHAL SARAI JN,08:10:00,08:30:00,2,,ECR,Uttar Pradesh
13005,Howrah-Amritsar Mail,LKO,LUCKNOW,15:20:00,15:30:00,2,,NER,Uttar Pradesh
13005,Howrah-Amritsar Mail,BE,BAREILLY,19:30:00,19:35:00,2,,NER,Uttar Pradesh
13005,Howrah-Amritsar Mail,MB,MORADABAD,21:15:00,21:40:00,2,,NR,Uttar Pradesh
13005,Howrah-Amritsar Mail,UMB,AMBALA CANT JN,02:55:00,03:10:00,3,,NR,Haryana
13005,Howrah-Amritsar Mail,LDH,LUDHIANA JN,05:40:00,05:50:00,3,,NR,Punjab
13005,Howrah-Amritsar Mail,ASR,AMRITSAR JN,08:55:00,None,3,,NR,Punjab
12495,BIKANER - KOLKATA CHITPUR Pratap Exp,BKN,BIKANER JN,None,05:30:00,1,,NWR,Rajasthan
12495,BIKANER - KOLKATA CHITPUR Pratap Exp,JP,JAIPUR,11:35:00,11:45:00,1,,NWR,Rajasthan
12495,BIKANER - KOLKATA CHITPUR Pratap Exp,TDL,TUNDLA JN,16:50:00,16:55:00,1,,NCR,Uttar Pradesh
12495,BIKANER - KOLKATA CHITPUR Pratap Exp,CNB,KANPUR CENTRAL,19:55:00,20:05:00,1,,NCR,Uttar Pradesh
12495,BIKANER - KOLKATA CHITPUR Pratap Exp,ALD,ALLAHABAD JN,22:30:00,22:40:00,1,,NCR,Uttar Pradesh
12495,BIKANER - KOLKATA CHITPUR Pratap Exp,MGS,MUGHAL SARAI JN,02:45:00,03:15:00,2,,ECR,Uttar Pradesh
12495,BIKANER - KOLKATA CHITPUR Pratap Exp,GAYA,GAYA JN,06:00:00,06:05:00,2,,ECR,Bihar
12495,BIKANER - KOLKATA CHITPUR Pratap Exp,DHN,DHANBAD JN,09:02:00,09:12:00,2,,ECR,Jharkhand
12495,BIKANER - KOLKATA CHITPUR Pratap Exp,ASN,ASANSOL JN,10:05:00,10:10:00,2,,ER,West Bengal
12495,BIKANER - KOLKATA CHITPUR Pratap Exp,BWN,BARDDHAMAN JN,11:32:00,11:35:00,2,,ER,West Bengal
16093,Chennai Lucknow Express,MAS,CHENNAI CENTRAL,None,05:15:00,1,,SR,Tamil Nadu
16093,Chennai Lucknow Express,BZA,VIJAYAWADA JN,14:30:00,14:50:00,1,,SCR,Andhra Pradesh
16093,Chennai Lucknow Express,NGP,NAGPUR,02:35:00,02:45:00,2,,SECR,Maharashtra
16093,Chennai Lucknow Express,ET,ITARSI JN,08:05:00,08:10:00,2,,WCR,Madhya Pradesh
16093,Chennai Lucknow Express,BPL,BHOPAL JN,10:05:00,10:10:00,2,,WCR,Madhya Pradesh
16093,Chennai Lucknow Express,JHS,JHANSI JN,14:40:00,15:05:00,2,,NCR,Uttar Pradesh
16093,Chennai Lucknow Express,CNB,KANPUR CENTRAL,19:05:00,19:15:00,2,,NCR,Uttar Pradesh
16093,Chennai Lucknow Express,LKO,LUCKNOW,20:35:00,None,2,,NER,Uttar Pradesh
53045,Mayurakshi Fast Passenger,HWH,HOWRAH JN,None,16:25:00,1,,ER,West Bengal
53045,Mayurakshi Fast Passenger,BWN,BARDDHAMAN JN,18:20:00,18:22:00,1,,ER,West Bengal
12059,Kota-Hazrat Nizamuddin Jan Shatabdi,KOTA,KOTA JN,None,05:55:00,1,,WCR,Rajasthan
12059,Kota-Hazrat Nizamuddin Jan Shatabdi,NZM,DELHI H NIZAMUDDIN,12:30:00,None,1,,NR,Delhi
12801,Purushottam SF Express,PURI,PURI,None,21:50:00,1,,ECoR,Odisha
12801,Purushottam SF Express,BBS,BHUBANESWAR,23:20:00,23:25:00,1,,ECoR,Odisha
12801,Purushottam SF Express,CTC,CUTTACK,00:05:00,00:10:00,2,,ECoR,Odisha
12801,Purushottam SF Express,TATA,TATANAGAR JN,06:35:00,06:45:00,2,,SER,Jharkhand
12801,Purushottam SF Express,GAYA,GAYA JN,14:00:00,14:05:00,2,,ECR,Bihar
12801,Purushottam SF Express,MGS,MUGHAL SARAI JN,17:10:00,17:30:00,2,,ECR,Uttar Pradesh
12801,Purushottam SF Express,ALD,ALLAHABAD JN,19:35:00,19:45:00,2,,NCR,Uttar Pradesh
12801,Purushottam SF Express,CNB,KANPUR CENTRAL,22:10:00,22:15:00,2,,NCR,Uttar Pradesh
12801,Purushottam SF Express,TDL,TUNDLA JN,01:32:00,01:32:00,3,,NCR,Uttar Pradesh
12801,Purushottam SF Express,ALJN,ALIGARH JN,02:38:00,02:38:00,3,,NCR,Uttar Pradesh
12801,Purushottam SF Express,GZB,GHAZIABAD,04:03:00,04:05:00,3,,NR,Uttar Pradesh
12801,Purushottam SF Express,NDLS,NEW DELHI,04:50:00,None,3,,NR,Delhi
63509,Barddhaman Asansol mEMU,BWN,BARDDHAMAN JN,None,07:25:00,1,,ER,West Bengal
63509,Barddhaman Asansol mEMU,ASN,ASANSOL JN,09:15:00,None,1,,ER,West Bengal
54611,Amritsar Batala Pathankot DMU,ASR,AMRITSAR JN,None,04:40:00,1,,NR,Punjab
54611,Amritsar Batala Pathankot DMU,PTK,PATHANKOT,07:35:00,None,1,,NR,Punjab
12674,Cheran Express,CBE,COIMBATORE JN,None,22:20:00,1,,SR,Tamil Nadu
12674,Cheran Express,MAS,CHENNAI CENTRAL,06:35:00,None,2,,SR,Tamil Nadu
54539,Nizamuddin Ambala Passenger,NZM,DELHI H NIZAMUDDIN,None,03:30:00,1,,NR,Delhi
54539,Nizamuddin Ambala Passenger,NDLS,NEW DELHI,03:50:00,04:00:00,1,,NR,Delhi
54539,Nizamuddin Ambala Passenger,GZB,GHAZIABAD,05:28:00,05:30:00,1,,NR,Uttar Pradesh
54539,Nizamuddin Ambala Passenger,UMB,AMBALA CANT JN,14:15:00,None,1,,NR,Haryana
13245,Capital Express,NJP,NEW JALPAIGURI,None,14:40:00,1,,NFR,West Bengal
13245,Capital Express,PNBE,PATNA JN,04:00:00,04:10:00,2,,ECR,Bihar
63505,Barddhaman Asansol mEMU,BWN,BARDDHAMAN JN,None,04:10:00,1,,ER,West Bengal
63505,Barddhaman Asansol mEMU,ASN,ASANSOL JN,06:05:00,None,1,,ER,West Bengal
16041,Chennai- Alapuzha Alleppey Express,MAS,CHENNAI CENTRAL,None,21:15:00,1,,SR,Tamil Nadu
16041,Chennai- Alapuzha Alleppey Express,ERS,ERNAKULAM JN,09:00:00,09:10:00,2,,SR,Kerala
54614,Amritsar Batala Pathankot Passenger,PTK,PATHANKOT,None,08:00:00,1,,NR,Punjab
54614,Amritsar Batala Pathankot Passenger,ASR,AMRITSAR JN,11:00:00,None,1,,NR,Punjab
19005,Saurashtra Mail,BCT,Mumbai Central,None,20:25:00,1,,WR,Maharashtra
19005,Saurashtra Mail,ST,SURAT,00:42:00,00:47:00,2,,WR,Gujarat
19005,Saurashtra Mail,BRC,VADODARA JN,02:40:00,02:45:00,2,,WR,Gujarat
19005,Saurashtra Mail,ADI,AHMEDABAD JN,04:55:00,05:15:00,2,,WR,Gujarat
12739,Visakhapatnam Secunderabad Garib Rath Express,VSKP,VISHAKAPATNAM,None,20:30:00,1,,ECoR,Andhra Pradesh
12739,Visakhapatnam Secunderabad Garib Rath Express,BZA,VIJAYAWADA JN,02:10:00,02:25:00,2,,SCR,Andhra Pradesh
12739,Visakhapatnam Secunderabad Garib Rath Express,SC,SECUNDERABAD JN,08:10:00,None,2,,SCR,Telangana
12704,Falaknuma Express,SC,SECUNDERABAD JN,None,16:00:00,1,,SCR,Telangana
12704,Falaknuma Express,BZA,VIJAYAWADA JN,21:25:00,21:40:00,1,,SCR,Andhra Pradesh
12704,Falaknuma Express,VSKP,VISHAKAPATNAM,03:30:00,03:50:00,2,,ECoR,Andhra Pradesh
12704,Falaknuma Express,BBS,BHUBANESWAR,10:50:00,10:55:00,2,,ECoR,Odisha
12704,Falaknuma Express,CTC,CUTTACK,11:22:00,11:27:00,2,,ECoR,Odisha
12704,Falaknuma Express,HWH,HOWRAH JN,17:45:00,None,2,,ER,West Bengal
14163-Slip,Sangam Express Slip,ALD,ALLAHABAD JN,None,17:45:00,1,,NCR,Uttar Pradesh
14163-Slip,Sangam Express Slip,CNB,KANPUR CENTRAL,21:20:00,21:25:00,1,,NCR,Uttar Pradesh
14163-Slip,Sangam Express Slip,TDL,TUNDLA JN,01:40:00,01:45:00,2,,NCR,Uttar Pradesh
14163-Slip,Sangam Express Slip,ALJN,ALIGARH JN,03:05:00,03:30:00,2,,NCR,Uttar Pradesh
14163-Slip,Sangam Express Slip,MB,MORADABAD,07:05:00,07:15:00,2,,NR,Uttar Pradesh
54613,Amritsar Pathankot DMU,ASR,AMRITSAR JN,None,06:15:00,1,,NR,Punjab
54613,Amritsar Pathankot DMU,PTK,PATHANKOT,09:35:00,None,1,,NR,Punjab
18047,HOWRAH - VASCO DA GAMA Amravati Exp,VSKP,VISHAKAPATNAM,None,None,,,ECoR,Andhra Pradesh
18047,HOWRAH - VASCO DA GAMA Amravati Exp,HWH,HOWRAH JN,None,23:30:00,1,,ER,West Bengal
18047,HOWRAH - VASCO DA GAMA Amravati Exp,CTC,CUTTACK,05:20:00,05:25:00,2,,ECoR,Odisha
18047,HOWRAH - VASCO DA GAMA Amravati Exp,BBS,BHUBANESWAR,06:00:00,06:05:00,2,,ECoR,Odisha
18047,HOWRAH - VASCO DA GAMA Amravati Exp,BZA,VIJAYAWADA JN,18:45:00,18:55:00,2,,SCR,Andhra Pradesh
18047,HOWRAH - VASCO DA GAMA Amravati Exp,GTL,GUNTAKAL JN,04:00:00,04:10:00,3,,SCR,Andhra Pradesh
18047,HOWRAH - VASCO DA GAMA Amravati Exp,UBL,HUBLI JN,08:50:00,09:00:00,3,,SWR,Karnataka
12754,New Jalpaiguri-Chennai SF Express,NJP,NEW JALPAIGURI,None,22:00:00,1,,NFR,West Bengal
12754,New Jalpaiguri-Chennai SF Express,ASN,ASANSOL JN,08:55:00,09:05:00,2,,ER,West Bengal
12754,New Jalpaiguri-Chennai SF Express,CTC,CUTTACK,17:09:00,17:09:00,2,,ECoR,Odisha
12754,New Jalpaiguri-Chennai SF Express,BBS,BHUBANESWAR,17:30:00,17:40:00,2,,ECoR,Odisha
12754,New Jalpaiguri-Chennai SF Express,BZA,VIJAYAWADA JN,07:15:00,07:30:00,3,,SCR,Andhra Pradesh
12754,New Jalpaiguri-Chennai SF Express,MAS,CHENNAI CENTRAL,14:55:00,None,3,,SR,Tamil Nadu
14864,Marudhar Express,JU,JODHPUR JN,None,09:50:00,1,,NWR,Rajasthan
14864,Marudhar Express,JP,JAIPUR,15:20:00,15:40:00,1,,NWR,Rajasthan
14864,Marudhar Express,TDL,TUNDLA JN,22:05:00,22:10:00,1,,NCR,Uttar Pradesh
14864,Marudhar Express,CNB,KANPUR CENTRAL,01:20:00,01:25:00,2,,NCR,Uttar Pradesh
14864,Marudhar Express,LKO,LUCKNOW,02:50:00,03:15:00,2,,NER,Uttar Pradesh
50103,Dadar Ratnagiri Passenger,DR,MUMBAI DADAR CENTRAL,None,15:35:00,1,,CR,Maharashtra
50103,Dadar Ratnagiri Passenger,PNVL,PANVEL,16:58:00,17:01:00,1,,CR,Maharashtra
12459,NewDelhi-Amritsar SF InterCity,NDLS,NEW DELHI,None,13:35:00,1,,NR,Delhi
12459,NewDelhi-Amritsar SF InterCity,UMB,AMBALA CANT JN,17:10:00,17:15:00,1,,NR,Haryana
12459,NewDelhi-Amritsar SF InterCity,LDH,LUDHIANA JN,19:03:00,19:08:00,1,,NR,Punjab
12459,NewDelhi-Amritsar SF InterCity,ASR,AMRITSAR JN,21:35:00,None,1,,NR,Punjab
12964,Mewar Express,UDZ,UDAIPUR CITY,None,18:15:00,1,,NWR,Rajasthan
12964,Mewar Express,KOTA,KOTA JN,23:40:00,23:55:00,1,,WCR,Rajasthan
12964,Mewar Express,NZM,DELHI H NIZAMUDDIN,06:30:00,None,2,,NR,Delhi
13307,Ganga Sutlej Express,DHN,DHANBAD JN,None,21:20:00,1,,ECR,Jharkhand
13307,Ganga Sutlej Express,GAYA,GAYA JN,00:50:00,01:00:00,2,,ECR,Bihar
13307,Ganga Sutlej Express,MGS,MUGHAL SARAI JN,04:15:00,04:35:00,2,,ECR,Uttar Pradesh
13307,Ganga Sutlej Express,LKO,LUCKNOW,14:40:00,14:55:00,2,,NER,Uttar Pradesh
13307,Ganga Sutlej Express,BE,BAREILLY,19:15:00,19:20:00,2,,NER,Uttar Pradesh
13307,Ganga Sutlej Express,MB,MORADABAD,20:55:00,21:05:00,2,,NR,Uttar Pradesh
13307,Ganga Sutlej Express,UMB,AMBALA CANT JN,03:50:00,04:00:00,3,,NR,Haryana
13307,Ganga Sutlej Express,LDH,LUDHIANA JN,06:12:00,06:22:00,3,,NR,Punjab
13307,Ganga Sutlej Express,FZR,FIROZPUR CANT,10:20:00,None,3,,NR,Punjab
58416,Cuttack Puri Passenger,PURI,PURI,None,08:05:00,1,,ECoR,Odisha
58416,Cuttack Puri Passenger,BBS,BHUBANESWAR,10:00:00,10:05:00,1,,ECoR,Odisha
58416,Cuttack Puri Passenger,CTC,CUTTACK,11:10:00,None,1,,ECoR,Odisha
12908,Maharashtra Sampark Kranti Express,NZM,DELHI H NIZAMUDDIN,None,21:35:00,1,,NR,Delhi
12908,Maharashtra Sampark Kranti Express,KOTA,KOTA JN,03:00:00,03:10:00,2,,WCR,Rajasthan
12908,Maharashtra Sampark Kranti Express,RTM,RATLAM JN,07:19:00,07:19:00,2,,WR,Madhya Pradesh
12908,Maharashtra Sampark Kranti Express,BRC,VADODARA JN,11:18:00,11:36:00,2,,WR,Gujarat
12908,Maharashtra Sampark Kranti Express,ST,SURAT,13:29:00,13:29:00,2,,WR,Gujarat
12205,New Delhi-Dehradun AC Express,NDLS,NEW DELHI,None,23:55:00,1,,NR,Delhi
12205,New Delhi-Dehradun AC Express,GZB,GHAZIABAD,00:38:00,00:40:00,2,,NR,Uttar Pradesh
17311,CHENNAI CENT - VASCO DA GAMA Exp,MAS,CHENNAI CENTRAL,None,14:10:00,1,,SR,Tamil Nadu
17311,CHENNAI CENT - VASCO DA GAMA Exp,UBL,HUBLI JN,06:45:00,06:55:00,2,,SWR,Karnataka
13239,Patna Mathura Express,PNBE,PATNA JN,None,11:50:00,1,,ECR,Bihar
13239,Patna Mathura Express,MGS,MUGHAL SARAI JN,15:30:00,15:50:00,1,,ECR,Uttar Pradesh
13239,Patna Mathura Express,LKO,LUCKNOW,23:30:00,23:55:00,1,,NER,Uttar Pradesh
13239,Patna Mathura Express,CNB,KANPUR CENTRAL,01:20:00,01:32:00,2,,NCR,Uttar Pradesh
13239,Patna Mathura Express,TDL,TUNDLA JN,04:20:00,04:25:00,2,,NCR,Uttar Pradesh
13239,Patna Mathura Express,AGC,AGRA CANTT,05:45:00,06:15:00,2,,NCR,Uttar Pradesh
11046,DHANBAD - KOLHAPUR CSMT Deekshabhoomi Exp,DHN,DHANBAD JN,None,13:45:00,1,,ECR,Jharkhand
11046,DHANBAD - KOLHAPUR CSMT Deekshabhoomi Exp,GAYA,GAYA JN,16:50:00,17:00:00,1,,ECR,Bihar
11046,DHANBAD - KOLHAPUR CSMT Deekshabhoomi Exp,MGS,MUGHAL SARAI JN,19:55:00,20:15:00,1,,ECR,Uttar Pradesh
11046,DHANBAD - KOLHAPUR CSMT Deekshabhoomi Exp,ALD,ALLAHABAD JN,00:30:00,01:02:00,2,,NCR,Uttar Pradesh
11046,DHANBAD - KOLHAPUR CSMT Deekshabhoomi Exp,JBP,JABALPUR,06:30:00,06:40:00,2,,WCR,Madhya Pradesh
11046,DHANBAD - KOLHAPUR CSMT Deekshabhoomi Exp,ET,ITARSI JN,10:35:00,10:55:00,2,,WCR,Madhya Pradesh
11046,DHANBAD - KOLHAPUR CSMT Deekshabhoomi Exp,NGP,NAGPUR,15:30:00,15:40:00,2,,SECR,Maharashtra
11046,DHANBAD - KOLHAPUR CSMT Deekshabhoomi Exp,AWB,AURANGABAD,09:00:00,09:05:00,3,,SCR,Maharashtra
11046,DHANBAD - KOLHAPUR CSMT Deekshabhoomi Exp,PUNE,PUNE JN,19:15:00,19:30:00,3,,CR,Maharashtra
11046,DHANBAD - KOLHAPUR CSMT Deekshabhoomi Exp,KOP,C SHAHU M RAJ KOLHAPUR TERM,04:00:00,None,4,,CR,Maharashtra
63249,Patna Gaya Passenger MEMU,PNBE,PATNA JN,None,14:30:00,1,,ECR,Bihar
63249,Patna Gaya Passenger MEMU,GAYA,GAYA JN,17:30:00,None,1,,ECR,Bihar
14217,Unchahar Express,ALD,ALLAHABAD JN,None,14:15:00,1,,NCR,Uttar Pradesh
14217,Unchahar Express,CNB,KANPUR CENTRAL,20:05:00,20:30:00,1,,NCR,Uttar Pradesh
14217,Unchahar Express,TDL,TUNDLA JN,00:15:00,00:23:00,2,,NCR,Uttar Pradesh
14217,Unchahar Express,ALJN,ALIGARH JN,01:26:00,01:31:00,2,,NCR,Uttar Pradesh
14217,Unchahar Express,GZB,GHAZIABAD,03:20:00,03:22:00,2,,NR,Uttar Pradesh
14217,Unchahar Express,UMB,AMBALA CANT JN,09:05:00,09:25:00,2,,NR,Haryana
14217,Unchahar Express,CDG,CHANDIGARH,10:15:00,None,2,,NR,Chandigarh
18474,JODHPUR - PURI Express,JU,JODHPUR JN,None,13:55:00,1,,NWR,Rajasthan
18474,JODHPUR - PURI Express,JP,JAIPUR,19:25:00,19:40:00,1,,NWR,Rajasthan
18474,JODHPUR - PURI Express,KOTA,KOTA JN,22:55:00,23:05:00,1,,WCR,Rajasthan
18474,JODHPUR - PURI Express,BPL,BHOPAL JN,07:10:00,07:20:00,2,,WCR,Madhya Pradesh
18474,JODHPUR - PURI Express,ET,ITARSI JN,09:20:00,09:25:00,2,,WCR,Madhya Pradesh
18474,JODHPUR - PURI Express,NGP,NAGPUR,14:00:00,14:55:00,2,,SECR,Maharashtra
18474,JODHPUR - PURI Express,R,RAIPUR JN,19:35:00,19:45:00,2,,SECR,Chhattisgarh
18474,JODHPUR - PURI Express,BSP,BILASPUR JN,21:40:00,22:10:00,2,,SECR,Chhattisgarh
18474,JODHPUR - PURI Express,CTC,CUTTACK,09:52:00,09:57:00,3,,ECoR,Odisha
18474,JODHPUR - PURI Express,BBS,BHUBANESWAR,10:30:00,10:35:00,3,,ECoR,Odisha
18474,JODHPUR - PURI Express,PURI,PURI,12:25:00,None,3,,ECoR,Odisha
18615,HOWRAH - HATIA Kriya Yoga Express,TATA,TATANAGAR JN,None,None,,,SER,Jharkhand
18615,HOWRAH - HATIA Kriya Yoga Express,HWH,HOWRAH JN,None,22:20:00,1,,ER,West Bengal
12513,SECUNDERABAD - GUWAHATI Exp,SC,SECUNDERABAD JN,None,07:30:00,1,,SCR,Telangana
12513,SECUNDERABAD - GUWAHATI Exp,BZA,VIJAYAWADA JN,13:05:00,13:20:00,1,,SCR,Andhra Pradesh
12513,SECUNDERABAD - GUWAHATI Exp,VSKP,VISHAKAPATNAM,19:30:00,19:45:00,1,,ECoR,Andhra Pradesh
12513,SECUNDERABAD - GUWAHATI Exp,BBS,BHUBANESWAR,02:20:00,02:25:00,2,,ECoR,Odisha
12513,SECUNDERABAD - GUWAHATI Exp,CTC,CUTTACK,03:11:00,03:16:00,2,,ECoR,Odisha
12513,SECUNDERABAD - GUWAHATI Exp,HWH,HOWRAH JN,10:55:00,11:15:00,2,,ER,West Bengal
12513,SECUNDERABAD - GUWAHATI Exp,BWN,BARDDHAMAN JN,12:35:00,12:35:00,2,,ER,West Bengal
12513,SECUNDERABAD - GUWAHATI Exp,NJP,NEW JALPAIGURI,21:30:00,21:45:00,2,,NFR,West Bengal
12513,SECUNDERABAD - GUWAHATI Exp,GHY,GUWAHATI,05:50:00,None,3,,NFR,Assam
15632-Slip,Guwahati Barmer Express Slip,GHY,GUWAHATI,None,10:45:00,1,,NFR,Assam
15632-Slip,Guwahati Barmer Express Slip,NJP,NEW JALPAIGURI,18:10:00,18:25:00,1,,NFR,West Bengal
15632-Slip,Guwahati Barmer Express Slip,PNBE,PATNA JN,04:50:00,05:05:00,2,,ECR,Bihar
15632-Slip,Guwahati Barmer Express Slip,MGS,MUGHAL SARAI JN,08:55:00,09:15:00,2,,ECR,Uttar Pradesh
15632-Slip,Guwahati Barmer Express Slip,ALD,ALLAHABAD JN,11:30:00,11:35:00,2,,NCR,Uttar Pradesh
15632-Slip,Guwahati Barmer Express Slip,CNB,KANPUR CENTRAL,14:00:00,14:15:00,2,,NCR,Uttar Pradesh
15632-Slip,Guwahati Barmer Express Slip,TDL,TUNDLA JN,17:25:00,17:30:00,2,,NCR,Uttar Pradesh
15632-Slip,Guwahati Barmer Express Slip,JP,JAIPUR,23:10:00,23:20:00,2,,NWR,Rajasthan
15632-Slip,Guwahati Barmer Express Slip,BKN,BIKANER JN,07:00:00,None,3,,NWR,Rajasthan
12810,HOWRAH - MUMBAI CST SF Mail (via NAGPUR),HWH,HOWRAH JN,None,20:15:00,1,,ER,West Bengal
12810,HOWRAH - MUMBAI CST SF Mail (via NAGPUR),TATA,TATANAGAR JN,23:47:00,23:52:00,1,,SER,Jharkhand
12810,HOWRAH - MUMBAI CST SF Mail (via NAGPUR),ROU,ROURKELA,02:10:00,02:25:00,2,,SER,Odisha
12810,HOWRAH - MUMBAI CST SF Mail (via NAGPUR),BSP,BILASPUR JN,07:10:00,07:25:00,2,,SECR,Chhattisgarh
12810,HOWRAH - MUMBAI CST SF Mail (via NAGPUR),R,RAIPUR JN,09:00:00,09:10:00,2,,SECR,Chhattisgarh
12810,HOWRAH - MUMBAI CST SF Mail (via NAGPUR),NGP,NAGPUR,14:10:00,14:20:00,2,,SECR,Maharashtra
12810,HOWRAH - MUMBAI CST SF Mail (via NAGPUR),KYN,KALYAN JN,04:10:00,04:15:00,3,,CR,Maharashtra
12810,HOWRAH - MUMBAI CST SF Mail (via NAGPUR),DR,MUMBAI DADAR CENTRAL,04:59:00,05:00:00,3,,CR,Maharashtra
12810,HOWRAH - MUMBAI CST SF Mail (via NAGPUR),CSTM,MUMBAI CST,05:25:00,None,3,,CR,Maharashtra
13141,Testa Torsa Express,SDAH,KOLKATA SEALDAH,None,13:40:00,1,,ER,West Bengal
13141,Testa Torsa Express,NJP,NEW JALPAIGURI,02:40:00,02:55:00,2,,NFR,West Bengal
22131,PUNE - MANDUADIH Gyan Ganga Exp,PUNE,PUNE JN,None,16:15:00,1,,CR,Maharashtra
22131,PUNE - MANDUADIH Gyan Ganga Exp,ET,ITARSI JN,05:10:00,05:20:00,2,,WCR,Madhya Pradesh
22131,PUNE - MANDUADIH Gyan Ganga Exp,JBP,JABALPUR,08:55:00,09:05:00,2,,WCR,Madhya Pradesh
22131,PUNE - MANDUADIH Gyan Ganga Exp,ALD,ALLAHABAD JN,15:50:00,16:20:00,2,,NCR,Uttar Pradesh
12346,GUWAHATI - HOWRAH Saraighat SF Exp,GHY,GUWAHATI,None,12:45:00,1,,NFR,Assam
12346,GUWAHATI - HOWRAH Saraighat SF Exp,NJP,NEW JALPAIGURI,19:10:00,19:25:00,1,,NFR,West Bengal
12346,GUWAHATI - HOWRAH Saraighat SF Exp,BWN,BARDDHAMAN JN,03:46:00,03:48:00,2,,ER,West Bengal
12346,GUWAHATI - HOWRAH Saraighat SF Exp,HWH,HOWRAH JN,05:10:00,None,2,,ER,West Bengal
19054,MUZAFFARPUR - SURAT Exp,MFP,MUZAFFARPUR JN,None,19:30:00,1,,ECR,Bihar
19054,MUZAFFARPUR - SURAT Exp,LKO,LUCKNOW,10:00:00,10:25:00,2,,NER,Uttar Pradesh
19054,MUZAFFARPUR - SURAT Exp,CNB,KANPUR CENTRAL,12:05:00,12:20:00,2,,NCR,Uttar Pradesh
19054,MUZAFFARPUR - SURAT Exp,TDL,TUNDLA JN,15:25:00,15:30:00,2,,NCR,Uttar Pradesh
19054,MUZAFFARPUR - SURAT Exp,AGC,AGRA CANTT,17:25:00,17:35:00,2,,NCR,Uttar Pradesh
19054,MUZAFFARPUR - SURAT Exp,GWL,GWALIOR JN,19:15:00,19:20:00,2,,NCR,Madhya Pradesh
19054,MUZAFFARPUR - SURAT Exp,JHS,JHANSI JN,21:20:00,21:35:00,2,,NCR,Uttar Pradesh
19054,MUZAFFARPUR - SURAT Exp,RTM,RATLAM JN,10:50:00,11:10:00,3,,WR,Madhya Pradesh
19054,MUZAFFARPUR - SURAT Exp,BRC,VADODARA JN,15:10:00,15:20:00,3,,WR,Gujarat
19054,MUZAFFARPUR - SURAT Exp,ST,SURAT,17:10:00,None,3,,WR,Gujarat
17609,PATNA - PURNA Exp,PNBE,PATNA JN,None,23:10:00,1,,ECR,Bihar
17609,PATNA - PURNA Exp,MGS,MUGHAL SARAI JN,02:55:00,03:10:00,2,,ECR,Uttar Pradesh
17609,PATNA - PURNA Exp,JBP,JABALPUR,11:00:00,11:10:00,2,,WCR,Madhya Pradesh
17609,PATNA - PURNA Exp,ET,ITARSI JN,14:40:00,15:00:00,2,,WCR,Madhya Pradesh
17609,PATNA - PURNA Exp,NGP,NAGPUR,19:35:00,19:45:00,2,,SECR,Maharashtra
22824,NEW DELHI - BHUBANESWAR Rajdhani Exp (Via Bokaro),NDLS,NEW DELHI,None,17:20:00,1,,NR,Delhi
22824,NEW DELHI - BHUBANESWAR Rajdhani Exp (Via Bokaro),GZB,GHAZIABAD,17:36:00,17:36:00,1,,NR,Uttar Pradesh
22824,NEW DELHI - BHUBANESWAR Rajdhani Exp (Via Bokaro),ALJN,ALIGARH JN,18:43:00,18:43:00,1,,NCR,Uttar Pradesh
22824,NEW DELHI - BHUBANESWAR Rajdhani Exp (Via Bokaro),TDL,TUNDLA JN,19:33:00,19:33:00,1,,NCR,Uttar Pradesh
22824,NEW DELHI - BHUBANESWAR Rajdhani Exp (Via Bokaro),CNB,KANPUR CENTRAL,21:57:00,22:02:00,1,,NCR,Uttar Pradesh
22824,NEW DELHI - BHUBANESWAR Rajdhani Exp (Via Bokaro),ALD,ALLAHABAD JN,00:19:00,00:19:00,2,,NCR,Uttar Pradesh
22824,NEW DELHI - BHUBANESWAR Rajdhani Exp (Via Bokaro),MGS,MUGHAL SARAI JN,02:05:00,02:15:00,2,,ECR,Uttar Pradesh
22824,NEW DELHI - BHUBANESWAR Rajdhani Exp (Via Bokaro),GAYA,GAYA JN,04:19:00,04:22:00,2,,ECR,Bihar
22824,NEW DELHI - BHUBANESWAR Rajdhani Exp (Via Bokaro),TATA,TATANAGAR JN,10:35:00,10:40:00,2,,SER,Jharkhand
22824,NEW DELHI - BHUBANESWAR Rajdhani Exp (Via Bokaro),CTC,CUTTACK,16:41:00,16:43:00,2,,ECoR,Odisha
22824,NEW DELHI - BHUBANESWAR Rajdhani Exp (Via Bokaro),BBS,BHUBANESWAR,17:30:00,None,2,,ECoR,Odisha
63253,Patna Gaya Passenger MEMU,PNBE,PATNA JN,None,18:30:00,1,,ECR,Bihar
63253,Patna Gaya Passenger MEMU,GAYA,GAYA JN,21:15:00,None,1,,ECR,Bihar
22836,Puri-Shalimar weekly superfast express,PURI,PURI,None,22:15:00,1,,ECoR,Odisha
22836,Puri-Shalimar weekly superfast express,BBS,BHUBANESWAR,23:45:00,23:50:00,1,,ECoR,Odisha
22836,Puri-Shalimar weekly superfast express,CTC,CUTTACK,00:20:00,00:25:00,2,,ECoR,Odisha
54462,BAREILLY - BANDIKUI Passenger,TDL,TUNDLA JN,None,None,,,NCR,Uttar Pradesh
54462,BAREILLY - BANDIKUI Passenger,BE,BAREILLY,None,20:25:00,1,,NER,Uttar Pradesh
54462,BAREILLY - BANDIKUI Passenger,ALJN,ALIGARH JN,02:35:00,None,2,,NCR,Uttar Pradesh
16334,TRIVANDRUM - VERAVAL Exp,TVC,TRIVANDRUM CENTRAL,None,15:15:00,1,,SR,Kerala
16334,TRIVANDRUM - VERAVAL Exp,MAO,MADGAON,10:55:00,11:05:00,2,,KR,Goa
16334,TRIVANDRUM - VERAVAL Exp,PNVL,PANVEL,21:20:00,21:25:00,2,,CR,Maharashtra
16334,TRIVANDRUM - VERAVAL Exp,ST,SURAT,02:45:00,02:55:00,3,,WR,Gujarat
16334,TRIVANDRUM - VERAVAL Exp,BRC,VADODARA JN,04:45:00,04:55:00,3,,WR,Gujarat
16334,TRIVANDRUM - VERAVAL Exp,ADI,AHMEDABAD JN,06:47:00,07:05:00,3,,WR,Gujarat
59801,Kota Jaipur Passenger,KOTA,KOTA JN,None,23:45:00,1,,WCR,Rajasthan
59801,Kota Jaipur Passenger,JP,JAIPUR,04:30:00,None,2,,NWR,Rajasthan
16526,BANGALORE - KANNIYAKUMARI Island Exp,SBC,BANGALORE CITY JN,None,21:40:00,1,,SWR,Karnataka
16526,BANGALORE - KANNIYAKUMARI Island Exp,CBE,COIMBATORE JN,05:25:00,05:30:00,2,,SR,Tamil Nadu
16526,BANGALORE - KANNIYAKUMARI Island Exp,TVC,TRIVANDRUM CENTRAL,15:05:00,15:15:00,2,,SR,Kerala
19771,Jaipur - Amritsar Express,JP,JAIPUR,None,20:10:00,1,,NWR,Rajasthan
19771,Jaipur - Amritsar Express,FZR,FIROZPUR CANT,09:25:00,09:45:00,2,,NR,Punjab
19771,Jaipur - Amritsar Express,LDH,LUDHIANA JN,12:15:00,12:20:00,2,,NR,Punjab
19771,Jaipur - Amritsar Express,ASR,AMRITSAR JN,14:45:00,None,2,,NR,Punjab
54804, AHMEDABAD - JODHPUR Passenger,ADI,AHMEDABAD JN,None,06:15:00,1,,WR,Gujarat
54804, AHMEDABAD - JODHPUR Passenger,JU,JODHPUR JN,20:35:00,None,1,,NWR,Rajasthan
11271,ITARSI - BHOPAL Vindhyachal Exp,ET,ITARSI JN,None,16:20:00,1,,WCR,Madhya Pradesh
11271,ITARSI - BHOPAL Vindhyachal Exp,JBP,JABALPUR,20:45:00,21:00:00,1,,WCR,Madhya Pradesh
11271,ITARSI - BHOPAL Vindhyachal Exp,BPL,BHOPAL JN,09:25:00,None,2,,WCR,Madhya Pradesh
16222,Kaveri Express,MAS,CHENNAI CENTRAL,None,21:30:00,1,,SR,Tamil Nadu
16222,Kaveri Express,SBC,BANGALORE CITY JN,04:10:00,04:50:00,2,,SWR,Karnataka
16222,Kaveri Express,MYS,MYSORE JN,08:00:00,None,2,,SWR,Karnataka
54392,MORADABAD  -  ALIGARH PASSENGER,MB,MORADABAD,None,17:25:00,1,,NR,Uttar Pradesh
54392,MORADABAD  -  ALIGARH PASSENGER,ALJN,ALIGARH JN,23:15:00,None,1,,NCR,Uttar Pradesh
15959,HOWRAH - DIBRUGARH Kamrup Exp,HWH,HOWRAH JN,None,17:35:00,1,,ER,West Bengal
15959,HOWRAH - DIBRUGARH Kamrup Exp,NJP,NEW JALPAIGURI,06:15:00,06:30:00,2,,NFR,West Bengal
15959,HOWRAH - DIBRUGARH Kamrup Exp,GHY,GUWAHATI,15:40:00,16:00:00,2,,NFR,Assam
15959,HOWRAH - DIBRUGARH Kamrup Exp,DBRG,DIBRUGARH,05:45:00,None,3,,NFR,Assam
24370-Slip,Triveni Express Slip,BE,BAREILLY,None,12:00:00,1,,NER,Uttar Pradesh
24370-Slip,Triveni Express Slip,LKO,LUCKNOW,16:00:00,16:15:00,1,,NER,Uttar Pradesh
24370-Slip,Triveni Express Slip,ALD,ALLAHABAD JN,20:55:00,21:25:00,1,,NCR,Uttar Pradesh
18452,PURI - HATIA Tapaswini Exp,PURI,PURI,None,20:40:00,1,,ECoR,Odisha
18452,PURI - HATIA Tapaswini Exp,BBS,BHUBANESWAR,22:05:00,22:10:00,1,,ECoR,Odisha
18452,PURI - HATIA Tapaswini Exp,CTC,CUTTACK,22:43:00,22:48:00,1,,ECoR,Odisha
18452,PURI - HATIA Tapaswini Exp,ROU,ROURKELA,08:05:00,08:20:00,2,,SER,Odisha
17225,Amaravati Express,BZA,VIJAYAWADA JN,None,18:55:00,1,,SCR,Andhra Pradesh
17225,Amaravati Express,GTL,GUNTAKAL JN,04:00:00,04:10:00,2,,SCR,Andhra Pradesh
17225,Amaravati Express,UBL,HUBLI JN,09:40:00,None,2,,SWR,Karnataka
37855,Howrah-Barddhaman Local,HWH,HOWRAH JN,None,14:46:00,1,,ER,West Bengal
37855,Howrah-Barddhaman Local,BWN,BARDDHAMAN JN,17:11:00,None,1,,ER,West Bengal
51671,ITARSI - KATNI Fast Passenger,ET,ITARSI JN,None,05:45:00,1,,WCR,Madhya Pradesh
51671,ITARSI - KATNI Fast Passenger,JBP,JABALPUR,09:35:00,09:45:00,1,,WCR,Madhya Pradesh
12735,SECUNDERABAD - YESVANTPUR Garib Rath Exp,SC,SECUNDERABAD JN,None,19:15:00,1,,SCR,Telangana
12735,SECUNDERABAD - YESVANTPUR Garib Rath Exp,GTL,GUNTAKAL JN,01:25:00,01:40:00,2,,SCR,Andhra Pradesh
57271,Rayagada Passenger,BZA,VIJAYAWADA JN,None,21:00:00,1,,SCR,Andhra Pradesh
57271,Rayagada Passenger,VSKP,VISHAKAPATNAM,08:00:00,08:55:00,2,,ECoR,Andhra Pradesh
58111,TATANAGAR - ITWARI Passenger,TATA,TATANAGAR JN,None,06:30:00,1,,SER,Jharkhand
58111,TATANAGAR - ITWARI Passenger,ROU,ROURKELA,10:40:00,11:15:00,1,,SER,Odisha
58111,TATANAGAR - ITWARI Passenger,BSP,BILASPUR JN,19:55:00,20:55:00,1,,SECR,Chhattisgarh
58111,TATANAGAR - ITWARI Passenger,R,RAIPUR JN,23:10:00,23:40:00,1,,SECR,Chhattisgarh
16723,CHENNAI EGMORE - TRIVANDRUM Anantapuri Exp,MS,CHENNAI EGMORE,None,19:15:00,1,,SR,Tamil Nadu
16723,CHENNAI EGMORE - TRIVANDRUM Anantapuri Exp,TVC,TRIVANDRUM CENTRAL,11:05:00,None,2,,SR,Kerala
18406,AHMEDABAD - PURI Exp,ADI,AHMEDABAD JN,None,18:00:00,1,,WR,Gujarat
18406,AHMEDABAD - PURI Exp,BRC,VADODARA JN,19:45:00,19:50:00,1,,WR,Gujarat
18406,AHMEDABAD - PURI Exp,ST,SURAT,22:00:00,22:10:00,1,,WR,Gujarat
18406,AHMEDABAD - PURI Exp,NGP,NAGPUR,11:25:00,11:45:00,2,,SECR,Maharashtra
18406,AHMEDABAD - PURI Exp,R,RAIPUR JN,16:35:00,16:55:00,2,,SECR,Chhattisgarh
18406,AHMEDABAD - PURI Exp,BBS,BHUBANESWAR,06:40:00,06:45:00,3,,ECoR,Odisha
18406,AHMEDABAD - PURI Exp,PURI,PURI,09:35:00,None,3,,ECoR,Odisha
12560,Shiv Ganga Express,NDLS,NEW DELHI,None,18:45:00,1,,NR,Delhi
12560,Shiv Ganga Express,GZB,GHAZIABAD,19:06:00,19:06:00,1,,NR,Uttar Pradesh
12560,Shiv Ganga Express,ALJN,ALIGARH JN,20:34:00,20:34:00,1,,NCR,Uttar Pradesh
12560,Shiv Ganga Express,TDL,TUNDLA JN,21:39:00,21:39:00,1,,NCR,Uttar Pradesh
12560,Shiv Ganga Express,CNB,KANPUR CENTRAL,00:50:00,00:55:00,2,,NCR,Uttar Pradesh
12560,Shiv Ganga Express,ALD,ALLAHABAD JN,03:35:00,04:00:00,2,,NCR,Uttar Pradesh
15632,GUWAHATI - BARMER Exp,GHY,GUWAHATI,None,10:45:00,1,,NFR,Assam
15632,GUWAHATI - BARMER Exp,NJP,NEW JALPAIGURI,18:10:00,18:25:00,1,,NFR,West Bengal
15632,GUWAHATI - BARMER Exp,PNBE,PATNA JN,04:50:00,05:05:00,2,,ECR,Bihar
15632,GUWAHATI - BARMER Exp,MGS,MUGHAL SARAI JN,08:55:00,09:15:00,2,,ECR,Uttar Pradesh
15632,GUWAHATI - BARMER Exp,ALD,ALLAHABAD JN,11:30:00,11:35:00,2,,NCR,Uttar Pradesh
15632,GUWAHATI - BARMER Exp,CNB,KANPUR CENTRAL,14:00:00,14:15:00,2,,NCR,Uttar Pradesh
15632,GUWAHATI - BARMER Exp,TDL,TUNDLA JN,17:25:00,17:30:00,2,,NCR,Uttar Pradesh
15632,GUWAHATI - BARMER Exp,JP,JAIPUR,23:10:00,23:20:00,2,,NWR,Rajasthan
15632,GUWAHATI - BARMER Exp,JU,JODHPUR JN,04:10:00,04:20:00,3,,NWR,Rajasthan
18625,Patna-Hatia Super Express,PNBE,PATNA JN,None,11:40:00,1,,ECR,Bihar
18625,Patna-Hatia Super Express,GAYA,GAYA JN,13:45:00,14:10:00,1,,ECR,Bihar
16508,BANGALORE - BHAGAT KI KOTHI Exp,SBC,BANGALORE CITY JN,None,21:55:00,1,,SWR,Karnataka
16508,BANGALORE - BHAGAT KI KOTHI Exp,UBL,HUBLI JN,06:45:00,06:55:00,2,,SWR,Karnataka
16508,BANGALORE - BHAGAT KI KOTHI Exp,PUNE,PUNE JN,18:40:00,18:50:00,2,,CR,Maharashtra
16508,BANGALORE - BHAGAT KI KOTHI Exp,KYN,KALYAN JN,21:40:00,21:45:00,2,,CR,Maharashtra
16508,BANGALORE - BHAGAT KI KOTHI Exp,ST,SURAT,03:10:00,03:20:00,3,,WR,Gujarat
16508,BANGALORE - BHAGAT KI KOTHI Exp,BRC,VADODARA JN,05:15:00,05:25:00,3,,WR,Gujarat
16508,BANGALORE - BHAGAT KI KOTHI Exp,ADI,AHMEDABAD JN,07:15:00,07:40:00,3,,WR,Gujarat
16508,BANGALORE - BHAGAT KI KOTHI Exp,JU,JODHPUR JN,16:35:00,None,3,,NWR,Rajasthan
12841,Coromandel Express,HWH,HOWRAH JN,None,14:50:00,1,,ER,West Bengal
12841,Coromandel Express,CTC,CUTTACK,20:42:00,20:47:00,1,,ECoR,Odisha
12841,Coromandel Express,BBS,BHUBANESWAR,21:20:00,21:35:00,1,,ECoR,Odisha
12841,Coromandel Express,VSKP,VISHAKAPATNAM,04:25:00,04:45:00,2,,ECoR,Andhra Pradesh
12841,Coromandel Express,BZA,VIJAYAWADA JN,10:20:00,10:35:00,2,,SCR,Andhra Pradesh
12841,Coromandel Express,MAS,CHENNAI CENTRAL,17:15:00,None,2,,SR,Tamil Nadu
13351,DHANBAD - ALAPPUZHA Exp,DHN,DHANBAD JN,None,10:50:00,1,,ECR,Jharkhand
13351,DHANBAD - ALAPPUZHA Exp,ROU,ROURKELA,18:30:00,19:00:00,1,,SER,Odisha
13351,DHANBAD - ALAPPUZHA Exp,VSKP,VISHAKAPATNAM,10:05:00,10:25:00,2,,ECoR,Andhra Pradesh
13351,DHANBAD - ALAPPUZHA Exp,BZA,VIJAYAWADA JN,17:25:00,17:45:00,2,,SCR,Andhra Pradesh
13351,DHANBAD - ALAPPUZHA Exp,MAS,CHENNAI CENTRAL,03:00:00,03:25:00,3,,SR,Tamil Nadu
13351,DHANBAD - ALAPPUZHA Exp,CBE,COIMBATORE JN,12:05:00,12:10:00,3,,SR,Tamil Nadu
13351,DHANBAD - ALAPPUZHA Exp,ERS,ERNAKULAM JN,18:10:00,18:20:00,3,,SR,Kerala
12928,Vadodara - Mumbai Central Express,BRC,VADODARA JN,None,22:40:00,1,,WR,Gujarat
12928,Vadodara - Mumbai Central Express,ST,SURAT,00:35:00,00:37:00,2,,WR,Gujarat
12928,Vadodara - Mumbai Central Express,BCT,Mumbai Central,04:55:00,None,2,,WR,Maharashtra
14055,DIBRUGARH - OLD DELHI Brahmaputra Exp,DBRG,DIBRUGARH,None,23:10:00,1,,NFR,Assam
14055,DIBRUGARH - OLD DELHI Brahmaputra Exp,GHY,GUWAHATI,11:30:00,11:45:00,2,,NFR,Assam
14055,DIBRUGARH - OLD DELHI Brahmaputra Exp,NJP,NEW JALPAIGURI,22:10:00,22:30:00,2,,NFR,West Bengal
14055,DIBRUGARH - OLD DELHI Brahmaputra Exp,PNBE,PATNA JN,12:55:00,13:10:00,3,,ECR,Bihar
14055,DIBRUGARH - OLD DELHI Brahmaputra Exp,MGS,MUGHAL SARAI JN,16:40:00,17:00:00,3,,ECR,Uttar Pradesh
14055,DIBRUGARH - OLD DELHI Brahmaputra Exp,ALD,ALLAHABAD JN,19:15:00,19:25:00,3,,NCR,Uttar Pradesh
14055,DIBRUGARH - OLD DELHI Brahmaputra Exp,CNB,KANPUR CENTRAL,21:50:00,21:55:00,3,,NCR,Uttar Pradesh
14055,DIBRUGARH - OLD DELHI Brahmaputra Exp,TDL,TUNDLA JN,01:50:00,01:55:00,4,,NCR,Uttar Pradesh
14055,DIBRUGARH - OLD DELHI Brahmaputra Exp,ALJN,ALIGARH JN,02:50:00,02:55:00,4,,NCR,Uttar Pradesh
14055,DIBRUGARH - OLD DELHI Brahmaputra Exp,GZB,GHAZIABAD,05:18:00,05:20:00,4,,NR,Uttar Pradesh
06007,Chennai Central-Kollam SF Special,MAS,CHENNAI CENTRAL,None,15:15:00,1,,SR,Tamil Nadu
06007,Chennai Central-Kollam SF Special,CBE,COIMBATORE JN,22:45:00,22:50:00,1,,SR,Tamil Nadu
06007,Chennai Central-Kollam SF Special,ERS,ERNAKULAM JN,03:23:00,03:23:00,2,,SR,Kerala
12697,Chennai-Thiruvananthapuram Express,MAS,CHENNAI CENTRAL,None,15:15:00,1,,SR,Tamil Nadu
12697,Chennai-Thiruvananthapuram Express,ERS,ERNAKULAM JN,02:18:00,02:18:00,2,,SR,Kerala
12697,Chennai-Thiruvananthapuram Express,TVC,TRIVANDRUM CENTRAL,06:35:00,None,2,,SR,Kerala
12007,CHENNAI CENT - MYSORE Shatabdi Express,MAS,CHENNAI CENTRAL,None,06:00:00,1,,SR,Tamil Nadu
12007,CHENNAI CENT - MYSORE Shatabdi Express,SBC,BANGALORE CITY JN,10:50:00,11:00:00,1,,SWR,Karnataka
12007,CHENNAI CENT - MYSORE Shatabdi Express,MYS,MYSORE JN,13:00:00,None,1,,SWR,Karnataka
19047,SURAT - BHAGALPUR Tapti Ganga Exp,ST,SURAT,None,09:35:00,1,,WR,Gujarat
19047,SURAT - BHAGALPUR Tapti Ganga Exp,ET,ITARSI JN,20:30:00,20:40:00,1,,WCR,Madhya Pradesh
19047,SURAT - BHAGALPUR Tapti Ganga Exp,JBP,JABALPUR,23:50:00,23:58:00,1,,WCR,Madhya Pradesh
19047,SURAT - BHAGALPUR Tapti Ganga Exp,MGS,MUGHAL SARAI JN,09:30:00,09:50:00,2,,ECR,Uttar Pradesh
19047,SURAT - BHAGALPUR Tapti Ganga Exp,PNBE,PATNA JN,13:15:00,13:30:00,2,,ECR,Bihar
16506,BANGALORE - GANDHIDHAM Exp,SBC,BANGALORE CITY JN,None,21:55:00,1,,SWR,Karnataka
16506,BANGALORE - GANDHIDHAM Exp,UBL,HUBLI JN,06:45:00,06:55:00,2,,SWR,Karnataka
16506,BANGALORE - GANDHIDHAM Exp,PUNE,PUNE JN,18:40:00,18:50:00,2,,CR,Maharashtra
16506,BANGALORE - GANDHIDHAM Exp,KYN,KALYAN JN,21:40:00,21:45:00,2,,CR,Maharashtra
16506,BANGALORE - GANDHIDHAM Exp,ST,SURAT,03:10:00,03:20:00,3,,WR,Gujarat
16506,BANGALORE - GANDHIDHAM Exp,BRC,VADODARA JN,05:15:00,05:25:00,3,,WR,Gujarat
16506,BANGALORE - GANDHIDHAM Exp,ADI,AHMEDABAD JN,07:15:00,07:40:00,3,,WR,Gujarat
12497,Shan-e-Punjab Express,NDLS,NEW DELHI,None,06:40:00,1,,NR,Delhi
12497,Shan-e-Punjab Express,UMB,AMBALA CANT JN,10:15:00,10:20:00,1,,NR,Haryana
12497,Shan-e-Punjab Express,LDH,LUDHIANA JN,12:00:00,12:05:00,1,,NR,Punjab
12497,Shan-e-Punjab Express,ASR,AMRITSAR JN,14:15:00,None,1,,NR,Punjab
13011,InterCity Express,HWH,HOWRAH JN,None,15:25:00,1,,ER,West Bengal
13011,InterCity Express,BWN,BARDDHAMAN JN,17:20:00,17:22:00,1,,ER,West Bengal
13330,Ganga Damodar Express,PNBE,PATNA JN,None,23:30:00,1,,ECR,Bihar
13330,Ganga Damodar Express,GAYA,GAYA JN,01:30:00,01:55:00,2,,ECR,Bihar
13330,Ganga Damodar Express,DHN,DHANBAD JN,05:20:00,None,2,,ECR,Jharkhand
13152,JammuTawi-Kolkata Chitpur Express,JAT,JAMMU TAWI,None,19:00:00,1,,NR,Jammu and Kashmir
13152,JammuTawi-Kolkata Chitpur Express,LDH,LUDHIANA JN,02:00:00,02:10:00,2,,NR,Punjab
13152,JammuTawi-Kolkata Chitpur Express,UMB,AMBALA CANT JN,04:20:00,04:30:00,2,,NR,Haryana
13152,JammuTawi-Kolkata Chitpur Express,MB,MORADABAD,10:40:00,10:50:00,2,,NR,Uttar Pradesh
13152,JammuTawi-Kolkata Chitpur Express,BE,BAREILLY,12:25:00,12:30:00,2,,NER,Uttar Pradesh
13152,JammuTawi-Kolkata Chitpur Express,LKO,LUCKNOW,18:05:00,18:25:00,2,,NER,Uttar Pradesh
13152,JammuTawi-Kolkata Chitpur Express,MGS,MUGHAL SARAI JN,02:40:00,03:00:00,3,,ECR,Uttar Pradesh
13152,JammuTawi-Kolkata Chitpur Express,GAYA,GAYA JN,06:40:00,06:50:00,3,,ECR,Bihar
13152,JammuTawi-Kolkata Chitpur Express,DHN,DHANBAD JN,10:23:00,10:30:00,3,,ECR,Jharkhand
13152,JammuTawi-Kolkata Chitpur Express,ASN,ASANSOL JN,11:34:00,11:49:00,3,,ER,West Bengal
13152,JammuTawi-Kolkata Chitpur Express,BWN,BARDDHAMAN JN,13:38:00,13:43:00,3,,ER,West Bengal
12612,H Nizamuddin-Chennai Garib Rath Express,NZM,DELHI H NIZAMUDDIN,None,16:00:00,1,,NR,Delhi
12612,H Nizamuddin-Chennai Garib Rath Express,AGC,AGRA CANTT,18:08:00,18:10:00,1,,NCR,Uttar Pradesh
12612,H Nizamuddin-Chennai Garib Rath Express,GWL,GWALIOR JN,19:23:00,19:25:00,1,,NCR,Madhya Pradesh
12612,H Nizamuddin-Chennai Garib Rath Express,JHS,JHANSI JN,20:35:00,20:40:00,1,,NCR,Uttar Pradesh
12612,H Nizamuddin-Chennai Garib Rath Express,BPL,BHOPAL JN,00:01:00,00:05:00,2,,WCR,Madhya Pradesh
12612,H Nizamuddin-Chennai Garib Rath Express,ET,ITARSI JN,01:21:00,01:21:00,2,,WCR,Madhya Pradesh
12612,H Nizamuddin-Chennai Garib Rath Express,NGP,NAGPUR,05:25:00,05:35:00,2,,SECR,Maharashtra
12612,H Nizamuddin-Chennai Garib Rath Express,BZA,VIJAYAWADA JN,14:20:00,14:30:00,2,,SCR,Andhra Pradesh
12612,H Nizamuddin-Chennai Garib Rath Express,MAS,CHENNAI CENTRAL,20:15:00,None,2,,SR,Tamil Nadu
47208,Hyderabad Falaknuma MMTS,HYB,HYDERABAD DECCAN,None,09:50:00,1,,SCR,Andhra Pradesh
47208,Hyderabad Falaknuma MMTS,SC,SECUNDERABAD JN,10:25:00,10:27:00,1,,SCR,Telangana
12164,DADAR - CHENNAI EGMORE SF Exp,MS,CHENNAI EGMORE,None,06:50:00,1,,SR,Tamil Nadu
12164,DADAR - CHENNAI EGMORE SF Exp,GTL,GUNTAKAL JN,14:45:00,15:00:00,1,,SCR,Andhra Pradesh
12164,DADAR - CHENNAI EGMORE SF Exp,SUR,SOLAPUR JN,21:50:00,22:00:00,1,,CR,Maharashtra
12164,DADAR - CHENNAI EGMORE SF Exp,PUNE,PUNE JN,02:25:00,02:35:00,2,,CR,Maharashtra
12164,DADAR - CHENNAI EGMORE SF Exp,KYN,KALYAN JN,05:04:00,05:05:00,2,,CR,Maharashtra
12164,DADAR - CHENNAI EGMORE SF Exp,DR,MUMBAI DADAR CENTRAL,06:00:00,None,2,,CR,Maharashtra
13503,Sealdah-Asansol InterCity Express,SDAH,KOLKATA SEALDAH,None,16:40:00,1,,ER,West Bengal
13503,Sealdah-Asansol InterCity Express,BWN,BARDDHAMAN JN,19:16:00,19:18:00,1,,ER,West Bengal
13503,Sealdah-Asansol InterCity Express,ASN,ASANSOL JN,20:55:00,None,1,,ER,West Bengal
12177,Chambal Express,HWH,HOWRAH JN,None,17:45:00,1,,ER,West Bengal
12177,Chambal Express,BWN,BARDDHAMAN JN,19:03:00,19:08:00,1,,ER,West Bengal
12177,Chambal Express,ASN,ASANSOL JN,20:40:00,20:45:00,1,,ER,West Bengal
12177,Chambal Express,DHN,DHANBAD JN,22:17:00,22:27:00,1,,ECR,Jharkhand
12177,Chambal Express,GAYA,GAYA JN,01:45:00,01:55:00,2,,ECR,Bihar
12177,Chambal Express,MGS,MUGHAL SARAI JN,04:50:00,05:10:00,2,,ECR,Uttar Pradesh
12177,Chambal Express,ALD,ALLAHABAD JN,07:45:00,08:12:00,2,,NCR,Uttar Pradesh
12177,Chambal Express,JHS,JHANSI JN,15:30:00,15:40:00,2,,NCR,Uttar Pradesh
12177,Chambal Express,GWL,GWALIOR JN,17:20:00,17:30:00,2,,NCR,Madhya Pradesh
12177,Chambal Express,AGC,AGRA CANTT,19:30:00,19:40:00,2,,NCR,Uttar Pradesh
06001,Chennai Central-Kollam SF Special,MAS,CHENNAI CENTRAL,None,15:15:00,1,,SR,Tamil Nadu
06001,Chennai Central-Kollam SF Special,CBE,COIMBATORE JN,22:30:00,22:35:00,1,,SR,Tamil Nadu
06001,Chennai Central-Kollam SF Special,ERS,ERNAKULAM JN,02:38:00,02:38:00,2,,SR,Kerala
12855,Bilaspur-Nagpur InterCity,BSP,BILASPUR JN,None,16:15:00,1,,SECR,Chhattisgarh
12855,Bilaspur-Nagpur InterCity,R,RAIPUR JN,18:00:00,18:10:00,1,,SECR,Chhattisgarh
12855,Bilaspur-Nagpur InterCity,NGP,NAGPUR,23:00:00,None,1,,SECR,Maharashtra
63251,Patna Gaya Passenger MEMU,PNBE,PATNA JN,None,16:15:00,1,,ECR,Bihar
63251,Patna Gaya Passenger MEMU,GAYA,GAYA JN,19:35:00,None,1,,ECR,Bihar
19012,Gujarat Express,ADI,AHMEDABAD JN,None,07:00:00,1,,WR,Gujarat
19012,Gujarat Express,BRC,VADODARA JN,09:00:00,09:05:00,1,,WR,Gujarat
19012,Gujarat Express,ST,SURAT,11:20:00,11:25:00,1,,WR,Gujarat
19012,Gujarat Express,BCT,Mumbai Central,16:30:00,None,1,,WR,Maharashtra
53049,Howrah Mokameh Passenger,HWH,HOWRAH JN,None,22:50:00,1,,ER,West Bengal
53049,Howrah Mokameh Passenger,BWN,BARDDHAMAN JN,01:10:00,01:20:00,2,,ER,West Bengal
53049,Howrah Mokameh Passenger,ASN,ASANSOL JN,03:35:00,03:55:00,2,,ER,West Bengal
12838,Puri Howrah Express,PURI,PURI,None,20:05:00,1,,ECoR,Odisha
12838,Puri Howrah Express,BBS,BHUBANESWAR,21:40:00,21:50:00,1,,ECoR,Odisha
12838,Puri Howrah Express,CTC,CUTTACK,22:32:00,22:37:00,1,,ECoR,Odisha
12838,Puri Howrah Express,HWH,HOWRAH JN,04:50:00,None,2,,ER,West Bengal
51029,Bijapur Fast Passenger,CSTM,MUMBAI CST,None,22:55:00,1,,CR,Maharashtra
51029,Bijapur Fast Passenger,DR,MUMBAI DADAR CENTRAL,23:08:00,23:10:00,1,,CR,Maharashtra
51029,Bijapur Fast Passenger,KYN,KALYAN JN,23:50:00,23:55:00,1,,CR,Maharashtra
51029,Bijapur Fast Passenger,PUNE,PUNE JN,04:10:00,04:25:00,2,,CR,Maharashtra
51029,Bijapur Fast Passenger,SUR,SOLAPUR JN,09:40:00,09:50:00,2,,CR,Maharashtra
12729,Pune-Nanded Express,PUNE,PUNE JN,None,22:00:00,1,,CR,Maharashtra
12729,Pune-Nanded Express,AWB,AURANGABAD,05:18:00,05:20:00,2,,SCR,Maharashtra
58204,Raipur Gevra Road Passenger,R,RAIPUR JN,None,18:10:00,1,,SECR,Chhattisgarh
58204,Raipur Gevra Road Passenger,BSP,BILASPUR JN,21:10:00,21:20:00,1,,SECR,Chhattisgarh
17479-Slip,Puri-Shirdi Express Slip,PURI,PURI,None,13:00:00,1,,ECoR,Odisha
17479-Slip,Puri-Shirdi Express Slip,VSKP,VISHAKAPATNAM,23:25:00,23:45:00,1,,ECoR,Andhra Pradesh
17479-Slip,Puri-Shirdi Express Slip,BZA,VIJAYAWADA JN,08:00:00,10:30:00,2,,SCR,Andhra Pradesh
17479-Slip,Puri-Shirdi Express Slip,SC,SECUNDERABAD JN,16:25:00,16:40:00,2,,SCR,Telangana
17479-Slip,Puri-Shirdi Express Slip,AWB,AURANGABAD,04:35:00,04:40:00,3,,SCR,Maharashtra
12211,Muzaffarpur-Anand Vihar(T) Garib Rath Exp.,MFP,MUZAFFARPUR JN,None,15:15:00,1,,ECR,Bihar
12211,Muzaffarpur-Anand Vihar(T) Garib Rath Exp.,LKO,LUCKNOW,04:20:00,04:30:00,2,,NER,Uttar Pradesh
12211,Muzaffarpur-Anand Vihar(T) Garib Rath Exp.,BE,BAREILLY,08:00:00,08:05:00,2,,NER,Uttar Pradesh
12211,Muzaffarpur-Anand Vihar(T) Garib Rath Exp.,MB,MORADABAD,09:35:00,09:45:00,2,,NR,Uttar Pradesh
12211,Muzaffarpur-Anand Vihar(T) Garib Rath Exp.,GZB,GHAZIABAD,12:13:00,12:13:00,2,,NR,Uttar Pradesh
19053,SURAT - MUZAFFARPUR Exp,ST,SURAT,None,05:30:00,1,,WR,Gujarat
19053,SURAT - MUZAFFARPUR Exp,BRC,VADODARA JN,07:30:00,07:45:00,1,,WR,Gujarat
19053,SURAT - MUZAFFARPUR Exp,RTM,RATLAM JN,11:50:00,12:10:00,1,,WR,Madhya Pradesh
19053,SURAT - MUZAFFARPUR Exp,JHS,JHANSI JN,03:10:00,03:20:00,2,,NCR,Uttar Pradesh
19053,SURAT - MUZAFFARPUR Exp,GWL,GWALIOR JN,04:35:00,04:45:00,2,,NCR,Madhya Pradesh
19053,SURAT - MUZAFFARPUR Exp,AGC,AGRA CANTT,07:00:00,07:10:00,2,,NCR,Uttar Pradesh
19053,SURAT - MUZAFFARPUR Exp,TDL,TUNDLA JN,08:20:00,08:25:00,2,,NCR,Uttar Pradesh
19053,SURAT - MUZAFFARPUR Exp,CNB,KANPUR CENTRAL,11:50:00,12:05:00,2,,NCR,Uttar Pradesh
19053,SURAT - MUZAFFARPUR Exp,LKO,LUCKNOW,13:35:00,14:00:00,2,,NER,Uttar Pradesh
19053,SURAT - MUZAFFARPUR Exp,MFP,MUZAFFARPUR JN,04:30:00,None,3,,ECR,Bihar
14370-Slip,Triveni Express Slip,BE,BAREILLY,None,12:00:00,1,,NER,Uttar Pradesh
14370-Slip,Triveni Express Slip,LKO,LUCKNOW,16:00:00,16:15:00,1,,NER,Uttar Pradesh
14370-Slip,Triveni Express Slip,ALD,ALLAHABAD JN,20:55:00,21:25:00,1,,NCR,Uttar Pradesh
56324,Coimbatore Fast Passenger,MAQ,MANGALORE CNTL,None,07:45:00,1,,SR,Karnataka
56324,Coimbatore Fast Passenger,CBE,COIMBATORE JN,19:35:00,None,1,,SR,Tamil Nadu
17050,Secunderabad Machilipatnam Express,SC,SECUNDERABAD JN,None,22:45:00,1,,SCR,Telangana
17050,Secunderabad Machilipatnam Express,BZA,VIJAYAWADA JN,04:50:00,05:05:00,2,,SCR,Andhra Pradesh
12076,Trivandrum-Kozhikode Jan Shatabdi Express,TVC,TRIVANDRUM CENTRAL,None,06:00:00,1,,SR,Kerala
12076,Trivandrum-Kozhikode Jan Shatabdi Express,ERS,ERNAKULAM JN,09:15:00,09:20:00,1,,SR,Kerala
12365,Patna-Ranchi Jan Shatabdi Express,PNBE,PATNA JN,None,06:15:00,1,,ECR,Bihar
12365,Patna-Ranchi Jan Shatabdi Express,GAYA,GAYA JN,08:15:00,08:35:00,1,,ECR,Bihar
54812,Jodhpur Bhopal Passenger,JU,JODHPUR JN,None,08:05:00,1,,NWR,Rajasthan
54812,Jodhpur Bhopal Passenger,JP,JAIPUR,16:55:00,17:35:00,1,,NWR,Rajasthan
54812,Jodhpur Bhopal Passenger,KOTA,KOTA JN,22:45:00,23:05:00,1,,WCR,Rajasthan
54812,Jodhpur Bhopal Passenger,BPL,BHOPAL JN,10:50:00,None,2,,WCR,Madhya Pradesh
54055,Moradabad Delhi Passenger,MB,MORADABAD,None,15:00:00,1,,NR,Uttar Pradesh
54055,Moradabad Delhi Passenger,GZB,GHAZIABAD,18:55:00,19:00:00,3,,NR,Uttar Pradesh
13301,Suvarna Rekha Express,DHN,DHANBAD JN,None,05:35:00,1,,ECR,Jharkhand
13301,Suvarna Rekha Express,TATA,TATANAGAR JN,11:15:00,None,1,,SER,Jharkhand
14646,Shalimar Express,JAT,JAMMU TAWI,None,21:00:00,1,,NR,Jammu and Kashmir
14646,Shalimar Express,LDH,LUDHIANA JN,02:35:00,02:45:00,2,,NR,Punjab
14646,Shalimar Express,UMB,AMBALA CANT JN,04:50:00,05:00:00,2,,NR,Haryana
14646,Shalimar Express,GZB,GHAZIABAD,10:02:00,10:05:00,2,,NR,Uttar Pradesh
18411,Bhubaneswar-Visakhapatnam Inter City Express,BBS,BHUBANESWAR,None,06:35:00,1,,ECoR,Odisha
18411,Bhubaneswar-Visakhapatnam Inter City Express,VSKP,VISHAKAPATNAM,14:35:00,None,1,,ECoR,Andhra Pradesh
13025,Howrah-Bhopal Express,HWH,HOWRAH JN,None,13:25:00,1,,ER,West Bengal
13025,Howrah-Bhopal Express,BWN,BARDDHAMAN JN,14:40:00,14:40:00,1,,ER,West Bengal
13025,Howrah-Bhopal Express,ASN,ASANSOL JN,16:13:00,16:18:00,1,,ER,West Bengal
13025,Howrah-Bhopal Express,DHN,DHANBAD JN,17:15:00,17:25:00,1,,ECR,Jharkhand
13025,Howrah-Bhopal Express,BPL,BHOPAL JN,18:30:00,None,2,,WCR,Madhya Pradesh
12010,Ahmedabad-Mumbai Central Shatabdi,ADI,AHMEDABAD JN,None,14:30:00,1,,WR,Gujarat
12010,Ahmedabad-Mumbai Central Shatabdi,BRC,VADODARA JN,16:12:00,16:17:00,1,,WR,Gujarat
12010,Ahmedabad-Mumbai Central Shatabdi,ST,SURAT,17:55:00,18:02:00,1,,WR,Gujarat
12010,Ahmedabad-Mumbai Central Shatabdi,BCT,Mumbai Central,21:35:00,None,1,,WR,Maharashtra
16326,Ahilyanagari Express,TVC,TRIVANDRUM CENTRAL,None,05:30:00,1,,SR,Kerala
16326,Ahilyanagari Express,ERS,ERNAKULAM JN,10:00:00,10:10:00,1,,SR,Kerala
16326,Ahilyanagari Express,CBE,COIMBATORE JN,15:15:00,15:20:00,1,,SR,Tamil Nadu
16326,Ahilyanagari Express,MAS,CHENNAI CENTRAL,23:05:00,23:25:00,1,,SR,Tamil Nadu
16326,Ahilyanagari Express,BZA,VIJAYAWADA JN,06:05:00,06:20:00,2,,SCR,Andhra Pradesh
16326,Ahilyanagari Express,NGP,NAGPUR,17:00:00,17:10:00,2,,SECR,Maharashtra
16326,Ahilyanagari Express,ET,ITARSI JN,22:25:00,22:30:00,2,,WCR,Madhya Pradesh
16326,Ahilyanagari Express,BPL,BHOPAL JN,00:15:00,00:25:00,3,,WCR,Madhya Pradesh
47206,HYB Falaknuma Local,HYB,HYDERABAD DECCAN,None,05:40:00,1,,SCR,Andhra Pradesh
47206,HYB Falaknuma Local,SC,SECUNDERABAD JN,06:15:00,06:25:00,1,,SCR,Telangana
16031,Andaman Express,MAS,CHENNAI CENTRAL,None,05:15:00,1,,SR,Tamil Nadu
16031,Andaman Express,BZA,VIJAYAWADA JN,14:30:00,14:50:00,1,,SCR,Andhra Pradesh
16031,Andaman Express,NGP,NAGPUR,02:35:00,02:45:00,2,,SECR,Maharashtra
16031,Andaman Express,ET,ITARSI JN,08:05:00,08:10:00,2,,WCR,Madhya Pradesh
16031,Andaman Express,BPL,BHOPAL JN,10:05:00,10:10:00,2,,WCR,Madhya Pradesh
16031,Andaman Express,JHS,JHANSI JN,14:40:00,14:50:00,2,,NCR,Uttar Pradesh
16031,Andaman Express,GWL,GWALIOR JN,16:15:00,16:20:00,2,,NCR,Madhya Pradesh
16031,Andaman Express,AGC,AGRA CANTT,18:25:00,18:35:00,2,,NCR,Uttar Pradesh
16031,Andaman Express,NZM,DELHI H NIZAMUDDIN,22:30:00,23:00:00,2,,NR,Delhi
16031,Andaman Express,NDLS,NEW DELHI,23:25:00,00:10:00,2,,NR,Delhi
16031,Andaman Express,LDH,LUDHIANA JN,06:55:00,07:05:00,3,,NR,Punjab
16031,Andaman Express,JAT,JAMMU TAWI,13:10:00,None,3,,NR,Jammu and Kashmir
63254,Gaya Patna Passenger MEMU,GAYA,GAYA JN,None,18:10:00,1,,ECR,Bihar
63254,Gaya Patna Passenger MEMU,PNBE,PATNA JN,21:35:00,None,1,,ECR,Bihar
53135,Sealdah Rampurhat Passenger,SDAH,KOLKATA SEALDAH,None,11:35:00,1,,ER,West Bengal
53135,Sealdah Rampurhat Passenger,BWN,BARDDHAMAN JN,14:25:00,14:45:00,1,,ER,West Bengal
55325,Lucknow Kasganj Passenger,LKO,LUCKNOW,None,04:30:00,1,,NER,Uttar Pradesh
55325,Lucknow Kasganj Passenger,CNB,KANPUR CENTRAL,06:35:00,06:43:00,1,,NCR,Uttar Pradesh
12722-Slip,Dakshin Link SF Express,NZM,DELHI H NIZAMUDDIN,None,22:50:00,1,,NR,Delhi
12722-Slip,Dakshin Link SF Express,AGC,AGRA CANTT,01:50:00,01:55:00,2,,NCR,Uttar Pradesh
12722-Slip,Dakshin Link SF Express,GWL,GWALIOR JN,03:28:00,03:33:00,2,,NCR,Madhya Pradesh
12722-Slip,Dakshin Link SF Express,JHS,JHANSI JN,05:05:00,05:15:00,2,,NCR,Uttar Pradesh
12722-Slip,Dakshin Link SF Express,BPL,BHOPAL JN,10:05:00,10:10:00,2,,WCR,Madhya Pradesh
12722-Slip,Dakshin Link SF Express,ET,ITARSI JN,12:20:00,12:30:00,2,,WCR,Madhya Pradesh
12722-Slip,Dakshin Link SF Express,NGP,NAGPUR,17:35:00,17:45:00,2,,SECR,Maharashtra
12722-Slip,Dakshin Link SF Express,BZA,VIJAYAWADA JN,06:45:00,07:05:00,3,,SCR,Andhra Pradesh
12722-Slip,Dakshin Link SF Express,VSKP,VISHAKAPATNAM,13:30:00,None,3,,ECoR,Andhra Pradesh
19326,Amritsar Indore Express,ASR,AMRITSAR JN,None,04:40:00,1,,NR,Punjab
19326,Amritsar Indore Express,LDH,LUDHIANA JN,06:38:00,06:43:00,1,,NR,Punjab
19326,Amritsar Indore Express,UMB,AMBALA CANT JN,08:20:00,08:25:00,1,,NR,Haryana
19326,Amritsar Indore Express,GZB,GHAZIABAD,12:25:00,12:30:00,1,,NR,Uttar Pradesh
19326,Amritsar Indore Express,NZM,DELHI H NIZAMUDDIN,13:15:00,13:45:00,1,,NR,Delhi
19326,Amritsar Indore Express,AGC,AGRA CANTT,16:55:00,17:00:00,1,,NCR,Uttar Pradesh
19326,Amritsar Indore Express,GWL,GWALIOR JN,18:40:00,18:50:00,1,,NCR,Madhya Pradesh
52927,Udaipur Ahmedabad Fast Passenger,UDZ,UDAIPUR CITY,None,09:35:00,1,,NWR,Rajasthan
52927,Udaipur Ahmedabad Fast Passenger,ADI,AHMEDABAD JN,21:05:00,None,1,,WR,Gujarat
18449,Baidyanathdham Express,PURI,PURI,None,14:05:00,1,,ECoR,Odisha
18449,Baidyanathdham Express,BBS,BHUBANESWAR,15:35:00,15:40:00,1,,ECoR,Odisha
18449,Baidyanathdham Express,CTC,CUTTACK,16:07:00,16:12:00,1,,ECoR,Odisha
18449,Baidyanathdham Express,ASN,ASANSOL JN,01:52:00,02:36:00,2,,ER,West Bengal
18449,Baidyanathdham Express,PNBE,PATNA JN,10:00:00,None,2,,ECR,Bihar
57563,Hyderabad-Parbhani PASS,HYB,HYDERABAD DECCAN,None,22:40:00,1,,SCR,Andhra Pradesh
57563,Hyderabad-Parbhani PASS,SC,SECUNDERABAD JN,23:05:00,23:10:00,1,,SCR,Telangana
57563,Hyderabad-Parbhani PASS,NZB,NIZAMABAD,03:30:00,03:35:00,2,,SCR,Andhra Pradesh
54615,Amritsar Pathankot DMU,ASR,AMRITSAR JN,None,17:35:00,1,,NR,Punjab
54615,Amritsar Pathankot DMU,PTK,PATHANKOT,20:50:00,None,1,,NR,Punjab
56914,Hubli Bangalore passenger,UBL,HUBLI JN,None,09:45:00,1,,SWR,Karnataka
56914,Hubli Bangalore passenger,SBC,BANGALORE CITY JN,21:10:00,None,1,,SWR,Karnataka
19025,Surat Bhavnagar Express Slip,ST,SURAT,None,05:30:00,1,,WR,Gujarat
19025,Surat Bhavnagar Express Slip,BRC,VADODARA JN,07:30:00,07:35:00,1,,WR,Gujarat
19025,Surat Bhavnagar Express Slip,ADI,AHMEDABAD JN,09:20:00,09:40:00,1,,WR,Gujarat
56232,Bangalore Mysore (PUSH-PULL) Passenger(Shuttle),SBC,BANGALORE CITY JN,None,09:30:00,1,,SWR,Karnataka
56232,Bangalore Mysore (PUSH-PULL) Passenger(Shuttle),MYS,MYSORE JN,13:35:00,None,1,,SWR,Karnataka
63541,ASANSOL-GOMOH PASSENGER (MEMU),ASN,ASANSOL JN,None,05:10:00,1,,ER,West Bengal
63541,ASANSOL-GOMOH PASSENGER (MEMU),DHN,DHANBAD JN,06:25:00,06:27:00,1,,ECR,Jharkhand
18477,Utkal Express,PURI,PURI,None,21:00:00,1,,ECoR,Odisha
18477,Utkal Express,BBS,BHUBANESWAR,22:25:00,22:30:00,1,,ECoR,Odisha
18477,Utkal Express,CTC,CUTTACK,23:00:00,23:05:00,1,,ECoR,Odisha
18477,Utkal Express,BSP,BILASPUR JN,15:10:00,15:25:00,2,,SECR,Chhattisgarh
18477,Utkal Express,JHS,JHANSI JN,06:35:00,06:45:00,3,,NCR,Uttar Pradesh
18477,Utkal Express,GWL,GWALIOR JN,08:40:00,08:45:00,3,,NCR,Madhya Pradesh
18477,Utkal Express,AGC,AGRA CANTT,10:45:00,10:55:00,3,,NCR,Uttar Pradesh
18477,Utkal Express,NZM,DELHI H NIZAMUDDIN,14:05:00,14:35:00,3,,NR,Delhi
18477,Utkal Express,GZB,GHAZIABAD,15:11:00,15:13:00,3,,NR,Uttar Pradesh
12976,Jaipur-Mysore SF Express,JP,JAIPUR,None,19:40:00,1,,NWR,Rajasthan
12976,Jaipur-Mysore SF Express,KOTA,KOTA JN,22:55:00,23:05:00,1,,WCR,Rajasthan
12976,Jaipur-Mysore SF Express,BPL,BHOPAL JN,07:10:00,07:20:00,2,,WCR,Madhya Pradesh
12976,Jaipur-Mysore SF Express,ET,ITARSI JN,09:20:00,09:25:00,2,,WCR,Madhya Pradesh
12976,Jaipur-Mysore SF Express,NGP,NAGPUR,14:00:00,14:10:00,2,,SECR,Maharashtra
12976,Jaipur-Mysore SF Express,GTL,GUNTAKAL JN,06:25:00,06:40:00,3,,SCR,Andhra Pradesh
12976,Jaipur-Mysore SF Express,SBC,BANGALORE CITY JN,12:55:00,13:05:00,3,,SWR,Karnataka
12976,Jaipur-Mysore SF Express,MYS,MYSORE JN,16:20:00,None,3,,SWR,Karnataka
56504,Vijayawada Yesvantapur Passenger,BZA,VIJAYAWADA JN,None,20:50:00,1,,SCR,Andhra Pradesh
56504,Vijayawada Yesvantapur Passenger,GTL,GUNTAKAL JN,08:10:00,08:30:00,2,,SCR,Andhra Pradesh
08004,Mysore - Howrah Special,MYS,MYSORE JN,None,00:30:00,1,,SWR,Karnataka
08004,Mysore - Howrah Special,SBC,BANGALORE CITY JN,03:00:00,03:30:00,1,,SWR,Karnataka
08004,Mysore - Howrah Special,BZA,VIJAYAWADA JN,16:45:00,17:00:00,1,,SCR,Andhra Pradesh
08004,Mysore - Howrah Special,VSKP,VISHAKAPATNAM,00:10:00,00:30:00,2,,ECoR,Andhra Pradesh
08004,Mysore - Howrah Special,BBS,BHUBANESWAR,07:40:00,07:45:00,2,,ECoR,Odisha
08004,Mysore - Howrah Special,CTC,CUTTACK,08:10:00,08:15:00,2,,ECoR,Odisha
08004,Mysore - Howrah Special,HWH,HOWRAH JN,14:50:00,None,2,,ER,West Bengal
63518,Asansol Barddhaman Passenger,ASN,ASANSOL JN,None,12:40:00,1,,ER,West Bengal
63518,Asansol Barddhaman Passenger,BWN,BARDDHAMAN JN,14:30:00,None,1,,ER,West Bengal
54531,Ambala Kalka Shuttle,UMB,AMBALA CANT JN,None,18:30:00,1,,NR,Haryana
54531,Ambala Kalka Shuttle,CDG,CHANDIGARH,19:35:00,19:40:00,1,,NR,Chandigarh
15269,MUZAFFARPUR - AHMEDABAD Jan Sadharan Exp,MFP,MUZAFFARPUR JN,None,21:20:00,1,,ECR,Bihar
15269,MUZAFFARPUR - AHMEDABAD Jan Sadharan Exp,LKO,LUCKNOW,10:00:00,10:25:00,2,,NER,Uttar Pradesh
15269,MUZAFFARPUR - AHMEDABAD Jan Sadharan Exp,CNB,KANPUR CENTRAL,12:05:00,12:20:00,2,,NCR,Uttar Pradesh
15269,MUZAFFARPUR - AHMEDABAD Jan Sadharan Exp,TDL,TUNDLA JN,15:25:00,15:30:00,2,,NCR,Uttar Pradesh
15269,MUZAFFARPUR - AHMEDABAD Jan Sadharan Exp,JP,JAIPUR,21:05:00,21:25:00,2,,NWR,Rajasthan
15269,MUZAFFARPUR - AHMEDABAD Jan Sadharan Exp,ADI,AHMEDABAD JN,10:50:00,None,3,,WR,Gujarat
24228,Varuna Express,CNB,KANPUR CENTRAL,None,16:00:00,1,,NCR,Uttar Pradesh
24228,Varuna Express,LKO,LUCKNOW,17:30:00,17:50:00,1,,NER,Uttar Pradesh
58839,Nagpur Nainpur Jabalpur Fast Passenger,NGP,NAGPUR,None,12:45:00,1,,SECR,Maharashtra
58839,Nagpur Nainpur Jabalpur Fast Passenger,JBP,JABALPUR,08:15:00,None,2,,WCR,Madhya Pradesh
58001,Howrah Puri Santragachi Passenger,HWH,HOWRAH JN,None,23:50:00,1,,ER,West Bengal
58001,Howrah Puri Santragachi Passenger,BBS,BHUBANESWAR,14:10:00,14:15:00,2,,ECoR,Odisha
58001,Howrah Puri Santragachi Passenger,PURI,PURI,19:00:00,None,2,,ECoR,Odisha
12809,MUMBAI CST - HOWRAH SF Mail (via NAGPUR),CSTM,MUMBAI CST,None,20:35:00,1,,CR,Maharashtra
12809,MUMBAI CST - HOWRAH SF Mail (via NAGPUR),DR,MUMBAI DADAR CENTRAL,20:48:00,20:50:00,1,,CR,Maharashtra
12809,MUMBAI CST - HOWRAH SF Mail (via NAGPUR),KYN,KALYAN JN,21:35:00,21:40:00,1,,CR,Maharashtra
12809,MUMBAI CST - HOWRAH SF Mail (via NAGPUR),NGP,NAGPUR,11:05:00,11:25:00,2,,SECR,Maharashtra
12809,MUMBAI CST - HOWRAH SF Mail (via NAGPUR),R,RAIPUR JN,16:05:00,16:15:00,2,,SECR,Chhattisgarh
12809,MUMBAI CST - HOWRAH SF Mail (via NAGPUR),BSP,BILASPUR JN,18:00:00,18:15:00,2,,SECR,Chhattisgarh
12809,MUMBAI CST - HOWRAH SF Mail (via NAGPUR),ROU,ROURKELA,22:55:00,23:10:00,2,,SER,Odisha
12809,MUMBAI CST - HOWRAH SF Mail (via NAGPUR),TATA,TATANAGAR JN,01:40:00,01:50:00,3,,SER,Jharkhand
12809,MUMBAI CST - HOWRAH SF Mail (via NAGPUR),HWH,HOWRAH JN,05:50:00,None,3,,ER,West Bengal
15629,CHENNAI EGMORE - GUWAHATI Exp,MS,CHENNAI EGMORE,None,22:30:00,1,,SR,Tamil Nadu
15629,CHENNAI EGMORE - GUWAHATI Exp,BZA,VIJAYAWADA JN,05:30:00,05:40:00,2,,SCR,Andhra Pradesh
15629,CHENNAI EGMORE - GUWAHATI Exp,VSKP,VISHAKAPATNAM,11:45:00,12:05:00,2,,ECoR,Andhra Pradesh
15629,CHENNAI EGMORE - GUWAHATI Exp,BBS,BHUBANESWAR,18:40:00,18:55:00,2,,ECoR,Odisha
15629,CHENNAI EGMORE - GUWAHATI Exp,CTC,CUTTACK,19:24:00,19:24:00,2,,ECoR,Odisha
15629,CHENNAI EGMORE - GUWAHATI Exp,TATA,TATANAGAR JN,03:25:00,03:35:00,3,,SER,Jharkhand
15629,CHENNAI EGMORE - GUWAHATI Exp,ASN,ASANSOL JN,07:45:00,08:00:00,3,,ER,West Bengal
15629,CHENNAI EGMORE - GUWAHATI Exp,NJP,NEW JALPAIGURI,19:10:00,19:30:00,3,,NFR,West Bengal
15629,CHENNAI EGMORE - GUWAHATI Exp,GHY,GUWAHATI,04:55:00,None,4,,NFR,Assam
17488,Tirumala Express,VSKP,VISHAKAPATNAM,None,14:00:00,1,,ECoR,Andhra Pradesh
17488,Tirumala Express,BZA,VIJAYAWADA JN,21:00:00,21:15:00,1,,SCR,Andhra Pradesh
12903,Golden Temple Mail,BCT,Mumbai Central,None,21:25:00,1,,WR,Maharashtra
12903,Golden Temple Mail,ST,SURAT,01:00:00,01:05:00,2,,WR,Gujarat
12903,Golden Temple Mail,BRC,VADODARA JN,02:45:00,03:03:00,2,,WR,Gujarat
12903,Golden Temple Mail,RTM,RATLAM JN,07:05:00,07:25:00,2,,WR,Madhya Pradesh
12903,Golden Temple Mail,KOTA,KOTA JN,11:05:00,11:15:00,2,,WCR,Rajasthan
12903,Golden Temple Mail,NZM,DELHI H NIZAMUDDIN,18:30:00,19:00:00,2,,NR,Delhi
12903,Golden Temple Mail,GZB,GHAZIABAD,19:50:00,19:55:00,2,,NR,Uttar Pradesh
12903,Golden Temple Mail,UMB,AMBALA CANT JN,00:50:00,01:00:00,3,,NR,Haryana
12903,Golden Temple Mail,LDH,LUDHIANA JN,03:00:00,03:10:00,3,,NR,Punjab
12903,Golden Temple Mail,ASR,AMRITSAR JN,05:40:00,None,3,,NR,Punjab
51153,Mumbai Bhusaval Passenger,CSTM,MUMBAI CST,None,05:20:00,1,,CR,Maharashtra
51153,Mumbai Bhusaval Passenger,DR,MUMBAI DADAR CENTRAL,05:28:00,05:30:00,1,,CR,Maharashtra
51153,Mumbai Bhusaval Passenger,KYN,KALYAN JN,06:20:00,06:25:00,1,,CR,Maharashtra
54312,Moradabad Bareilly Passenger,MB,MORADABAD,None,08:00:00,1,,NR,Uttar Pradesh
54312,Moradabad Bareilly Passenger,BE,BAREILLY,11:30:00,None,1,,NER,Uttar Pradesh
12934,Karnavati Express,ADI,AHMEDABAD JN,None,04:55:00,1,,WR,Gujarat
12934,Karnavati Express,BRC,VADODARA JN,06:45:00,06:50:00,1,,WR,Gujarat
12934,Karnavati Express,ST,SURAT,08:36:00,08:41:00,1,,WR,Gujarat
12934,Karnavati Express,BCT,Mumbai Central,12:35:00,None,1,,WR,Maharashtra
12941,Ahmedabad-Asansol (Weekly) SF Parasnath Express,ADI,AHMEDABAD JN,None,23:25:00,1,,WR,Gujarat
12941,Ahmedabad-Asansol (Weekly) SF Parasnath Express,BRC,VADODARA JN,01:30:00,01:55:00,2,,WR,Gujarat
12941,Ahmedabad-Asansol (Weekly) SF Parasnath Express,RTM,RATLAM JN,05:55:00,06:10:00,2,,WR,Madhya Pradesh
12941,Ahmedabad-Asansol (Weekly) SF Parasnath Express,KOTA,KOTA JN,09:50:00,10:00:00,2,,WCR,Rajasthan
12941,Ahmedabad-Asansol (Weekly) SF Parasnath Express,TDL,TUNDLA JN,16:50:00,16:55:00,2,,NCR,Uttar Pradesh
12941,Ahmedabad-Asansol (Weekly) SF Parasnath Express,CNB,KANPUR CENTRAL,19:55:00,20:05:00,2,,NCR,Uttar Pradesh
12941,Ahmedabad-Asansol (Weekly) SF Parasnath Express,ALD,ALLAHABAD JN,22:30:00,22:40:00,2,,NCR,Uttar Pradesh
12941,Ahmedabad-Asansol (Weekly) SF Parasnath Express,MGS,MUGHAL SARAI JN,02:45:00,03:15:00,3,,ECR,Uttar Pradesh
12941,Ahmedabad-Asansol (Weekly) SF Parasnath Express,GAYA,GAYA JN,06:00:00,06:05:00,3,,ECR,Bihar
12941,Ahmedabad-Asansol (Weekly) SF Parasnath Express,DHN,DHANBAD JN,09:02:00,09:12:00,3,,ECR,Jharkhand
12941,Ahmedabad-Asansol (Weekly) SF Parasnath Express,ASN,ASANSOL JN,10:20:00,None,3,,ER,West Bengal
12904,Golden Temple Mail,ASR,AMRITSAR JN,None,21:25:00,1,,NR,Punjab
12904,Golden Temple Mail,LDH,LUDHIANA JN,23:55:00,00:05:00,1,,NR,Punjab
12904,Golden Temple Mail,UMB,AMBALA CANT JN,01:50:00,02:00:00,2,,NR,Haryana
12904,Golden Temple Mail,GZB,GHAZIABAD,06:15:00,06:17:00,2,,NR,Uttar Pradesh
12904,Golden Temple Mail,NZM,DELHI H NIZAMUDDIN,07:05:00,07:40:00,2,,NR,Delhi
12904,Golden Temple Mail,KOTA,KOTA JN,14:25:00,14:35:00,2,,WCR,Rajasthan
12904,Golden Temple Mail,RTM,RATLAM JN,18:50:00,19:10:00,2,,WR,Madhya Pradesh
12904,Golden Temple Mail,BRC,VADODARA JN,23:12:00,23:30:00,2,,WR,Gujarat
12904,Golden Temple Mail,ST,SURAT,01:35:00,01:40:00,3,,WR,Gujarat
12904,Golden Temple Mail,BCT,Mumbai Central,05:35:00,None,3,,WR,Maharashtra
18464,Prasanti Express,SBC,BANGALORE CITY JN,None,14:00:00,1,,SWR,Karnataka
18464,Prasanti Express,GTL,GUNTAKAL JN,20:15:00,20:30:00,1,,SCR,Andhra Pradesh
18464,Prasanti Express,BZA,VIJAYAWADA JN,06:35:00,06:55:00,2,,SCR,Andhra Pradesh
18464,Prasanti Express,VSKP,VISHAKAPATNAM,13:15:00,13:35:00,2,,ECoR,Andhra Pradesh
18464,Prasanti Express,BBS,BHUBANESWAR,20:45:00,None,2,,ECoR,Odisha
12407,NEW JALPAIGURI - AMRITSAR Karmabhoomi Exp,BE,BAREILLY,None,None,,,NER,Uttar Pradesh
12407,NEW JALPAIGURI - AMRITSAR Karmabhoomi Exp,NJP,NEW JALPAIGURI,None,08:15:00,1,,NFR,West Bengal
12407,NEW JALPAIGURI - AMRITSAR Karmabhoomi Exp,MFP,MUZAFFARPUR JN,16:07:00,16:12:00,1,,ECR,Bihar
12407,NEW JALPAIGURI - AMRITSAR Karmabhoomi Exp,MB,MORADABAD,08:40:00,08:50:00,2,,NR,Uttar Pradesh
12407,NEW JALPAIGURI - AMRITSAR Karmabhoomi Exp,UMB,AMBALA CANT JN,13:20:00,13:25:00,2,,NR,Haryana
12407,NEW JALPAIGURI - AMRITSAR Karmabhoomi Exp,LDH,LUDHIANA JN,15:10:00,15:20:00,2,,NR,Punjab
12407,NEW JALPAIGURI - AMRITSAR Karmabhoomi Exp,ASR,AMRITSAR JN,17:25:00,None,2,,NR,Punjab
12975,Mysore-Jaipur SF Express,MYS,MYSORE JN,None,10:15:00,1,,SWR,Karnataka
12975,Mysore-Jaipur SF Express,SBC,BANGALORE CITY JN,12:55:00,13:05:00,1,,SWR,Karnataka
12975,Mysore-Jaipur SF Express,GTL,GUNTAKAL JN,19:15:00,19:30:00,1,,SCR,Andhra Pradesh
12975,Mysore-Jaipur SF Express,NGP,NAGPUR,11:05:00,11:15:00,2,,SECR,Maharashtra
12975,Mysore-Jaipur SF Express,ET,ITARSI JN,16:05:00,16:10:00,2,,WCR,Madhya Pradesh
12975,Mysore-Jaipur SF Express,BPL,BHOPAL JN,18:00:00,18:20:00,2,,WCR,Madhya Pradesh
12975,Mysore-Jaipur SF Express,KOTA,KOTA JN,01:55:00,02:05:00,3,,WCR,Rajasthan
12975,Mysore-Jaipur SF Express,JP,JAIPUR,05:55:00,None,3,,NWR,Rajasthan
15012,CHANDIGARH - LUCKNOW Exp,CDG,CHANDIGARH,None,17:10:00,1,,NR,Chandigarh
15012,CHANDIGARH - LUCKNOW Exp,UMB,AMBALA CANT JN,17:55:00,18:05:00,1,,NR,Haryana
15012,CHANDIGARH - LUCKNOW Exp,MB,MORADABAD,02:30:00,02:40:00,2,,NR,Uttar Pradesh
12429,Bangalore - Hazrat Nizamuddin Rajdhani Express,SBC,BANGALORE CITY JN,None,20:20:00,1,,SWR,Karnataka
12429,Bangalore - Hazrat Nizamuddin Rajdhani Express,GTL,GUNTAKAL JN,01:13:00,01:13:00,2,,SCR,Andhra Pradesh
12429,Bangalore - Hazrat Nizamuddin Rajdhani Express,SC,SECUNDERABAD JN,07:35:00,07:50:00,2,,SCR,Telangana
12429,Bangalore - Hazrat Nizamuddin Rajdhani Express,NGP,NAGPUR,15:25:00,15:35:00,2,,SECR,Maharashtra
12429,Bangalore - Hazrat Nizamuddin Rajdhani Express,ET,ITARSI JN,20:05:00,20:05:00,2,,WCR,Madhya Pradesh
12429,Bangalore - Hazrat Nizamuddin Rajdhani Express,BPL,BHOPAL JN,21:25:00,21:35:00,2,,WCR,Madhya Pradesh
12429,Bangalore - Hazrat Nizamuddin Rajdhani Express,JHS,JHANSI JN,00:52:00,00:57:00,3,,NCR,Uttar Pradesh
12429,Bangalore - Hazrat Nizamuddin Rajdhani Express,GWL,GWALIOR JN,02:09:00,02:09:00,3,,NCR,Madhya Pradesh
12429,Bangalore - Hazrat Nizamuddin Rajdhani Express,AGC,AGRA CANTT,03:35:00,03:35:00,3,,NCR,Uttar Pradesh
12429,Bangalore - Hazrat Nizamuddin Rajdhani Express,NZM,DELHI H NIZAMUDDIN,05:50:00,None,3,,NR,Delhi
52928,Mewar Fast Passenger,ADI,AHMEDABAD JN,None,07:10:00,1,,WR,Gujarat
52928,Mewar Fast Passenger,UDZ,UDAIPUR CITY,17:45:00,None,1,,NWR,Rajasthan
12939,Pune-Jaipur SF Express,PUNE,PUNE JN,None,15:20:00,1,,CR,Maharashtra
12939,Pune-Jaipur SF Express,KYN,KALYAN JN,17:43:00,17:45:00,1,,CR,Maharashtra
12939,Pune-Jaipur SF Express,ST,SURAT,23:20:00,23:25:00,1,,WR,Gujarat
12939,Pune-Jaipur SF Express,BRC,VADODARA JN,01:10:00,01:28:00,2,,WR,Gujarat
12939,Pune-Jaipur SF Express,RTM,RATLAM JN,05:35:00,05:45:00,2,,WR,Madhya Pradesh
12939,Pune-Jaipur SF Express,KOTA,KOTA JN,09:10:00,09:20:00,2,,WCR,Rajasthan
12939,Pune-Jaipur SF Express,JP,JAIPUR,13:40:00,None,2,,NWR,Rajasthan
12232,Chandigarh - Lucknow Sadhbhavna SF Express,CDG,CHANDIGARH,None,20:50:00,1,,NR,Chandigarh
12232,Chandigarh - Lucknow Sadhbhavna SF Express,UMB,AMBALA CANT JN,21:30:00,21:40:00,1,,NR,Haryana
12232,Chandigarh - Lucknow Sadhbhavna SF Express,MB,MORADABAD,02:45:00,02:55:00,2,,NR,Uttar Pradesh
12232,Chandigarh - Lucknow Sadhbhavna SF Express,BE,BAREILLY,04:15:00,04:20:00,2,,NER,Uttar Pradesh
12232,Chandigarh - Lucknow Sadhbhavna SF Express,LKO,LUCKNOW,08:35:00,None,2,,NER,Uttar Pradesh
16032,Andaman Express,JAT,JAMMU TAWI,None,23:45:00,1,,NR,Jammu and Kashmir
16032,Andaman Express,LDH,LUDHIANA JN,05:05:00,05:20:00,2,,NR,Punjab
16032,Andaman Express,NDLS,NEW DELHI,13:15:00,14:10:00,2,,NR,Delhi
16032,Andaman Express,NZM,DELHI H NIZAMUDDIN,14:25:00,14:50:00,2,,NR,Delhi
16032,Andaman Express,AGC,AGRA CANTT,18:30:00,18:35:00,2,,NCR,Uttar Pradesh
16032,Andaman Express,GWL,GWALIOR JN,20:09:00,20:12:00,2,,NCR,Madhya Pradesh
16032,Andaman Express,JHS,JHANSI JN,22:10:00,22:20:00,2,,NCR,Uttar Pradesh
16032,Andaman Express,BPL,BHOPAL JN,03:05:00,03:10:00,3,,WCR,Madhya Pradesh
16032,Andaman Express,ET,ITARSI JN,05:10:00,05:30:00,3,,WCR,Madhya Pradesh
16032,Andaman Express,NGP,NAGPUR,10:35:00,10:45:00,3,,SECR,Maharashtra
16032,Andaman Express,BZA,VIJAYAWADA JN,00:40:00,01:00:00,4,,SCR,Andhra Pradesh
16032,Andaman Express,MAS,CHENNAI CENTRAL,10:10:00,None,4,,SR,Tamil Nadu
13023,Howrah-Gaya Express,HWH,HOWRAH JN,None,19:50:00,1,,ER,West Bengal
13023,Howrah-Gaya Express,BWN,BARDDHAMAN JN,21:41:00,21:46:00,1,,ER,West Bengal
13023,Howrah-Gaya Express,GAYA,GAYA JN,10:55:00,None,2,,ECR,Bihar
12343,Darjeeling Mail,SDAH,KOLKATA SEALDAH,None,22:05:00,1,,ER,West Bengal
12343,Darjeeling Mail,BWN,BARDDHAMAN JN,23:43:00,23:46:00,1,,ER,West Bengal
12343,Darjeeling Mail,NJP,NEW JALPAIGURI,08:00:00,None,2,,NFR,West Bengal
54307,Moradabad Delhi Passenger,MB,MORADABAD,None,17:00:00,1,,NR,Uttar Pradesh
54307,Moradabad Delhi Passenger,GZB,GHAZIABAD,21:35:00,21:37:00,1,,NR,Uttar Pradesh
12476,Jammu Tawi - Hapa Sarvodaya SF Express,JAT,JAMMU TAWI,None,11:15:00,1,,NR,Jammu and Kashmir
12476,Jammu Tawi - Hapa Sarvodaya SF Express,LDH,LUDHIANA JN,15:45:00,16:10:00,1,,NR,Punjab
12476,Jammu Tawi - Hapa Sarvodaya SF Express,UMB,AMBALA CANT JN,17:50:00,18:00:00,1,,NR,Haryana
12476,Jammu Tawi - Hapa Sarvodaya SF Express,NDLS,NEW DELHI,21:30:00,21:50:00,1,,NR,Delhi
12476,Jammu Tawi - Hapa Sarvodaya SF Express,NZM,DELHI H NIZAMUDDIN,21:57:00,21:57:00,1,,NR,Delhi
12476,Jammu Tawi - Hapa Sarvodaya SF Express,KOTA,KOTA JN,03:50:00,04:00:00,2,,WCR,Rajasthan
12476,Jammu Tawi - Hapa Sarvodaya SF Express,RTM,RATLAM JN,08:00:00,08:20:00,2,,WR,Madhya Pradesh
12476,Jammu Tawi - Hapa Sarvodaya SF Express,BRC,VADODARA JN,12:05:00,12:23:00,2,,WR,Gujarat
12476,Jammu Tawi - Hapa Sarvodaya SF Express,ADI,AHMEDABAD JN,14:10:00,14:30:00,2,,WR,Gujarat
56640,Mangalore-Verna Passenger,MAQ,MANGALORE CNTL,None,06:20:00,1,,SR,Karnataka
56640,Mangalore-Verna Passenger,MAO,MADGAON,12:40:00,12:45:00,1,,KR,Goa
15235,Howrah-Darbhanga Express,HWH,HOWRAH JN,None,11:05:00,1,,ER,West Bengal
15235,Howrah-Darbhanga Express,BWN,BARDDHAMAN JN,12:16:00,12:21:00,1,,ER,West Bengal
15235,Howrah-Darbhanga Express,ASN,ASANSOL JN,14:11:00,14:21:00,1,,ER,West Bengal
15270,AHMEDABAD - MUZAFFARPUR Jan Sadharan Exp,ADI,AHMEDABAD JN,None,16:15:00,1,,WR,Gujarat
15270,AHMEDABAD - MUZAFFARPUR Jan Sadharan Exp,JP,JAIPUR,03:40:00,03:50:00,2,,NWR,Rajasthan
15270,AHMEDABAD - MUZAFFARPUR Jan Sadharan Exp,TDL,TUNDLA JN,10:15:00,10:20:00,2,,NCR,Uttar Pradesh
15270,AHMEDABAD - MUZAFFARPUR Jan Sadharan Exp,CNB,KANPUR CENTRAL,13:40:00,13:50:00,2,,NCR,Uttar Pradesh
15270,AHMEDABAD - MUZAFFARPUR Jan Sadharan Exp,LKO,LUCKNOW,15:10:00,15:20:00,2,,NER,Uttar Pradesh
15270,AHMEDABAD - MUZAFFARPUR Jan Sadharan Exp,MFP,MUZAFFARPUR JN,04:00:00,None,3,,ECR,Bihar
12927,Mumbai Central -Vadodara Express,BCT,Mumbai Central,None,23:40:00,1,,WR,Maharashtra
12927,Mumbai Central -Vadodara Express,ST,SURAT,04:03:00,04:05:00,2,,WR,Gujarat
12927,Mumbai Central -Vadodara Express,BRC,VADODARA JN,06:05:00,None,2,,WR,Gujarat
53321,ASANSOL DHANBAD PASS,ASN,ASANSOL JN,None,16:30:00,1,,ER,West Bengal
53321,ASANSOL DHANBAD PASS,DHN,DHANBAD JN,18:00:00,None,1,,ECR,Jharkhand
12377,Padatik Express,SDAH,KOLKATA SEALDAH,None,22:55:00,1,,ER,West Bengal
12377,Padatik Express,BWN,BARDDHAMAN JN,00:23:00,00:25:00,2,,ER,West Bengal
12377,Padatik Express,NJP,NEW JALPAIGURI,09:05:00,None,2,,NFR,West Bengal
12712,Pinakini Express,MAS,CHENNAI CENTRAL,None,14:05:00,1,,SR,Tamil Nadu
12712,Pinakini Express,BZA,VIJAYAWADA JN,21:10:00,None,1,,SCR,Andhra Pradesh
12614,Tippu Express,SBC,BANGALORE CITY JN,None,15:00:00,1,,SWR,Karnataka
12614,Tippu Express,MYS,MYSORE JN,17:30:00,None,1,,SWR,Karnataka
51033,Mumbai Sainagar Shirdi Fast Pass(Via Daund),CSTM,MUMBAI CST,None,22:55:00,1,,CR,Maharashtra
51033,Mumbai Sainagar Shirdi Fast Pass(Via Daund),DR,MUMBAI DADAR CENTRAL,23:08:00,23:10:00,1,,CR,Maharashtra
51033,Mumbai Sainagar Shirdi Fast Pass(Via Daund),KYN,KALYAN JN,23:50:00,23:55:00,1,,CR,Maharashtra
51033,Mumbai Sainagar Shirdi Fast Pass(Via Daund),PUNE,PUNE JN,04:10:00,04:25:00,2,,CR,Maharashtra
09716,Solapur - Jaipur Special,SUR,SOLAPUR JN,None,06:45:00,1,,CR,Maharashtra
09716,Solapur - Jaipur Special,ET,ITARSI JN,02:40:00,02:50:00,2,,WCR,Madhya Pradesh
09716,Solapur - Jaipur Special,BPL,BHOPAL JN,04:50:00,05:00:00,2,,WCR,Madhya Pradesh
09716,Solapur - Jaipur Special,KOTA,KOTA JN,13:15:00,13:25:00,2,,WCR,Rajasthan
09716,Solapur - Jaipur Special,JP,JAIPUR,18:30:00,None,2,,NWR,Rajasthan
12221,PUNE - HOWRAH AC Duronto Exp,PUNE,PUNE JN,None,15:15:00,1,,CR,Maharashtra
12221,PUNE - HOWRAH AC Duronto Exp,NGP,NAGPUR,03:54:00,03:54:00,2,,SECR,Maharashtra
12221,PUNE - HOWRAH AC Duronto Exp,BSP,BILASPUR JN,09:46:00,09:46:00,2,,SECR,Chhattisgarh
12221,PUNE - HOWRAH AC Duronto Exp,ROU,ROURKELA,14:06:00,14:06:00,2,,SER,Odisha
12221,PUNE - HOWRAH AC Duronto Exp,TATA,TATANAGAR JN,16:25:00,16:25:00,2,,SER,Jharkhand
12221,PUNE - HOWRAH AC Duronto Exp,HWH,HOWRAH JN,19:40:00,None,2,,ER,West Bengal
12892,Bhubaneswar Baripada SF Express,BBS,BHUBANESWAR,None,17:10:00,1,,ECoR,Odisha
12892,Bhubaneswar Baripada SF Express,CTC,CUTTACK,17:40:00,17:42:00,1,,ECoR,Odisha
63241,Patna Gaya Passenger MEMU,PNBE,PATNA JN,None,06:00:00,1,,ECR,Bihar
63241,Patna Gaya Passenger MEMU,GAYA,GAYA JN,09:40:00,None,1,,ECR,Bihar
17617,Tapovan Express,CSTM,MUMBAI CST,None,06:10:00,1,,CR,Maharashtra
17617,Tapovan Express,DR,MUMBAI DADAR CENTRAL,06:23:00,06:25:00,1,,CR,Maharashtra
17617,Tapovan Express,KYN,KALYAN JN,07:05:00,07:10:00,1,,CR,Maharashtra
17617,Tapovan Express,AWB,AURANGABAD,13:15:00,13:20:00,1,,SCR,Maharashtra
12926,Paschim Express,ASR,AMRITSAR JN,None,08:10:00,1,,NR,Punjab
12926,Paschim Express,LDH,LUDHIANA JN,10:30:00,10:40:00,1,,NR,Punjab
12926,Paschim Express,UMB,AMBALA CANT JN,12:30:00,13:05:00,1,,NR,Haryana
12926,Paschim Express,NDLS,NEW DELHI,16:25:00,16:55:00,1,,NR,Delhi
12926,Paschim Express,NZM,DELHI H NIZAMUDDIN,17:03:00,17:03:00,1,,NR,Delhi
12926,Paschim Express,KOTA,KOTA JN,23:32:00,23:45:00,1,,WCR,Rajasthan
12926,Paschim Express,RTM,RATLAM JN,04:00:00,04:20:00,2,,WR,Madhya Pradesh
12926,Paschim Express,BRC,VADODARA JN,08:30:00,08:48:00,2,,WR,Gujarat
12926,Paschim Express,ST,SURAT,10:40:00,10:45:00,2,,WR,Gujarat
16215,Chamundi Express,MYS,MYSORE JN,None,06:45:00,1,,SWR,Karnataka
16215,Chamundi Express,SBC,BANGALORE CITY JN,09:40:00,None,1,,SWR,Karnataka
16232,Mysore Mayiladuturai Express,MYS,MYSORE JN,None,15:45:00,1,,SWR,Karnataka
16232,Mysore Mayiladuturai Express,SBC,BANGALORE CITY JN,18:45:00,19:05:00,1,,SWR,Karnataka
12156,Shaan E Bhopal SF Express,NZM,DELHI H NIZAMUDDIN,None,21:00:00,1,,NR,Delhi
12156,Shaan E Bhopal SF Express,AGC,AGRA CANTT,23:35:00,23:38:00,1,,NCR,Uttar Pradesh
12156,Shaan E Bhopal SF Express,GWL,GWALIOR JN,01:10:00,01:13:00,2,,NCR,Madhya Pradesh
12156,Shaan E Bhopal SF Express,JHS,JHANSI JN,02:33:00,02:43:00,2,,NCR,Uttar Pradesh
12156,Shaan E Bhopal SF Express,BPL,BHOPAL JN,06:35:00,06:40:00,2,,WCR,Madhya Pradesh
63545,Asansol Dhanbad Passenger,ASN,ASANSOL JN,None,14:00:00,1,,ER,West Bengal
63545,Asansol Dhanbad Passenger,DHN,DHANBAD JN,15:20:00,None,1,,ECR,Jharkhand
19023,Mumbai Firozpur Janata Express,BCT,Mumbai Central,None,07:25:00,1,,WR,Maharashtra
19023,Mumbai Firozpur Janata Express,ST,SURAT,13:42:00,13:49:00,1,,WR,Gujarat
19023,Mumbai Firozpur Janata Express,BRC,VADODARA JN,16:10:00,16:20:00,1,,WR,Gujarat
19023,Mumbai Firozpur Janata Express,RTM,RATLAM JN,21:05:00,21:25:00,1,,WR,Madhya Pradesh
19023,Mumbai Firozpur Janata Express,KOTA,KOTA JN,02:35:00,02:45:00,2,,WCR,Rajasthan
19023,Mumbai Firozpur Janata Express,NZM,DELHI H NIZAMUDDIN,12:18:00,12:20:00,2,,NR,Delhi
19023,Mumbai Firozpur Janata Express,NDLS,NEW DELHI,12:45:00,13:15:00,2,,NR,Delhi
19023,Mumbai Firozpur Janata Express,FZR,FIROZPUR CANT,22:20:00,None,2,,NR,Punjab
29059,Hapa InterCity Express,ST,SURAT,None,13:35:00,1,,WR,Gujarat
29059,Hapa InterCity Express,BRC,VADODARA JN,15:26:00,15:31:00,1,,WR,Gujarat
29059,Hapa InterCity Express,ADI,AHMEDABAD JN,17:40:00,18:00:00,1,,WR,Gujarat
22112,Nagpur-Bhusaval SF Express,NGP,NAGPUR,None,07:20:00,1,,SECR,Maharashtra
22112,Nagpur-Bhusaval SF Express,ET,ITARSI JN,12:45:00,13:05:00,1,,WCR,Madhya Pradesh
63247,Patna Gaya Passenger MEMU,PNBE,PATNA JN,None,10:30:00,1,,ECR,Bihar
63247,Patna Gaya Passenger MEMU,GAYA,GAYA JN,13:15:00,None,1,,ECR,Bihar
54378,Bareilly Allahabad Passenger,BE,BAREILLY,None,09:30:00,1,,NER,Uttar Pradesh
54378,Bareilly Allahabad Passenger,LKO,LUCKNOW,16:35:00,17:00:00,1,,NER,Uttar Pradesh
09736,Jaipur - Secunderabad (Weekly) Special,JP,JAIPUR,None,21:10:00,1,,NWR,Rajasthan
09736,Jaipur - Secunderabad (Weekly) Special,KOTA,KOTA JN,00:25:00,00:35:00,2,,WCR,Rajasthan
09736,Jaipur - Secunderabad (Weekly) Special,BPL,BHOPAL JN,09:40:00,09:50:00,2,,WCR,Madhya Pradesh
09736,Jaipur - Secunderabad (Weekly) Special,ET,ITARSI JN,12:05:00,12:15:00,2,,WCR,Madhya Pradesh
09736,Jaipur - Secunderabad (Weekly) Special,NGP,NAGPUR,16:40:00,16:50:00,2,,SECR,Maharashtra
09736,Jaipur - Secunderabad (Weekly) Special,SC,SECUNDERABAD JN,03:55:00,None,3,,SCR,Telangana
63513,Barddhaman Asansol mEMU,BWN,BARDDHAMAN JN,None,10:00:00,1,,ER,West Bengal
63513,Barddhaman Asansol mEMU,ASN,ASANSOL JN,11:50:00,None,1,,ER,West Bengal
16328,Trivandrum-Korba Express,TVC,TRIVANDRUM CENTRAL,None,05:30:00,1,,SR,Kerala
16328,Trivandrum-Korba Express,ERS,ERNAKULAM JN,10:03:00,10:03:00,1,,SR,Kerala
16328,Trivandrum-Korba Express,CBE,COIMBATORE JN,15:15:00,15:20:00,1,,SR,Tamil Nadu
16328,Trivandrum-Korba Express,MAS,CHENNAI CENTRAL,23:05:00,23:25:00,1,,SR,Tamil Nadu
16328,Trivandrum-Korba Express,BZA,VIJAYAWADA JN,06:05:00,06:20:00,2,,SCR,Andhra Pradesh
16328,Trivandrum-Korba Express,NGP,NAGPUR,16:45:00,17:10:00,2,,SECR,Maharashtra
16328,Trivandrum-Korba Express,R,RAIPUR JN,22:40:00,22:50:00,2,,SECR,Chhattisgarh
16328,Trivandrum-Korba Express,BSP,BILASPUR JN,01:35:00,01:45:00,3,,SECR,Chhattisgarh
16342,Trivandrum-Ernakulam-Guruvayur Intercity Express,TVC,TRIVANDRUM CENTRAL,None,17:25:00,1,,SR,Kerala
16342,Trivandrum-Ernakulam-Guruvayur Intercity Express,ERS,ERNAKULAM JN,21:30:00,21:35:00,1,,SR,Kerala
12933,Karnavati Express,BCT,Mumbai Central,None,13:40:00,1,,WR,Maharashtra
12933,Karnavati Express,ST,SURAT,17:35:00,17:40:00,1,,WR,Gujarat
12933,Karnavati Express,BRC,VADODARA JN,19:25:00,19:30:00,1,,WR,Gujarat
12933,Karnavati Express,ADI,AHMEDABAD JN,21:25:00,None,1,,WR,Gujarat
19107,Ahmedabad-Udhampur Janmabhoomi Express,ADI,AHMEDABAD JN,None,08:05:00,1,,WR,Gujarat
19107,Ahmedabad-Udhampur Janmabhoomi Express,JU,JODHPUR JN,17:00:00,17:15:00,1,,NWR,Rajasthan
19107,Ahmedabad-Udhampur Janmabhoomi Express,FZR,FIROZPUR CANT,09:25:00,09:45:00,2,,NR,Punjab
19107,Ahmedabad-Udhampur Janmabhoomi Express,JAT,JAMMU TAWI,15:30:00,15:50:00,2,,NR,Jammu and Kashmir
63252,Gaya Patna Passenger MEMU,GAYA,GAYA JN,None,15:00:00,1,,ECR,Bihar
63252,Gaya Patna Passenger MEMU,PNBE,PATNA JN,18:00:00,None,1,,ECR,Bihar
13329,Ganga Damodar Express,DHN,DHANBAD JN,None,23:10:00,1,,ECR,Jharkhand
13329,Ganga Damodar Express,GAYA,GAYA JN,02:35:00,03:00:00,2,,ECR,Bihar
13329,Ganga Damodar Express,PNBE,PATNA JN,05:15:00,None,2,,ECR,Bihar
59802,Jaipur Nagda Fast Passenger,JP,JAIPUR,None,23:30:00,1,,NWR,Rajasthan
59802,Jaipur Nagda Fast Passenger,KOTA,KOTA JN,05:35:00,06:00:00,2,,WCR,Rajasthan
14308,Bareilly-Prayag Passenger,BE,BAREILLY,None,17:00:00,1,,NER,Uttar Pradesh
14308,Bareilly-Prayag Passenger,LKO,LUCKNOW,22:05:00,22:20:00,1,,NER,Uttar Pradesh
18416,Puri-Banspani InterCity,PURI,PURI,None,06:00:00,1,,ECoR,Odisha
18416,Puri-Banspani InterCity,BBS,BHUBANESWAR,07:32:00,07:37:00,1,,ECoR,Odisha
18416,Puri-Banspani InterCity,CTC,CUTTACK,08:25:00,08:35:00,1,,ECoR,Odisha
19270,Muzaffarpur-Porbandar Express,MFP,MUZAFFARPUR JN,None,15:00:00,1,,ECR,Bihar
19270,Muzaffarpur-Porbandar Express,LKO,LUCKNOW,04:20:00,04:30:00,2,,NER,Uttar Pradesh
19270,Muzaffarpur-Porbandar Express,BE,BAREILLY,08:00:00,08:05:00,2,,NER,Uttar Pradesh
19270,Muzaffarpur-Porbandar Express,MB,MORADABAD,09:35:00,09:45:00,2,,NR,Uttar Pradesh
19270,Muzaffarpur-Porbandar Express,GZB,GHAZIABAD,12:18:00,12:18:00,2,,NR,Uttar Pradesh
19270,Muzaffarpur-Porbandar Express,JP,JAIPUR,18:35:00,18:50:00,2,,NWR,Rajasthan
19270,Muzaffarpur-Porbandar Express,ADI,AHMEDABAD JN,07:15:00,07:50:00,3,,WR,Gujarat
09728,Jaipur-Indore Special,JP,JAIPUR,None,20:40:00,1,,NWR,Rajasthan
09728,Jaipur-Indore Special,KOTA,KOTA JN,00:01:00,00:10:00,2,,WCR,Rajasthan
06011,Chennai Central Kollam (Weekly) SF Special,MAS,CHENNAI CENTRAL,None,15:15:00,1,,SR,Tamil Nadu
06011,Chennai Central Kollam (Weekly) SF Special,CBE,COIMBATORE JN,22:30:00,22:35:00,1,,SR,Tamil Nadu
06011,Chennai Central Kollam (Weekly) SF Special,ERS,ERNAKULAM JN,02:38:00,02:38:00,2,,SR,Kerala
12034,New Delhi-Kanpur Shatabdi Express,NDLS,NEW DELHI,None,15:55:00,1,,NR,Delhi
12034,New Delhi-Kanpur Shatabdi Express,GZB,GHAZIABAD,16:31:00,16:33:00,1,,NR,Uttar Pradesh
12034,New Delhi-Kanpur Shatabdi Express,ALJN,ALIGARH JN,17:39:00,17:39:00,1,,NCR,Uttar Pradesh
12034,New Delhi-Kanpur Shatabdi Express,TDL,TUNDLA JN,18:28:00,18:28:00,1,,NCR,Uttar Pradesh
12034,New Delhi-Kanpur Shatabdi Express,CNB,KANPUR CENTRAL,20:50:00,None,1,,NCR,Uttar Pradesh
17005,HYDERABAD DECCAN - RAXAUL  Exp,HYB,HYDERABAD DECCAN,None,21:30:00,1,,SCR,Andhra Pradesh
17005,HYDERABAD DECCAN - RAXAUL  Exp,SC,SECUNDERABAD JN,21:50:00,22:00:00,1,,SCR,Telangana
17005,HYDERABAD DECCAN - RAXAUL  Exp,NGP,NAGPUR,07:50:00,08:00:00,2,,SECR,Maharashtra
17005,HYDERABAD DECCAN - RAXAUL  Exp,R,RAIPUR JN,12:35:00,12:40:00,2,,SECR,Chhattisgarh
17005,HYDERABAD DECCAN - RAXAUL  Exp,BSP,BILASPUR JN,14:30:00,14:45:00,2,,SECR,Chhattisgarh
17005,HYDERABAD DECCAN - RAXAUL  Exp,ROU,ROURKELA,19:05:00,19:25:00,2,,SER,Odisha
17005,HYDERABAD DECCAN - RAXAUL  Exp,DHN,DHANBAD JN,03:55:00,04:05:00,3,,ECR,Jharkhand
19306,Shipra Express,HWH,HOWRAH JN,None,17:45:00,1,,ER,West Bengal
19306,Shipra Express,BWN,BARDDHAMAN JN,19:03:00,19:08:00,1,,ER,West Bengal
19306,Shipra Express,ASN,ASANSOL JN,20:40:00,20:45:00,1,,ER,West Bengal
19306,Shipra Express,DHN,DHANBAD JN,22:17:00,22:27:00,1,,ECR,Jharkhand
19306,Shipra Express,GAYA,GAYA JN,01:45:00,01:55:00,2,,ECR,Bihar
19306,Shipra Express,MGS,MUGHAL SARAI JN,04:50:00,05:10:00,2,,ECR,Uttar Pradesh
19306,Shipra Express,ALD,ALLAHABAD JN,07:40:00,08:12:00,2,,NCR,Uttar Pradesh
19306,Shipra Express,BPL,BHOPAL JN,20:35:00,20:55:00,2,,WCR,Madhya Pradesh
12901,Gujarat Mail,BCT,Mumbai Central,None,21:45:00,1,,WR,Maharashtra
12901,Gujarat Mail,ST,SURAT,02:10:00,02:15:00,2,,WR,Gujarat
12901,Gujarat Mail,BRC,VADODARA JN,04:15:00,04:20:00,2,,WR,Gujarat
12901,Gujarat Mail,ADI,AHMEDABAD JN,06:25:00,None,2,,WR,Gujarat
15708,Amrapali Express,ASR,AMRITSAR JN,None,07:15:00,1,,NR,Punjab
15708,Amrapali Express,LDH,LUDHIANA JN,09:55:00,10:05:00,1,,NR,Punjab
15708,Amrapali Express,UMB,AMBALA CANT JN,11:58:00,12:03:00,1,,NR,Haryana
15708,Amrapali Express,GZB,GHAZIABAD,15:46:00,15:46:00,1,,NR,Uttar Pradesh
15708,Amrapali Express,ALJN,ALIGARH JN,17:11:00,17:16:00,1,,NCR,Uttar Pradesh
15708,Amrapali Express,TDL,TUNDLA JN,18:40:00,18:45:00,1,,NCR,Uttar Pradesh
15708,Amrapali Express,CNB,KANPUR CENTRAL,22:45:00,23:00:00,1,,NCR,Uttar Pradesh
15708,Amrapali Express,LKO,LUCKNOW,00:25:00,00:50:00,2,,NER,Uttar Pradesh
15708,Amrapali Express,MFP,MUZAFFARPUR JN,13:12:00,13:22:00,2,,ECR,Bihar
53131,Sealdah Muzaffarpur Fast Passenger,SDAH,KOLKATA SEALDAH,None,05:45:00,1,,ER,West Bengal
53131,Sealdah Muzaffarpur Fast Passenger,BWN,BARDDHAMAN JN,09:00:00,09:04:00,1,,ER,West Bengal
53131,Sealdah Muzaffarpur Fast Passenger,ASN,ASANSOL JN,11:05:00,11:30:00,1,,ER,West Bengal
53131,Sealdah Muzaffarpur Fast Passenger,MFP,MUZAFFARPUR JN,00:15:00,None,2,,ECR,Bihar
12002,New Delhi-Bhopal Shatabdi Express,NDLS,NEW DELHI,None,06:15:00,1,,NR,Delhi
12002,New Delhi-Bhopal Shatabdi Express,NZM,DELHI H NIZAMUDDIN,06:19:00,06:19:00,1,,NR,Delhi
12002,New Delhi-Bhopal Shatabdi Express,AGC,AGRA CANTT,08:12:00,08:17:00,1,,NCR,Uttar Pradesh
12002,New Delhi-Bhopal Shatabdi Express,GWL,GWALIOR JN,09:35:00,09:38:00,1,,NCR,Madhya Pradesh
12002,New Delhi-Bhopal Shatabdi Express,JHS,JHANSI JN,10:48:00,10:56:00,1,,NCR,Uttar Pradesh
12002,New Delhi-Bhopal Shatabdi Express,BPL,BHOPAL JN,14:05:00,None,1,,WCR,Madhya Pradesh
18208,Jaipur Durg Express,JP,JAIPUR,None,21:35:00,1,,NWR,Rajasthan
18208,Jaipur Durg Express,KOTA,KOTA JN,01:20:00,01:40:00,2,,WCR,Rajasthan
18208,Jaipur Durg Express,BSP,BILASPUR JN,19:10:00,19:30:00,2,,SECR,Chhattisgarh
18208,Jaipur Durg Express,R,RAIPUR JN,21:15:00,21:25:00,2,,SECR,Chhattisgarh
57273,Hubli Tirupati InterCity Passenger,UBL,HUBLI JN,None,06:00:00,1,,SWR,Karnataka
57273,Hubli Tirupati InterCity Passenger,GTL,GUNTAKAL JN,12:25:00,12:40:00,1,,SCR,Andhra Pradesh
14604,AMRITSAR - SAHARSA Jan Sadharan Exp,ASR,AMRITSAR JN,None,13:05:00,1,,NR,Punjab
14604,AMRITSAR - SAHARSA Jan Sadharan Exp,LDH,LUDHIANA JN,15:15:00,15:25:00,1,,NR,Punjab
14604,AMRITSAR - SAHARSA Jan Sadharan Exp,UMB,AMBALA CANT JN,17:10:00,17:20:00,1,,NR,Haryana
14604,AMRITSAR - SAHARSA Jan Sadharan Exp,MB,MORADABAD,21:40:00,21:55:00,1,,NR,Uttar Pradesh
14604,AMRITSAR - SAHARSA Jan Sadharan Exp,BE,BAREILLY,23:12:00,23:15:00,1,,NER,Uttar Pradesh
14604,AMRITSAR - SAHARSA Jan Sadharan Exp,MFP,MUZAFFARPUR JN,15:10:00,15:20:00,2,,ECR,Bihar
12558,Sapt Kranti SF Express,GZB,GHAZIABAD,15:04:00,15:04:00,1,,NR,Uttar Pradesh
12558,Sapt Kranti SF Express,MB,MORADABAD,17:30:00,17:40:00,1,,NR,Uttar Pradesh
12558,Sapt Kranti SF Express,BE,BAREILLY,19:04:00,19:04:00,1,,NER,Uttar Pradesh
12558,Sapt Kranti SF Express,LKO,LUCKNOW,22:40:00,22:55:00,1,,NER,Uttar Pradesh
12558,Sapt Kranti SF Express,MFP,MUZAFFARPUR JN,10:25:00,None,2,,ECR,Bihar
12368,Vikramshila Express,GZB,GHAZIABAD,14:53:00,14:53:00,1,,NR,Uttar Pradesh
12368,Vikramshila Express,ALJN,ALIGARH JN,16:38:00,16:38:00,1,,NCR,Uttar Pradesh
12368,Vikramshila Express,TDL,TUNDLA JN,17:55:00,17:55:00,1,,NCR,Uttar Pradesh
12368,Vikramshila Express,CNB,KANPUR CENTRAL,21:44:00,21:44:00,1,,NCR,Uttar Pradesh
12368,Vikramshila Express,ALD,ALLAHABAD JN,00:56:00,00:56:00,2,,NCR,Uttar Pradesh
12368,Vikramshila Express,MGS,MUGHAL SARAI JN,03:28:00,03:28:00,2,,ECR,Uttar Pradesh
12368,Vikramshila Express,PNBE,PATNA JN,06:45:00,06:55:00,2,,ECR,Bihar
14002,ATARI SHYAM SINGH - OLD DELHI Samjhauta Exp,ASR,AMRITSAR JN,None,None,,,NR,Punjab
14002,ATARI SHYAM SINGH - OLD DELHI Samjhauta Exp,LDH,LUDHIANA JN,None,None,,,NR,Punjab
14002,ATARI SHYAM SINGH - OLD DELHI Samjhauta Exp,UMB,AMBALA CANT JN,None,None,,,NR,Haryana
12570,Anand Vihar Terminus-Jaynagar Garib Rath Express,GZB,GHAZIABAD,17:13:00,17:13:00,1,,NR,Uttar Pradesh
12570,Anand Vihar Terminus-Jaynagar Garib Rath Express,ALJN,ALIGARH JN,19:00:00,19:02:00,1,,NCR,Uttar Pradesh
12570,Anand Vihar Terminus-Jaynagar Garib Rath Express,TDL,TUNDLA JN,19:51:00,19:51:00,1,,NCR,Uttar Pradesh
12570,Anand Vihar Terminus-Jaynagar Garib Rath Express,CNB,KANPUR CENTRAL,22:12:00,22:17:00,1,,NCR,Uttar Pradesh
12570,Anand Vihar Terminus-Jaynagar Garib Rath Express,ALD,ALLAHABAD JN,00:17:00,00:20:00,2,,NCR,Uttar Pradesh
12570,Anand Vihar Terminus-Jaynagar Garib Rath Express,MGS,MUGHAL SARAI JN,02:20:00,02:40:00,2,,ECR,Uttar Pradesh
12570,Anand Vihar Terminus-Jaynagar Garib Rath Express,PNBE,PATNA JN,05:55:00,06:05:00,2,,ECR,Bihar
12874,Jharkhand Swarna Jayanti Express,GZB,GHAZIABAD,20:01:00,20:01:00,1,,NR,Uttar Pradesh
12874,Jharkhand Swarna Jayanti Express,ALJN,ALIGARH JN,21:29:00,21:29:00,1,,NCR,Uttar Pradesh
12874,Jharkhand Swarna Jayanti Express,TDL,TUNDLA JN,22:34:00,22:34:00,1,,NCR,Uttar Pradesh
12874,Jharkhand Swarna Jayanti Express,CNB,KANPUR CENTRAL,01:45:00,01:50:00,2,,NCR,Uttar Pradesh
12874,Jharkhand Swarna Jayanti Express,ALD,ALLAHABAD JN,04:20:00,04:50:00,2,,NCR,Uttar Pradesh
22408,Delhi Anand Vihar Terminus-Varanasi Garib Rath,GZB,GHAZIABAD,18:24:00,18:24:00,1,,NR,Uttar Pradesh
22408,Delhi Anand Vihar Terminus-Varanasi Garib Rath,MB,MORADABAD,21:00:00,21:10:00,1,,NR,Uttar Pradesh
22408,Delhi Anand Vihar Terminus-Varanasi Garib Rath,BE,BAREILLY,22:30:00,22:35:00,1,,NER,Uttar Pradesh
22408,Delhi Anand Vihar Terminus-Varanasi Garib Rath,LKO,LUCKNOW,02:25:00,02:35:00,2,,NER,Uttar Pradesh
12818,Jharkhand Swarna Jayanti Express,GZB,GHAZIABAD,20:01:00,20:01:00,1,,NR,Uttar Pradesh
12818,Jharkhand Swarna Jayanti Express,ALJN,ALIGARH JN,21:30:00,21:30:00,1,,NCR,Uttar Pradesh
12818,Jharkhand Swarna Jayanti Express,TDL,TUNDLA JN,22:36:00,22:36:00,1,,NCR,Uttar Pradesh
12818,Jharkhand Swarna Jayanti Express,CNB,KANPUR CENTRAL,01:45:00,01:50:00,2,,NCR,Uttar Pradesh
12818,Jharkhand Swarna Jayanti Express,ALD,ALLAHABAD JN,04:20:00,04:30:00,2,,NCR,Uttar Pradesh
12818,Jharkhand Swarna Jayanti Express,MGS,MUGHAL SARAI JN,06:45:00,07:10:00,2,,ECR,Uttar Pradesh
12818,Jharkhand Swarna Jayanti Express,GAYA,GAYA JN,10:05:00,10:13:00,2,,ECR,Bihar
22406,AnandVihar Terminal-Bhagalpur Garib Rath,GZB,GHAZIABAD,17:14:00,17:14:00,1,,NR,Uttar Pradesh
22406,AnandVihar Terminal-Bhagalpur Garib Rath,ALJN,ALIGARH JN,19:05:00,19:07:00,1,,NCR,Uttar Pradesh
22406,AnandVihar Terminal-Bhagalpur Garib Rath,TDL,TUNDLA JN,19:54:00,19:54:00,1,,NCR,Uttar Pradesh
22406,AnandVihar Terminal-Bhagalpur Garib Rath,CNB,KANPUR CENTRAL,22:12:00,22:17:00,1,,NCR,Uttar Pradesh
22406,AnandVihar Terminal-Bhagalpur Garib Rath,ALD,ALLAHABAD JN,00:17:00,00:20:00,2,,NCR,Uttar Pradesh
22406,AnandVihar Terminal-Bhagalpur Garib Rath,MGS,MUGHAL SARAI JN,02:20:00,02:40:00,2,,ECR,Uttar Pradesh
22406,AnandVihar Terminal-Bhagalpur Garib Rath,PNBE,PATNA JN,05:55:00,06:05:00,2,,ECR,Bihar
12212,Anand Vihar T.- Muzaffarpur Garib Rath,GZB,GHAZIABAD,21:24:00,21:24:00,1,,NR,Uttar Pradesh
12212,Anand Vihar T.- Muzaffarpur Garib Rath,MB,MORADABAD,23:50:00,00:05:00,1,,NR,Uttar Pradesh
12212,Anand Vihar T.- Muzaffarpur Garib Rath,BE,BAREILLY,01:25:00,01:30:00,2,,NER,Uttar Pradesh
12212,Anand Vihar T.- Muzaffarpur Garib Rath,LKO,LUCKNOW,05:20:00,05:55:00,2,,NER,Uttar Pradesh
12212,Anand Vihar T.- Muzaffarpur Garib Rath,MFP,MUZAFFARPUR JN,17:55:00,None,2,,ECR,Bihar
12506,DELHI ANAND VIHAR - GUWAHATI North East Exp,GZB,GHAZIABAD,07:01:00,07:01:00,1,,NR,Uttar Pradesh
12506,DELHI ANAND VIHAR - GUWAHATI North East Exp,ALJN,ALIGARH JN,08:30:00,08:33:00,1,,NCR,Uttar Pradesh
12506,DELHI ANAND VIHAR - GUWAHATI North East Exp,TDL,TUNDLA JN,09:45:00,09:48:00,1,,NCR,Uttar Pradesh
12506,DELHI ANAND VIHAR - GUWAHATI North East Exp,CNB,KANPUR CENTRAL,12:50:00,13:00:00,1,,NCR,Uttar Pradesh
12506,DELHI ANAND VIHAR - GUWAHATI North East Exp,ALD,ALLAHABAD JN,15:40:00,15:52:00,1,,NCR,Uttar Pradesh
12506,DELHI ANAND VIHAR - GUWAHATI North East Exp,MGS,MUGHAL SARAI JN,18:10:00,18:30:00,1,,ECR,Uttar Pradesh
12506,DELHI ANAND VIHAR - GUWAHATI North East Exp,PNBE,PATNA JN,21:55:00,22:20:00,1,,ECR,Bihar
12506,DELHI ANAND VIHAR - GUWAHATI North East Exp,NJP,NEW JALPAIGURI,08:20:00,08:35:00,2,,NFR,West Bengal
12506,DELHI ANAND VIHAR - GUWAHATI North East Exp,GHY,GUWAHATI,16:40:00,None,2,,NFR,Assam
12226,Kaifiat Express,GZB,GHAZIABAD,19:38:00,19:38:00,1,,NR,Uttar Pradesh
12226,Kaifiat Express,ALJN,ALIGARH JN,21:10:00,21:15:00,1,,NCR,Uttar Pradesh
12226,Kaifiat Express,TDL,TUNDLA JN,22:17:00,22:17:00,1,,NCR,Uttar Pradesh
12226,Kaifiat Express,CNB,KANPUR CENTRAL,01:35:00,01:40:00,2,,NCR,Uttar Pradesh
15035,Uttarakhand Sampark Kranti Express,GZB,GHAZIABAD,16:20:00,16:20:00,1,,NR,Uttar Pradesh
15035,Uttarakhand Sampark Kranti Express,MB,MORADABAD,18:50:00,19:30:00,1,,NR,Uttar Pradesh
15035-Slip,Uttarakhand Sampark Kranti Express Slip,GZB,GHAZIABAD,16:20:00,16:20:00,1,,NR,Uttar Pradesh
15035-Slip,Uttarakhand Sampark Kranti Express Slip,MB,MORADABAD,18:50:00,19:05:00,1,,NR,Uttar Pradesh
03686,Delhi Gaya S,GZB,GHAZIABAD,19:27:00,19:27:00,1,,NR,Uttar Pradesh
03686,Delhi Gaya S,ALJN,ALIGARH JN,20:55:00,20:55:00,1,,NCR,Uttar Pradesh
03686,Delhi Gaya S,TDL,TUNDLA JN,21:59:00,21:59:00,1,,NCR,Uttar Pradesh
03686,Delhi Gaya S,CNB,KANPUR CENTRAL,01:05:00,01:15:00,2,,NCR,Uttar Pradesh
03686,Delhi Gaya S,ALD,ALLAHABAD JN,03:45:00,03:52:00,2,,NCR,Uttar Pradesh
03686,Delhi Gaya S,MGS,MUGHAL SARAI JN,06:35:00,06:55:00,2,,ECR,Uttar Pradesh
03686,Delhi Gaya S,GAYA,GAYA JN,09:45:00,None,2,,ECR,Bihar
12330,West Bengal Sampark Kranti Express,GZB,GHAZIABAD,19:27:00,19:27:00,1,,NR,Uttar Pradesh
12330,West Bengal Sampark Kranti Express,ALJN,ALIGARH JN,20:55:00,20:55:00,1,,NCR,Uttar Pradesh
12330,West Bengal Sampark Kranti Express,TDL,TUNDLA JN,21:59:00,21:59:00,1,,NCR,Uttar Pradesh
12330,West Bengal Sampark Kranti Express,CNB,KANPUR CENTRAL,01:05:00,01:15:00,2,,NCR,Uttar Pradesh
12330,West Bengal Sampark Kranti Express,ALD,ALLAHABAD JN,04:13:00,04:13:00,2,,NCR,Uttar Pradesh
12330,West Bengal Sampark Kranti Express,MGS,MUGHAL SARAI JN,06:30:00,06:55:00,2,,ECR,Uttar Pradesh
12330,West Bengal Sampark Kranti Express,GAYA,GAYA JN,09:50:00,09:50:00,2,,ECR,Bihar
12330,West Bengal Sampark Kranti Express,DHN,DHANBAD JN,12:35:00,12:45:00,2,,ECR,Jharkhand
12330,West Bengal Sampark Kranti Express,ASN,ASANSOL JN,13:42:00,13:57:00,2,,ER,West Bengal
12330,West Bengal Sampark Kranti Express,BWN,BARDDHAMAN JN,15:20:00,15:23:00,2,,ER,West Bengal
12330,West Bengal Sampark Kranti Express,SDAH,KOLKATA SEALDAH,17:25:00,None,2,,ER,West Bengal
13258,ANAND VIHAR DELHI - DANAPUR JanSadharan Exp,GZB,GHAZIABAD,None,None,,,NR,Uttar Pradesh
13258,ANAND VIHAR DELHI - DANAPUR JanSadharan Exp,MB,MORADABAD,None,None,,,NR,Uttar Pradesh
13258,ANAND VIHAR DELHI - DANAPUR JanSadharan Exp,BE,BAREILLY,None,None,,,NER,Uttar Pradesh
13258,ANAND VIHAR DELHI - DANAPUR JanSadharan Exp,LKO,LUCKNOW,None,None,,,NER,Uttar Pradesh
13258,ANAND VIHAR DELHI - DANAPUR JanSadharan Exp,MGS,MUGHAL SARAI JN,None,None,,,ECR,Uttar Pradesh
14056,OLD DELHI - DIBRUGARH Brahmaputra Exp,GZB,GHAZIABAD,23:51:00,23:51:00,1,,NR,Uttar Pradesh
14056,OLD DELHI - DIBRUGARH Brahmaputra Exp,ALJN,ALIGARH JN,01:29:00,01:34:00,2,,NCR,Uttar Pradesh
14056,OLD DELHI - DIBRUGARH Brahmaputra Exp,TDL,TUNDLA JN,02:28:00,02:33:00,2,,NCR,Uttar Pradesh
14056,OLD DELHI - DIBRUGARH Brahmaputra Exp,CNB,KANPUR CENTRAL,05:45:00,05:55:00,2,,NCR,Uttar Pradesh
14056,OLD DELHI - DIBRUGARH Brahmaputra Exp,ALD,ALLAHABAD JN,08:25:00,08:35:00,2,,NCR,Uttar Pradesh
14056,OLD DELHI - DIBRUGARH Brahmaputra Exp,MGS,MUGHAL SARAI JN,11:20:00,11:40:00,2,,ECR,Uttar Pradesh
14056,OLD DELHI - DIBRUGARH Brahmaputra Exp,PNBE,PATNA JN,14:45:00,14:55:00,2,,ECR,Bihar
14056,OLD DELHI - DIBRUGARH Brahmaputra Exp,NJP,NEW JALPAIGURI,04:25:00,04:45:00,3,,NFR,West Bengal
14056,OLD DELHI - DIBRUGARH Brahmaputra Exp,GHY,GUWAHATI,14:25:00,14:40:00,3,,NFR,Assam
14056,OLD DELHI - DIBRUGARH Brahmaputra Exp,DBRG,DIBRUGARH,04:00:00,None,4,,NFR,Assam
12542,Mumbai LTT-Gorakhpur SF Express,KYN,KALYAN JN,11:55:00,11:55:00,1,,CR,Maharashtra
12542,Mumbai LTT-Gorakhpur SF Express,ET,ITARSI JN,23:35:00,23:40:00,1,,WCR,Madhya Pradesh
12542,Mumbai LTT-Gorakhpur SF Express,BPL,BHOPAL JN,01:15:00,01:20:00,2,,WCR,Madhya Pradesh
12542,Mumbai LTT-Gorakhpur SF Express,JHS,JHANSI JN,05:15:00,05:35:00,2,,NCR,Uttar Pradesh
12542,Mumbai LTT-Gorakhpur SF Express,CNB,KANPUR CENTRAL,09:45:00,09:55:00,2,,NCR,Uttar Pradesh
12143,LTT Sultanpur Superfast Weekly Express,KYN,KALYAN JN,17:29:00,17:29:00,1,,CR,Maharashtra
12143,LTT Sultanpur Superfast Weekly Express,ET,ITARSI JN,05:50:00,05:50:00,2,,WCR,Madhya Pradesh
12143,LTT Sultanpur Superfast Weekly Express,BPL,BHOPAL JN,07:25:00,07:35:00,2,,WCR,Madhya Pradesh
12143,LTT Sultanpur Superfast Weekly Express,JHS,JHANSI JN,12:10:00,12:30:00,2,,NCR,Uttar Pradesh
12143,LTT Sultanpur Superfast Weekly Express,CNB,KANPUR CENTRAL,15:35:00,15:45:00,2,,NCR,Uttar Pradesh
12143,LTT Sultanpur Superfast Weekly Express,LKO,LUCKNOW,17:25:00,17:35:00,2,,NER,Uttar Pradesh
12219,Lokmanya Tilak (T)-Secunderabad AC Duronto Express,KYN,KALYAN JN,23:40:00,23:40:00,1,,CR,Maharashtra
12219,Lokmanya Tilak (T)-Secunderabad AC Duronto Express,PUNE,PUNE JN,01:49:00,01:49:00,2,,CR,Maharashtra
12219,Lokmanya Tilak (T)-Secunderabad AC Duronto Express,SUR,SOLAPUR JN,05:56:00,05:56:00,2,,CR,Maharashtra
12219,Lokmanya Tilak (T)-Secunderabad AC Duronto Express,SC,SECUNDERABAD JN,11:05:00,None,2,,SCR,Telangana
12750,Mumbai LTT-Visakhapatnam SF Express,KYN,KALYAN JN,13:04:00,13:04:00,1,,CR,Maharashtra
12750,Mumbai LTT-Visakhapatnam SF Express,PUNE,PUNE JN,15:30:00,15:35:00,1,,CR,Maharashtra
12750,Mumbai LTT-Visakhapatnam SF Express,SUR,SOLAPUR JN,19:20:00,19:30:00,1,,CR,Maharashtra
12750,Mumbai LTT-Visakhapatnam SF Express,SC,SECUNDERABAD JN,02:00:00,02:10:00,2,,SCR,Telangana
12750,Mumbai LTT-Visakhapatnam SF Express,BZA,VIJAYAWADA JN,07:40:00,08:00:00,2,,SCR,Andhra Pradesh
12750,Mumbai LTT-Visakhapatnam SF Express,VSKP,VISHAKAPATNAM,14:45:00,None,2,,ECoR,Andhra Pradesh
12223,MUM LTT - ERNAKULAM AC Duronto,PNVL,PANVEL,21:29:00,21:29:00,1,,CR,Maharashtra
12223,MUM LTT - ERNAKULAM AC Duronto,MAO,MADGAON,04:12:00,04:12:00,2,,KR,Goa
12223,MUM LTT - ERNAKULAM AC Duronto,ERS,ERNAKULAM JN,17:45:00,None,2,,SR,Kerala
12228,Indore- Mumbai Central Duronto Express,RTM,RATLAM JN,01:45:00,01:45:00,2,,WR,Madhya Pradesh
12228,Indore- Mumbai Central Duronto Express,BRC,VADODARA JN,05:48:00,05:48:00,2,,WR,Gujarat
12228,Indore- Mumbai Central Duronto Express,ST,SURAT,07:49:00,07:49:00,2,,WR,Gujarat
12228,Indore- Mumbai Central Duronto Express,BCT,Mumbai Central,11:50:00,None,2,,WR,Maharashtra
12213,Yeswantpur-Delhi Sarai Rohilla AC Duronto Express,GTL,GUNTAKAL JN,03:40:00,03:40:00,2,,SCR,Andhra Pradesh
12213,Yeswantpur-Delhi Sarai Rohilla AC Duronto Express,SC,SECUNDERABAD JN,09:16:00,09:16:00,2,,SCR,Telangana
12213,Yeswantpur-Delhi Sarai Rohilla AC Duronto Express,NGP,NAGPUR,17:06:00,17:06:00,2,,SECR,Maharashtra
12213,Yeswantpur-Delhi Sarai Rohilla AC Duronto Express,ET,ITARSI JN,21:08:00,21:08:00,2,,WCR,Madhya Pradesh
12213,Yeswantpur-Delhi Sarai Rohilla AC Duronto Express,BPL,BHOPAL JN,22:23:00,22:23:00,2,,WCR,Madhya Pradesh
12213,Yeswantpur-Delhi Sarai Rohilla AC Duronto Express,JHS,JHANSI JN,02:21:00,02:21:00,3,,NCR,Uttar Pradesh
12213,Yeswantpur-Delhi Sarai Rohilla AC Duronto Express,GWL,GWALIOR JN,03:41:00,03:41:00,3,,NCR,Madhya Pradesh
12213,Yeswantpur-Delhi Sarai Rohilla AC Duronto Express,AGC,AGRA CANTT,05:17:00,05:17:00,3,,NCR,Uttar Pradesh
12265,Delhi Sarai Rohilla Jammu Tawi Duronto Express,UMB,AMBALA CANT JN,01:19:00,01:19:00,2,,NR,Haryana
12265,Delhi Sarai Rohilla Jammu Tawi Duronto Express,LDH,LUDHIANA JN,03:04:00,03:04:00,2,,NR,Punjab
12265,Delhi Sarai Rohilla Jammu Tawi Duronto Express,JAT,JAMMU TAWI,07:10:00,None,2,,NR,Jammu and Kashmir
14001,OLD DELHI - ATARI SHYAM SINGH Samjhauta Exp,UMB,AMBALA CANT JN,None,None,,,NR,Haryana
14001,OLD DELHI - ATARI SHYAM SINGH Samjhauta Exp,LDH,LUDHIANA JN,None,None,,,NR,Punjab
14001,OLD DELHI - ATARI SHYAM SINGH Samjhauta Exp,ASR,AMRITSAR JN,None,None,,,NR,Punjab
12325,KOLKATA CHITPUR - NANGAL DAM Gurumukhi Exp,BWN,BARDDHAMAN JN,None,None,,,ER,West Bengal
12325,KOLKATA CHITPUR - NANGAL DAM Gurumukhi Exp,ASN,ASANSOL JN,10:46:00,10:51:00,1,,ER,West Bengal
12325,KOLKATA CHITPUR - NANGAL DAM Gurumukhi Exp,PNBE,PATNA JN,16:05:00,16:15:00,1,,ECR,Bihar
12325,KOLKATA CHITPUR - NANGAL DAM Gurumukhi Exp,MGS,MUGHAL SARAI JN,19:30:00,19:50:00,1,,ECR,Uttar Pradesh
12325,KOLKATA CHITPUR - NANGAL DAM Gurumukhi Exp,LKO,LUCKNOW,02:10:00,02:25:00,2,,NER,Uttar Pradesh
12325,KOLKATA CHITPUR - NANGAL DAM Gurumukhi Exp,BE,BAREILLY,06:05:00,06:10:00,2,,NER,Uttar Pradesh
12325,KOLKATA CHITPUR - NANGAL DAM Gurumukhi Exp,MB,MORADABAD,07:35:00,07:45:00,2,,NR,Uttar Pradesh
12325,KOLKATA CHITPUR - NANGAL DAM Gurumukhi Exp,UMB,AMBALA CANT JN,12:15:00,12:25:00,2,,NR,Haryana
12359,KOLKATA CHITPUR - PATNA Garib Rath Exp,BWN,BARDDHAMAN JN,None,None,,,ER,West Bengal
12359,KOLKATA CHITPUR - PATNA Garib Rath Exp,ASN,ASANSOL JN,23:05:00,23:10:00,1,,ER,West Bengal
12359,KOLKATA CHITPUR - PATNA Garib Rath Exp,PNBE,PATNA JN,05:30:00,None,2,,ECR,Bihar
12319,KOLKATA CHITPUR - AGRA CANTT SF Exp,BWN,BARDDHAMAN JN,None,None,,,ER,West Bengal
12319,KOLKATA CHITPUR - AGRA CANTT SF Exp,ASN,ASANSOL JN,16:13:00,16:18:00,1,,ER,West Bengal
12319,KOLKATA CHITPUR - AGRA CANTT SF Exp,DHN,DHANBAD JN,17:10:00,17:15:00,1,,ECR,Jharkhand
12319,KOLKATA CHITPUR - AGRA CANTT SF Exp,GAYA,GAYA JN,20:12:00,20:17:00,1,,ECR,Bihar
12319,KOLKATA CHITPUR - AGRA CANTT SF Exp,MGS,MUGHAL SARAI JN,23:00:00,23:20:00,1,,ECR,Uttar Pradesh
12319,KOLKATA CHITPUR - AGRA CANTT SF Exp,ALD,ALLAHABAD JN,01:24:00,01:24:00,2,,NCR,Uttar Pradesh
12319,KOLKATA CHITPUR - AGRA CANTT SF Exp,CNB,KANPUR CENTRAL,03:50:00,04:00:00,2,,NCR,Uttar Pradesh
12319,KOLKATA CHITPUR - AGRA CANTT SF Exp,AGC,AGRA CANTT,12:00:00,None,2,,NCR,Uttar Pradesh
12214,Delhi Sarai Rohilla-Yesvantpur AC Duronto Express,AGC,AGRA CANTT,01:57:00,01:57:00,2,,NCR,Uttar Pradesh
12214,Delhi Sarai Rohilla-Yesvantpur AC Duronto Express,GWL,GWALIOR JN,03:37:00,03:37:00,2,,NCR,Madhya Pradesh
12214,Delhi Sarai Rohilla-Yesvantpur AC Duronto Express,JHS,JHANSI JN,05:00:00,05:00:00,2,,NCR,Uttar Pradesh
12214,Delhi Sarai Rohilla-Yesvantpur AC Duronto Express,BPL,BHOPAL JN,09:09:00,09:09:00,2,,WCR,Madhya Pradesh
12214,Delhi Sarai Rohilla-Yesvantpur AC Duronto Express,ET,ITARSI JN,10:27:00,10:27:00,2,,WCR,Madhya Pradesh
12214,Delhi Sarai Rohilla-Yesvantpur AC Duronto Express,NGP,NAGPUR,14:39:00,14:39:00,2,,SECR,Maharashtra
12214,Delhi Sarai Rohilla-Yesvantpur AC Duronto Express,SC,SECUNDERABAD JN,22:48:00,22:48:00,2,,SCR,Telangana
12214,Delhi Sarai Rohilla-Yesvantpur AC Duronto Express,GTL,GUNTAKAL JN,04:40:00,04:40:00,3,,SCR,Andhra Pradesh
12357,KOLKATA CHITPUR - AMRITSAR Durgiana SF Exp,BWN,BARDDHAMAN JN,None,None,,,ER,West Bengal
12357,KOLKATA CHITPUR - AMRITSAR Durgiana SF Exp,ASN,ASANSOL JN,15:18:00,15:20:00,1,,ER,West Bengal
12357,KOLKATA CHITPUR - AMRITSAR Durgiana SF Exp,DHN,DHANBAD JN,16:10:00,16:15:00,1,,ECR,Jharkhand
12357,KOLKATA CHITPUR - AMRITSAR Durgiana SF Exp,GAYA,GAYA JN,18:46:00,18:51:00,1,,ECR,Bihar
12357,KOLKATA CHITPUR - AMRITSAR Durgiana SF Exp,MGS,MUGHAL SARAI JN,21:05:00,21:20:00,1,,ECR,Uttar Pradesh
12357,KOLKATA CHITPUR - AMRITSAR Durgiana SF Exp,LKO,LUCKNOW,02:30:00,02:40:00,2,,NER,Uttar Pradesh
12357,KOLKATA CHITPUR - AMRITSAR Durgiana SF Exp,BE,BAREILLY,06:16:00,06:16:00,2,,NER,Uttar Pradesh
12357,KOLKATA CHITPUR - AMRITSAR Durgiana SF Exp,MB,MORADABAD,07:35:00,07:45:00,2,,NR,Uttar Pradesh
12357,KOLKATA CHITPUR - AMRITSAR Durgiana SF Exp,UMB,AMBALA CANT JN,12:15:00,12:25:00,2,,NR,Haryana
12357,KOLKATA CHITPUR - AMRITSAR Durgiana SF Exp,LDH,LUDHIANA JN,14:15:00,14:25:00,2,,NR,Punjab
12357,KOLKATA CHITPUR - AMRITSAR Durgiana SF Exp,ASR,AMRITSAR JN,16:50:00,None,2,,NR,Punjab
18203,Betwa Express,R,RAIPUR JN,20:25:00,20:35:00,1,,SECR,Chhattisgarh
18203,Betwa Express,BSP,BILASPUR JN,22:20:00,22:40:00,1,,SECR,Chhattisgarh
18203,Betwa Express,CNB,KANPUR CENTRAL,13:05:00,None,2,,NCR,Uttar Pradesh
18207,Durg Jaipur Express,R,RAIPUR JN,16:50:00,17:00:00,1,,SECR,Chhattisgarh
18207,Durg Jaipur Express,BSP,BILASPUR JN,18:45:00,19:05:00,1,,SECR,Chhattisgarh
18207,Durg Jaipur Express,KOTA,KOTA JN,11:20:00,11:40:00,2,,WCR,Rajasthan
18207,Durg Jaipur Express,JP,JAIPUR,15:45:00,None,2,,NWR,Rajasthan
15647,MUMBAI LTT - GUWAHATI Exp,KYN,KALYAN JN,08:35:00,08:40:00,1,,CR,Maharashtra
15647,MUMBAI LTT - GUWAHATI Exp,ET,ITARSI JN,20:00:00,20:10:00,1,,WCR,Madhya Pradesh
15647,MUMBAI LTT - GUWAHATI Exp,JBP,JABALPUR,23:25:00,23:35:00,1,,WCR,Madhya Pradesh
15647,MUMBAI LTT - GUWAHATI Exp,MGS,MUGHAL SARAI JN,08:55:00,09:15:00,2,,ECR,Uttar Pradesh
15647,MUMBAI LTT - GUWAHATI Exp,PNBE,PATNA JN,12:50:00,13:00:00,2,,ECR,Bihar
15647,MUMBAI LTT - GUWAHATI Exp,NJP,NEW JALPAIGURI,03:25:00,03:40:00,3,,NFR,West Bengal
15647,MUMBAI LTT - GUWAHATI Exp,GHY,GUWAHATI,13:00:00,None,3,,NFR,Assam
12741,VASCO DA GAMA - PATNA SF Exp,MAO,MADGAON,19:40:00,20:00:00,1,,KR,Goa
12741,VASCO DA GAMA - PATNA SF Exp,PNVL,PANVEL,06:20:00,06:25:00,2,,CR,Maharashtra
12741,VASCO DA GAMA - PATNA SF Exp,KYN,KALYAN JN,07:35:00,07:40:00,2,,CR,Maharashtra
12741,VASCO DA GAMA - PATNA SF Exp,ET,ITARSI JN,19:15:00,19:30:00,2,,WCR,Madhya Pradesh
12741,VASCO DA GAMA - PATNA SF Exp,JBP,JABALPUR,23:05:00,23:15:00,2,,WCR,Madhya Pradesh
12741,VASCO DA GAMA - PATNA SF Exp,MGS,MUGHAL SARAI JN,08:10:00,08:30:00,3,,ECR,Uttar Pradesh
12741,VASCO DA GAMA - PATNA SF Exp,PNBE,PATNA JN,12:10:00,None,3,,ECR,Bihar
12016,Ajmer-New Delhi Shatabdi,JP,JAIPUR,17:45:00,17:50:00,1,,NWR,Rajasthan
12016,Ajmer-New Delhi Shatabdi,NDLS,NEW DELHI,22:40:00,None,1,,NR,Delhi
16560,Yeshvantapur-Mysore Express,SBC,BANGALORE CITY JN,10:20:00,10:25:00,1,,SWR,Karnataka
16560,Yeshvantapur-Mysore Express,MYS,MYSORE JN,13:50:00,None,1,,SWR,Karnataka
12811,MUMBAI - HATIA LTT SF Exp,KYN,KALYAN JN,00:55:00,01:00:00,1,,CR,Maharashtra
12811,MUMBAI - HATIA LTT SF Exp,NGP,NAGPUR,13:40:00,14:00:00,1,,SECR,Maharashtra
12811,MUMBAI - HATIA LTT SF Exp,R,RAIPUR JN,18:25:00,18:35:00,1,,SECR,Chhattisgarh
12811,MUMBAI - HATIA LTT SF Exp,BSP,BILASPUR JN,20:20:00,20:35:00,1,,SECR,Chhattisgarh
12811,MUMBAI - HATIA LTT SF Exp,ROU,ROURKELA,00:50:00,01:00:00,2,,SER,Odisha
15611,Lokmanya Tilak (T)-Kamakhya Karmabhoomi Express,KYN,KALYAN JN,12:05:00,12:10:00,1,,CR,Maharashtra
15611,Lokmanya Tilak (T)-Kamakhya Karmabhoomi Express,NGP,NAGPUR,01:25:00,01:35:00,2,,SECR,Maharashtra
15611,Lokmanya Tilak (T)-Kamakhya Karmabhoomi Express,R,RAIPUR JN,05:55:00,06:05:00,2,,SECR,Chhattisgarh
15611,Lokmanya Tilak (T)-Kamakhya Karmabhoomi Express,BSP,BILASPUR JN,08:05:00,08:30:00,2,,SECR,Chhattisgarh
15611,Lokmanya Tilak (T)-Kamakhya Karmabhoomi Express,ROU,ROURKELA,13:20:00,13:40:00,2,,SER,Odisha
15611,Lokmanya Tilak (T)-Kamakhya Karmabhoomi Express,TATA,TATANAGAR JN,16:40:00,16:45:00,2,,SER,Jharkhand
15611,Lokmanya Tilak (T)-Kamakhya Karmabhoomi Express,HWH,HOWRAH JN,21:30:00,21:55:00,2,,ER,West Bengal
15611,Lokmanya Tilak (T)-Kamakhya Karmabhoomi Express,BWN,BARDDHAMAN JN,23:53:00,23:56:00,2,,ER,West Bengal
15611,Lokmanya Tilak (T)-Kamakhya Karmabhoomi Express,NJP,NEW JALPAIGURI,09:15:00,09:30:00,3,,NFR,West Bengal
22846,HATIA - PUNE SF Exp,ROU,ROURKELA,22:40:00,22:45:00,1,,SER,Odisha
22846,HATIA - PUNE SF Exp,BSP,BILASPUR JN,03:15:00,03:30:00,2,,SECR,Chhattisgarh
22846,HATIA - PUNE SF Exp,R,RAIPUR JN,05:10:00,05:20:00,2,,SECR,Chhattisgarh
22846,HATIA - PUNE SF Exp,NGP,NAGPUR,10:55:00,11:05:00,2,,SECR,Maharashtra
22846,HATIA - PUNE SF Exp,PUNE,PUNE JN,02:45:00,None,3,,CR,Maharashtra
12879,MUMBAI LTT - BHUBANESWAR SF Exp,KYN,KALYAN JN,00:55:00,01:00:00,1,,CR,Maharashtra
12879,MUMBAI LTT - BHUBANESWAR SF Exp,NGP,NAGPUR,13:40:00,14:00:00,1,,SECR,Maharashtra
12879,MUMBAI LTT - BHUBANESWAR SF Exp,R,RAIPUR JN,18:25:00,18:35:00,1,,SECR,Chhattisgarh
12879,MUMBAI LTT - BHUBANESWAR SF Exp,BSP,BILASPUR JN,20:20:00,20:35:00,1,,SECR,Chhattisgarh
12879,MUMBAI LTT - BHUBANESWAR SF Exp,CTC,CUTTACK,06:33:00,06:38:00,2,,ECoR,Odisha
12879,MUMBAI LTT - BHUBANESWAR SF Exp,BBS,BHUBANESWAR,07:35:00,None,2,,ECoR,Odisha
18610,MUMBAI LTT - RANCHI Exp,KYN,KALYAN JN,16:30:00,16:35:00,1,,CR,Maharashtra
18610,MUMBAI LTT - RANCHI Exp,ET,ITARSI JN,05:10:00,05:20:00,2,,WCR,Madhya Pradesh
18610,MUMBAI LTT - RANCHI Exp,JBP,JABALPUR,08:55:00,09:05:00,2,,WCR,Madhya Pradesh
18610,MUMBAI LTT - RANCHI Exp,ALD,ALLAHABAD JN,15:50:00,16:20:00,2,,NCR,Uttar Pradesh
18610,MUMBAI LTT - RANCHI Exp,MGS,MUGHAL SARAI JN,20:40:00,21:00:00,2,,ECR,Uttar Pradesh
18610,MUMBAI LTT - RANCHI Exp,GAYA,GAYA JN,23:40:00,23:45:00,2,,ECR,Bihar
16336,NAGERCOIL - GANDHIDHAM Weekly Exp,TVC,TRIVANDRUM CENTRAL,15:05:00,15:15:00,1,,SR,Kerala
16336,NAGERCOIL - GANDHIDHAM Weekly Exp,MAO,MADGAON,10:55:00,11:05:00,2,,KR,Goa
16336,NAGERCOIL - GANDHIDHAM Weekly Exp,PNVL,PANVEL,21:20:00,21:25:00,2,,CR,Maharashtra
16336,NAGERCOIL - GANDHIDHAM Weekly Exp,ST,SURAT,02:45:00,02:55:00,3,,WR,Gujarat
16336,NAGERCOIL - GANDHIDHAM Weekly Exp,BRC,VADODARA JN,04:45:00,04:55:00,3,,WR,Gujarat
16336,NAGERCOIL - GANDHIDHAM Weekly Exp,ADI,AHMEDABAD JN,06:47:00,07:05:00,3,,WR,Gujarat
22926,Paschim Express,CDG,CHANDIGARH,11:05:00,11:20:00,1,,NR,Chandigarh
22926,Paschim Express,UMB,AMBALA CANT JN,12:05:00,13:05:00,1,,NR,Haryana
22926,Paschim Express,NDLS,NEW DELHI,16:25:00,16:55:00,1,,NR,Delhi
22926,Paschim Express,NZM,DELHI H NIZAMUDDIN,17:03:00,17:03:00,1,,NR,Delhi
22926,Paschim Express,KOTA,KOTA JN,23:30:00,23:45:00,1,,WCR,Rajasthan
22926,Paschim Express,RTM,RATLAM JN,04:00:00,04:20:00,2,,WR,Madhya Pradesh
22926,Paschim Express,BRC,VADODARA JN,08:30:00,08:48:00,2,,WR,Gujarat
22926,Paschim Express,ST,SURAT,10:40:00,10:45:00,2,,WR,Gujarat
12549,DURG - JAMMU TAWI SF Exp,R,RAIPUR JN,12:35:00,12:40:00,1,,SECR,Chhattisgarh
12549,DURG - JAMMU TAWI SF Exp,BSP,BILASPUR JN,14:25:00,14:50:00,1,,SECR,Chhattisgarh
12549,DURG - JAMMU TAWI SF Exp,JHS,JHANSI JN,02:30:00,02:40:00,2,,NCR,Uttar Pradesh
12549,DURG - JAMMU TAWI SF Exp,GWL,GWALIOR JN,04:00:00,04:00:00,2,,NCR,Madhya Pradesh
12549,DURG - JAMMU TAWI SF Exp,AGC,AGRA CANTT,05:35:00,05:40:00,2,,NCR,Uttar Pradesh
12549,DURG - JAMMU TAWI SF Exp,UMB,AMBALA CANT JN,13:00:00,13:15:00,2,,NR,Haryana
12549,DURG - JAMMU TAWI SF Exp,LDH,LUDHIANA JN,15:00:00,15:20:00,2,,NR,Punjab
12549,DURG - JAMMU TAWI SF Exp,JAT,JAMMU TAWI,21:05:00,None,2,,NR,Jammu and Kashmir
15927,Kamakhya Dibrugarh Express,GHY,GUWAHATI,07:05:00,07:15:00,1,,NFR,Assam
15927,Kamakhya Dibrugarh Express,DBRG,DIBRUGARH,18:15:00,None,1,,NFR,Assam
18048,VASCO-DA-GAMA - HOWRAH Amaravati Exp,VSKP,VISHAKAPATNAM,None,None,,,ECoR,Andhra Pradesh
18048,VASCO-DA-GAMA - HOWRAH Amaravati Exp,MAO,MADGAON,07:40:00,07:45:00,1,,KR,Goa
18048,VASCO-DA-GAMA - HOWRAH Amaravati Exp,UBL,HUBLI JN,12:20:00,12:30:00,1,,SWR,Karnataka
18048,VASCO-DA-GAMA - HOWRAH Amaravati Exp,GTL,GUNTAKAL JN,17:10:00,17:25:00,1,,SCR,Andhra Pradesh
18048,VASCO-DA-GAMA - HOWRAH Amaravati Exp,BZA,VIJAYAWADA JN,02:50:00,03:00:00,2,,SCR,Andhra Pradesh
18048,VASCO-DA-GAMA - HOWRAH Amaravati Exp,BBS,BHUBANESWAR,15:05:00,15:20:00,2,,ECoR,Odisha
18048,VASCO-DA-GAMA - HOWRAH Amaravati Exp,CTC,CUTTACK,15:55:00,16:00:00,2,,ECoR,Odisha
18048,VASCO-DA-GAMA - HOWRAH Amaravati Exp,HWH,HOWRAH JN,22:25:00,None,2,,ER,West Bengal
17304,Malgudi Express,SBC,BANGALORE CITY JN,11:55:00,12:00:00,1,,SWR,Karnataka
17304,Malgudi Express,MYS,MYSORE JN,15:00:00,None,1,,SWR,Karnataka
19314,Patna Indore Express,PNBE,PATNA JN,11:25:00,11:35:00,1,,ECR,Bihar
19314,Patna Indore Express,MGS,MUGHAL SARAI JN,15:00:00,15:15:00,1,,ECR,Uttar Pradesh
19314,Patna Indore Express,LKO,LUCKNOW,22:25:00,22:35:00,1,,NER,Uttar Pradesh
19314,Patna Indore Express,CNB,KANPUR CENTRAL,00:28:00,00:40:00,2,,NCR,Uttar Pradesh
19314,Patna Indore Express,JHS,JHANSI JN,04:25:00,04:40:00,2,,NCR,Uttar Pradesh
19314,Patna Indore Express,BPL,BHOPAL JN,09:35:00,09:55:00,2,,WCR,Madhya Pradesh
17312,VASCO DA GAMA - CHENNAI CENT Exp,MAO,MADGAON,15:15:00,15:20:00,1,,KR,Goa
17312,VASCO DA GAMA - CHENNAI CENT Exp,UBL,HUBLI JN,20:10:00,20:20:00,1,,SWR,Karnataka
17312,VASCO DA GAMA - CHENNAI CENT Exp,MAS,CHENNAI CENTRAL,11:55:00,None,2,,SR,Tamil Nadu
12779,VASCO DA GAMA - DELHI H NIZAMUDDIN Goa Exp,MAO,MADGAON,15:45:00,15:50:00,1,,KR,Goa
12779,VASCO DA GAMA - DELHI H NIZAMUDDIN Goa Exp,PUNE,PUNE JN,04:00:00,04:10:00,2,,CR,Maharashtra
12779,VASCO DA GAMA - DELHI H NIZAMUDDIN Goa Exp,ET,ITARSI JN,17:40:00,17:50:00,2,,WCR,Madhya Pradesh
12779,VASCO DA GAMA - DELHI H NIZAMUDDIN Goa Exp,BPL,BHOPAL JN,19:30:00,19:35:00,2,,WCR,Madhya Pradesh
12779,VASCO DA GAMA - DELHI H NIZAMUDDIN Goa Exp,JHS,JHANSI JN,23:52:00,00:04:00,2,,NCR,Uttar Pradesh
12779,VASCO DA GAMA - DELHI H NIZAMUDDIN Goa Exp,GWL,GWALIOR JN,01:19:00,01:22:00,3,,NCR,Madhya Pradesh
12779,VASCO DA GAMA - DELHI H NIZAMUDDIN Goa Exp,AGC,AGRA CANTT,03:00:00,03:05:00,3,,NCR,Uttar Pradesh
12779,VASCO DA GAMA - DELHI H NIZAMUDDIN Goa Exp,NZM,DELHI H NIZAMUDDIN,06:15:00,None,3,,NR,Delhi
15716,Garib Nawaz Express Slip,JP,JAIPUR,13:35:00,13:50:00,1,,NWR,Rajasthan
15716,Garib Nawaz Express Slip,GZB,GHAZIABAD,21:04:00,21:04:00,1,,NR,Uttar Pradesh
15716,Garib Nawaz Express Slip,MB,MORADABAD,23:50:00,00:05:00,1,,NR,Uttar Pradesh
15716,Garib Nawaz Express Slip,BE,BAREILLY,01:25:00,01:30:00,2,,NER,Uttar Pradesh
15716,Garib Nawaz Express Slip,LKO,LUCKNOW,05:20:00,05:35:00,2,,NER,Uttar Pradesh
17310,VASCO DA GAMA - YESVANTPUR Exp,MAO,MADGAON,21:20:00,21:25:00,1,,KR,Goa
17310,VASCO DA GAMA - YESVANTPUR Exp,UBL,HUBLI JN,02:05:00,02:15:00,2,,SWR,Karnataka
12370,Kumbh Express,MB,MORADABAD,03:05:00,03:15:00,2,,NR,Uttar Pradesh
12370,Kumbh Express,BE,BAREILLY,04:30:00,04:35:00,2,,NER,Uttar Pradesh
12370,Kumbh Express,LKO,LUCKNOW,08:50:00,09:00:00,2,,NER,Uttar Pradesh
12370,Kumbh Express,MGS,MUGHAL SARAI JN,14:10:00,14:30:00,2,,ECR,Uttar Pradesh
12370,Kumbh Express,PNBE,PATNA JN,17:50:00,18:00:00,2,,ECR,Bihar
12370,Kumbh Express,ASN,ASANSOL JN,00:02:00,00:07:00,3,,ER,West Bengal
12370,Kumbh Express,BWN,BARDDHAMAN JN,01:48:00,01:48:00,3,,ER,West Bengal
12370,Kumbh Express,HWH,HOWRAH JN,03:15:00,None,3,,ER,West Bengal
17315,VASCO DA GAMA - VELANKANNI Weekly Exp,MAO,MADGAON,09:30:00,09:35:00,1,,KR,Goa
17315,VASCO DA GAMA - VELANKANNI Weekly Exp,UBL,HUBLI JN,14:25:00,14:40:00,1,,SWR,Karnataka
13238,Mathura Patna Express,AGC,AGRA CANTT,23:05:00,23:30:00,1,,NCR,Uttar Pradesh
13238,Mathura Patna Express,TDL,TUNDLA JN,00:45:00,00:50:00,2,,NCR,Uttar Pradesh
13238,Mathura Patna Express,CNB,KANPUR CENTRAL,04:20:00,04:30:00,2,,NCR,Uttar Pradesh
13238,Mathura Patna Express,LKO,LUCKNOW,05:55:00,06:20:00,2,,NER,Uttar Pradesh
13238,Mathura Patna Express,MGS,MUGHAL SARAI JN,13:20:00,13:40:00,2,,ECR,Uttar Pradesh
13238,Mathura Patna Express,PNBE,PATNA JN,17:20:00,None,2,,ECR,Bihar
12823,Chhattisgarh Sampark Kranti Express,R,RAIPUR JN,12:35:00,12:40:00,1,,SECR,Chhattisgarh
12823,Chhattisgarh Sampark Kranti Express,BSP,BILASPUR JN,14:25:00,14:50:00,1,,SECR,Chhattisgarh
12823,Chhattisgarh Sampark Kranti Express,JHS,JHANSI JN,02:30:00,02:40:00,2,,NCR,Uttar Pradesh
12823,Chhattisgarh Sampark Kranti Express,GWL,GWALIOR JN,04:14:00,04:14:00,2,,NCR,Madhya Pradesh
12823,Chhattisgarh Sampark Kranti Express,AGC,AGRA CANTT,06:09:00,06:09:00,2,,NCR,Uttar Pradesh
12823,Chhattisgarh Sampark Kranti Express,NZM,DELHI H NIZAMUDDIN,09:05:00,None,2,,NR,Delhi
13414,Farakka Express,GZB,GHAZIABAD,22:26:00,22:28:00,1,,NR,Uttar Pradesh
13414,Farakka Express,ALJN,ALIGARH JN,23:50:00,23:55:00,1,,NCR,Uttar Pradesh
13414,Farakka Express,TDL,TUNDLA JN,01:45:00,01:53:00,2,,NCR,Uttar Pradesh
13414,Farakka Express,CNB,KANPUR CENTRAL,05:30:00,05:45:00,2,,NCR,Uttar Pradesh
13414,Farakka Express,LKO,LUCKNOW,07:15:00,07:40:00,2,,NER,Uttar Pradesh
13414,Farakka Express,MGS,MUGHAL SARAI JN,16:10:00,16:30:00,2,,ECR,Uttar Pradesh
13414,Farakka Express,PNBE,PATNA JN,20:42:00,20:52:00,2,,ECR,Bihar
02779,Vasco da Gama Bangalore Link Express,MAO,MADGAON,15:45:00,15:50:00,1,,KR,Goa
02779,Vasco da Gama Bangalore Link Express,UBL,HUBLI JN,22:35:00,22:45:00,1,,SWR,Karnataka
02779,Vasco da Gama Bangalore Link Express,SBC,BANGALORE CITY JN,07:35:00,None,2,,SWR,Karnataka
13240,Mathura Patna Express,AGC,AGRA CANTT,23:05:00,23:30:00,1,,NCR,Uttar Pradesh
13240,Mathura Patna Express,TDL,TUNDLA JN,00:45:00,00:50:00,2,,NCR,Uttar Pradesh
13240,Mathura Patna Express,CNB,KANPUR CENTRAL,04:20:00,04:30:00,2,,NCR,Uttar Pradesh
13240,Mathura Patna Express,LKO,LUCKNOW,05:55:00,06:20:00,2,,NER,Uttar Pradesh
13240,Mathura Patna Express,MGS,MUGHAL SARAI JN,13:20:00,13:40:00,2,,ECR,Uttar Pradesh
13240,Mathura Patna Express,PNBE,PATNA JN,17:20:00,None,2,,ECR,Bihar
12535,Lucknow-Raipur Garib Rath Express,CNB,KANPUR CENTRAL,16:05:00,16:10:00,1,,NCR,Uttar Pradesh
12535,Lucknow-Raipur Garib Rath Express,BSP,BILASPUR JN,05:32:00,05:32:00,2,,SECR,Chhattisgarh
12535,Lucknow-Raipur Garib Rath Express,R,RAIPUR JN,07:15:00,None,2,,SECR,Chhattisgarh
58006,Kurdha road Kharagpur passenger,BBS,BHUBANESWAR,16:50:00,16:55:00,1,,ECoR,Odisha
58006,Kurdha road Kharagpur passenger,CTC,CUTTACK,17:45:00,17:45:00,1,,ECoR,Odisha
13201,RAJENDRA NAGAR PATNA - MUMBAI LTT Janta Exp,PNBE,PATNA JN,23:45:00,23:55:00,1,,ECR,Bihar
13201,RAJENDRA NAGAR PATNA - MUMBAI LTT Janta Exp,MGS,MUGHAL SARAI JN,04:10:00,04:25:00,2,,ECR,Uttar Pradesh
13201,RAJENDRA NAGAR PATNA - MUMBAI LTT Janta Exp,JBP,JABALPUR,15:20:00,15:30:00,2,,WCR,Madhya Pradesh
13201,RAJENDRA NAGAR PATNA - MUMBAI LTT Janta Exp,ET,ITARSI JN,20:35:00,20:45:00,2,,WCR,Madhya Pradesh
13201,RAJENDRA NAGAR PATNA - MUMBAI LTT Janta Exp,KYN,KALYAN JN,10:20:00,10:25:00,3,,CR,Maharashtra
17302,Dharwad Mysore Express,UBL,HUBLI JN,21:15:00,21:25:00,1,,SWR,Karnataka
17302,Dharwad Mysore Express,MYS,MYSORE JN,07:00:00,None,2,,SWR,Karnataka
12363,KOLKATA CHITPUR - HALDIBARI SF Intercity Exp,BWN,BARDDHAMAN JN,10:34:00,10:36:00,1,,ER,West Bengal
12363,KOLKATA CHITPUR - HALDIBARI SF Intercity Exp,NJP,NEW JALPAIGURI,18:50:00,19:05:00,1,,NFR,West Bengal
12692,SSP NILAYAM - CHENNAI SF Exp,SBC,BANGALORE CITY JN,22:30:00,23:00:00,1,,SWR,Karnataka
12692,SSP NILAYAM - CHENNAI SF Exp,MAS,CHENNAI CENTRAL,05:15:00,None,2,,SR,Tamil Nadu
12546,MUMBAI LTT - RAXAUL Karmabhoomi Exp,KYN,KALYAN JN,11:55:00,12:00:00,1,,CR,Maharashtra
12546,MUMBAI LTT - RAXAUL Karmabhoomi Exp,ET,ITARSI JN,23:10:00,23:20:00,1,,WCR,Madhya Pradesh
12546,MUMBAI LTT - RAXAUL Karmabhoomi Exp,JBP,JABALPUR,02:35:00,02:45:00,2,,WCR,Madhya Pradesh
12546,MUMBAI LTT - RAXAUL Karmabhoomi Exp,MGS,MUGHAL SARAI JN,12:15:00,12:35:00,2,,ECR,Uttar Pradesh
12546,MUMBAI LTT - RAXAUL Karmabhoomi Exp,PNBE,PATNA JN,16:45:00,16:45:00,2,,ECR,Bihar
12167,MUMBAI LTT - VARANASI SF Exp,KYN,KALYAN JN,01:20:00,01:25:00,1,,CR,Maharashtra
12167,MUMBAI LTT - VARANASI SF Exp,ET,ITARSI JN,13:05:00,13:15:00,1,,WCR,Madhya Pradesh
12167,MUMBAI LTT - VARANASI SF Exp,JBP,JABALPUR,16:40:00,16:50:00,1,,WCR,Madhya Pradesh
15716-Slip,Garib Nawaz Express,JP,JAIPUR,13:35:00,13:50:00,1,,NWR,Rajasthan
15716-Slip,Garib Nawaz Express,GZB,GHAZIABAD,21:04:00,21:04:00,1,,NR,Uttar Pradesh
15716-Slip,Garib Nawaz Express,MB,MORADABAD,23:50:00,00:05:00,1,,NR,Uttar Pradesh
15716-Slip,Garib Nawaz Express,BE,BAREILLY,01:25:00,01:30:00,2,,NER,Uttar Pradesh
15716-Slip,Garib Nawaz Express,LKO,LUCKNOW,05:20:00,05:35:00,2,,NER,Uttar Pradesh
15645,MUMBAI LTT - GUWAHATI Exp,KYN,KALYAN JN,08:35:00,08:40:00,1,,CR,Maharashtra
15645,MUMBAI LTT - GUWAHATI Exp,ET,ITARSI JN,20:00:00,20:10:00,1,,WCR,Madhya Pradesh
15645,MUMBAI LTT - GUWAHATI Exp,JBP,JABALPUR,23:25:00,23:35:00,1,,WCR,Madhya Pradesh
15645,MUMBAI LTT - GUWAHATI Exp,MGS,MUGHAL SARAI JN,08:55:00,09:15:00,2,,ECR,Uttar Pradesh
15645,MUMBAI LTT - GUWAHATI Exp,PNBE,PATNA JN,12:50:00,13:00:00,2,,ECR,Bihar
15645,MUMBAI LTT - GUWAHATI Exp,NJP,NEW JALPAIGURI,01:10:00,01:25:00,3,,NFR,West Bengal
15645,MUMBAI LTT - GUWAHATI Exp,GHY,GUWAHATI,11:30:00,None,3,,NFR,Assam
15268,MUMBAI LTT - RAXAUL Jan Sadharan Exp,KYN,KALYAN JN,16:30:00,16:35:00,1,,CR,Maharashtra
15268,MUMBAI LTT - RAXAUL Jan Sadharan Exp,ET,ITARSI JN,05:15:00,05:15:00,2,,WCR,Madhya Pradesh
15268,MUMBAI LTT - RAXAUL Jan Sadharan Exp,JBP,JABALPUR,08:55:00,09:05:00,2,,WCR,Madhya Pradesh
15268,MUMBAI LTT - RAXAUL Jan Sadharan Exp,ALD,ALLAHABAD JN,15:50:00,16:20:00,2,,NCR,Uttar Pradesh
15268,MUMBAI LTT - RAXAUL Jan Sadharan Exp,MFP,MUZAFFARPUR JN,04:00:00,04:25:00,3,,ECR,Bihar
12101,MUMBAI LTT - HOWRAH Janeswari Super Deluxe Exp,KYN,KALYAN JN,21:15:00,21:20:00,1,,CR,Maharashtra
12101,MUMBAI LTT - HOWRAH Janeswari Super Deluxe Exp,NGP,NAGPUR,09:50:00,10:00:00,2,,SECR,Maharashtra
12101,MUMBAI LTT - HOWRAH Janeswari Super Deluxe Exp,R,RAIPUR JN,14:20:00,14:30:00,2,,SECR,Chhattisgarh
12101,MUMBAI LTT - HOWRAH Janeswari Super Deluxe Exp,BSP,BILASPUR JN,16:10:00,16:25:00,2,,SECR,Chhattisgarh
12101,MUMBAI LTT - HOWRAH Janeswari Super Deluxe Exp,ROU,ROURKELA,20:40:00,20:55:00,2,,SER,Odisha
12101,MUMBAI LTT - HOWRAH Janeswari Super Deluxe Exp,TATA,TATANAGAR JN,23:28:00,23:35:00,2,,SER,Jharkhand
12101,MUMBAI LTT - HOWRAH Janeswari Super Deluxe Exp,HWH,HOWRAH JN,03:35:00,None,3,,ER,West Bengal
22403,Puducherry-New Delhi SF Express,MS,CHENNAI EGMORE,13:00:00,13:15:00,1,,SR,Tamil Nadu
22403,Puducherry-New Delhi SF Express,BZA,VIJAYAWADA JN,20:05:00,20:20:00,1,,SCR,Andhra Pradesh
22403,Puducherry-New Delhi SF Express,NGP,NAGPUR,07:35:00,07:45:00,2,,SECR,Maharashtra
22403,Puducherry-New Delhi SF Express,ET,ITARSI JN,13:05:00,13:10:00,2,,WCR,Madhya Pradesh
22403,Puducherry-New Delhi SF Express,BPL,BHOPAL JN,14:45:00,14:55:00,2,,WCR,Madhya Pradesh
22403,Puducherry-New Delhi SF Express,JHS,JHANSI JN,19:20:00,19:30:00,2,,NCR,Uttar Pradesh
22403,Puducherry-New Delhi SF Express,GWL,GWALIOR JN,21:26:00,21:26:00,2,,NCR,Madhya Pradesh
22403,Puducherry-New Delhi SF Express,AGC,AGRA CANTT,23:45:00,23:50:00,2,,NCR,Uttar Pradesh
22403,Puducherry-New Delhi SF Express,NZM,DELHI H NIZAMUDDIN,03:54:00,03:54:00,3,,NR,Delhi
22403,Puducherry-New Delhi SF Express,NDLS,NEW DELHI,04:00:00,None,3,,NR,Delhi
12835,HATIA - YESVANTPUR SF Exp,ROU,ROURKELA,21:00:00,21:05:00,1,,SER,Odisha
12835,HATIA - YESVANTPUR SF Exp,VSKP,VISHAKAPATNAM,09:45:00,10:05:00,2,,ECoR,Andhra Pradesh
12835,HATIA - YESVANTPUR SF Exp,BZA,VIJAYAWADA JN,15:30:00,15:45:00,2,,SCR,Andhra Pradesh
12584,DELHI ANAND VIHAR T - LUCKNOW DOUBLE DECKER,GZB,GHAZIABAD,None,None,,,NR,Uttar Pradesh
12584,DELHI ANAND VIHAR T - LUCKNOW DOUBLE DECKER,MB,MORADABAD,None,None,,,NR,Uttar Pradesh
12584,DELHI ANAND VIHAR T - LUCKNOW DOUBLE DECKER,BE,BAREILLY,None,None,,,NER,Uttar Pradesh
18632,Garib Nawaz Express,JP,JAIPUR,21:25:00,21:35:00,1,,NWR,Rajasthan
18632,Garib Nawaz Express,TDL,TUNDLA JN,04:25:00,04:30:00,2,,NCR,Uttar Pradesh
18632,Garib Nawaz Express,CNB,KANPUR CENTRAL,07:30:00,07:45:00,2,,NCR,Uttar Pradesh
18632,Garib Nawaz Express,ALD,ALLAHABAD JN,10:15:00,10:25:00,2,,NCR,Uttar Pradesh
18632,Garib Nawaz Express,MGS,MUGHAL SARAI JN,15:40:00,16:00:00,2,,ECR,Uttar Pradesh
12812,HATIA - MUMBAI LTT SF Exp,ROU,ROURKELA,12:20:00,12:30:00,1,,SER,Odisha
12812,HATIA - MUMBAI LTT SF Exp,BSP,BILASPUR JN,16:55:00,17:15:00,1,,SECR,Chhattisgarh
12812,HATIA - MUMBAI LTT SF Exp,R,RAIPUR JN,18:45:00,18:55:00,1,,SECR,Chhattisgarh
12812,HATIA - MUMBAI LTT SF Exp,NGP,NAGPUR,00:05:00,00:20:00,2,,SECR,Maharashtra
12812,HATIA - MUMBAI LTT SF Exp,KYN,KALYAN JN,12:30:00,12:35:00,2,,CR,Maharashtra
13112,Lal Quila Express,GZB,GHAZIABAD,21:33:00,21:35:00,1,,NR,Uttar Pradesh
13112,Lal Quila Express,ALJN,ALIGARH JN,23:30:00,23:35:00,1,,NCR,Uttar Pradesh
13112,Lal Quila Express,TDL,TUNDLA JN,01:25:00,01:35:00,2,,NCR,Uttar Pradesh
13112,Lal Quila Express,CNB,KANPUR CENTRAL,06:50:00,07:00:00,2,,NCR,Uttar Pradesh
13112,Lal Quila Express,ALD,ALLAHABAD JN,10:45:00,10:58:00,2,,NCR,Uttar Pradesh
13112,Lal Quila Express,MGS,MUGHAL SARAI JN,14:00:00,14:15:00,2,,ECR,Uttar Pradesh
13112,Lal Quila Express,PNBE,PATNA JN,19:25:00,19:35:00,2,,ECR,Bihar
13112,Lal Quila Express,ASN,ASANSOL JN,03:05:00,03:15:00,3,,ER,West Bengal
13112,Lal Quila Express,BWN,BARDDHAMAN JN,04:45:00,04:50:00,3,,ER,West Bengal
15110,Budhpurnima Express,MGS,MUGHAL SARAI JN,21:20:00,21:40:00,1,,ECR,Uttar Pradesh
15110,Budhpurnima Express,GAYA,GAYA JN,00:55:00,01:05:00,2,,ECR,Bihar
15110,Budhpurnima Express,PNBE,PATNA JN,02:55:00,03:05:00,2,,ECR,Bihar
12145,MUMBAI LTT - PURI SF Exp,PURI,PURI,None,None,,,ECoR,Odisha
12145,MUMBAI LTT - PURI SF Exp,KYN,KALYAN JN,21:15:00,21:20:00,1,,CR,Maharashtra
12145,MUMBAI LTT - PURI SF Exp,NGP,NAGPUR,10:50:00,11:05:00,2,,SECR,Maharashtra
12145,MUMBAI LTT - PURI SF Exp,R,RAIPUR JN,15:35:00,16:00:00,2,,SECR,Chhattisgarh
12145,MUMBAI LTT - PURI SF Exp,CTC,CUTTACK,04:45:00,04:50:00,3,,ECoR,Odisha
12145,MUMBAI LTT - PURI SF Exp,BBS,BHUBANESWAR,05:30:00,None,3,,ECoR,Odisha
19601,Ajmer New Jalpaiguri Weekly Express,JP,JAIPUR,09:00:00,09:10:00,1,,NWR,Rajasthan
19601,Ajmer New Jalpaiguri Weekly Express,GZB,GHAZIABAD,15:28:00,15:28:00,1,,NR,Uttar Pradesh
19601,Ajmer New Jalpaiguri Weekly Express,MB,MORADABAD,18:10:00,18:20:00,1,,NR,Uttar Pradesh
19601,Ajmer New Jalpaiguri Weekly Express,BE,BAREILLY,19:50:00,19:50:00,1,,NER,Uttar Pradesh
19601,Ajmer New Jalpaiguri Weekly Express,LKO,LUCKNOW,23:40:00,23:50:00,1,,NER,Uttar Pradesh
19601,Ajmer New Jalpaiguri Weekly Express,MFP,MUZAFFARPUR JN,10:20:00,10:25:00,2,,ECR,Bihar
19601,Ajmer New Jalpaiguri Weekly Express,NJP,NEW JALPAIGURI,18:35:00,None,2,,NFR,West Bengal
14014,Sadbhavna Express,GZB,GHAZIABAD,17:05:00,17:08:00,1,,NR,Uttar Pradesh
14014,Sadbhavna Express,MB,MORADABAD,19:40:00,19:55:00,1,,NR,Uttar Pradesh
14014,Sadbhavna Express,BE,BAREILLY,22:38:00,22:38:00,1,,NER,Uttar Pradesh
14014,Sadbhavna Express,LKO,LUCKNOW,03:25:00,03:35:00,2,,NER,Uttar Pradesh
12012,Kalka-New Delhi Shatabdi,CDG,CHANDIGARH,18:15:00,18:23:00,1,,NR,Chandigarh
12012,Kalka-New Delhi Shatabdi,UMB,AMBALA CANT JN,19:03:00,19:05:00,1,,NR,Haryana
12012,Kalka-New Delhi Shatabdi,NDLS,NEW DELHI,21:55:00,None,1,,NR,Delhi
19322,Patna-Indore Express,PNBE,PATNA JN,11:25:00,11:35:00,1,,ECR,Bihar
19322,Patna-Indore Express,MGS,MUGHAL SARAI JN,15:00:00,15:15:00,1,,ECR,Uttar Pradesh
19322,Patna-Indore Express,LKO,LUCKNOW,22:25:00,22:35:00,1,,NER,Uttar Pradesh
19322,Patna-Indore Express,CNB,KANPUR CENTRAL,00:28:00,00:40:00,2,,NCR,Uttar Pradesh
19322,Patna-Indore Express,JHS,JHANSI JN,04:25:00,04:40:00,2,,NCR,Uttar Pradesh
19322,Patna-Indore Express,BPL,BHOPAL JN,09:35:00,09:55:00,2,,WCR,Madhya Pradesh
59394,Habibganj Dahod Fast Pass,BPL,BHOPAL JN,12:05:00,12:10:00,1,,WCR,Madhya Pradesh
59394,Habibganj Dahod Fast Pass,RTM,RATLAM JN,20:00:00,20:10:00,1,,WR,Madhya Pradesh
13202,MUMBAI LTT - RAJENDRA NAGAR PATNA Janta Exp,KYN,KALYAN JN,22:50:00,22:55:00,1,,CR,Maharashtra
13202,MUMBAI LTT - RAJENDRA NAGAR PATNA Janta Exp,ET,ITARSI JN,11:30:00,11:40:00,2,,WCR,Madhya Pradesh
13202,MUMBAI LTT - RAJENDRA NAGAR PATNA Janta Exp,JBP,JABALPUR,16:00:00,16:10:00,2,,WCR,Madhya Pradesh
13202,MUMBAI LTT - RAJENDRA NAGAR PATNA Janta Exp,MGS,MUGHAL SARAI JN,03:55:00,04:10:00,3,,ECR,Uttar Pradesh
13202,MUMBAI LTT - RAJENDRA NAGAR PATNA Janta Exp,PNBE,PATNA JN,09:30:00,09:40:00,3,,ECR,Bihar
14208,Padmavat Express,GZB,GHAZIABAD,20:30:00,20:32:00,1,,NR,Uttar Pradesh
14208,Padmavat Express,MB,MORADABAD,22:50:00,23:00:00,1,,NR,Uttar Pradesh
14208,Padmavat Express,BE,BAREILLY,00:25:00,00:30:00,2,,NER,Uttar Pradesh
14208,Padmavat Express,LKO,LUCKNOW,04:20:00,04:30:00,2,,NER,Uttar Pradesh
12171,Mumbai LTT -Haridwar AC Express,KYN,KALYAN JN,08:28:00,08:30:00,1,,CR,Maharashtra
12171,Mumbai LTT -Haridwar AC Express,ET,ITARSI JN,19:13:00,19:13:00,1,,WCR,Madhya Pradesh
12171,Mumbai LTT -Haridwar AC Express,BPL,BHOPAL JN,20:40:00,20:45:00,1,,WCR,Madhya Pradesh
12171,Mumbai LTT -Haridwar AC Express,JHS,JHANSI JN,00:27:00,00:42:00,2,,NCR,Uttar Pradesh
12171,Mumbai LTT -Haridwar AC Express,GWL,GWALIOR JN,02:13:00,02:13:00,2,,NCR,Madhya Pradesh
12171,Mumbai LTT -Haridwar AC Express,AGC,AGRA CANTT,04:00:00,04:05:00,2,,NCR,Uttar Pradesh
12171,Mumbai LTT -Haridwar AC Express,NZM,DELHI H NIZAMUDDIN,07:15:00,07:40:00,2,,NR,Delhi
12171,Mumbai LTT -Haridwar AC Express,GZB,GHAZIABAD,08:05:00,08:05:00,2,,NR,Uttar Pradesh
12563,Mumbai LTT - Faizabad SF Express,KYN,KALYAN JN,15:05:00,15:10:00,1,,CR,Maharashtra
12563,Mumbai LTT - Faizabad SF Express,ET,ITARSI JN,01:20:00,01:30:00,2,,WCR,Madhya Pradesh
12563,Mumbai LTT - Faizabad SF Express,JBP,JABALPUR,04:49:00,04:49:00,2,,WCR,Madhya Pradesh
12563,Mumbai LTT - Faizabad SF Express,ALD,ALLAHABAD JN,11:40:00,12:05:00,2,,NCR,Uttar Pradesh
12404,Mathura Allahabad SF Express,AGC,AGRA CANTT,21:15:00,21:40:00,1,,NCR,Uttar Pradesh
12404,Mathura Allahabad SF Express,TDL,TUNDLA JN,22:50:00,22:55:00,1,,NCR,Uttar Pradesh
12404,Mathura Allahabad SF Express,CNB,KANPUR CENTRAL,02:00:00,02:10:00,2,,NCR,Uttar Pradesh
12404,Mathura Allahabad SF Express,ALD,ALLAHABAD JN,05:00:00,None,2,,NCR,Uttar Pradesh
05649,Mumbai LTT - Kamakhya (Weekly) Special,KYN,KALYAN JN,16:30:00,16:35:00,1,,CR,Maharashtra
05649,Mumbai LTT - Kamakhya (Weekly) Special,ET,ITARSI JN,06:10:00,06:20:00,2,,WCR,Madhya Pradesh
05649,Mumbai LTT - Kamakhya (Weekly) Special,JBP,JABALPUR,09:50:00,10:00:00,2,,WCR,Madhya Pradesh
05649,Mumbai LTT - Kamakhya (Weekly) Special,MGS,MUGHAL SARAI JN,18:50:00,19:15:00,2,,ECR,Uttar Pradesh
05649,Mumbai LTT - Kamakhya (Weekly) Special,PNBE,PATNA JN,23:45:00,23:55:00,2,,ECR,Bihar
05649,Mumbai LTT - Kamakhya (Weekly) Special,NJP,NEW JALPAIGURI,13:00:00,13:15:00,3,,NFR,West Bengal
12659,Gurudev Express,TVC,TRIVANDRUM CENTRAL,15:55:00,16:05:00,1,,SR,Kerala
12659,Gurudev Express,ERS,ERNAKULAM JN,20:28:00,20:28:00,1,,SR,Kerala
12659,Gurudev Express,CBE,COIMBATORE JN,00:55:00,01:00:00,2,,SR,Tamil Nadu
12659,Gurudev Express,BZA,VIJAYAWADA JN,16:00:00,16:20:00,2,,SCR,Andhra Pradesh
12659,Gurudev Express,VSKP,VISHAKAPATNAM,23:05:00,23:25:00,2,,ECoR,Andhra Pradesh
12659,Gurudev Express,BBS,BHUBANESWAR,06:32:00,06:37:00,3,,ECoR,Odisha
12659,Gurudev Express,CTC,CUTTACK,07:22:00,07:27:00,3,,ECoR,Odisha
12672,Nilgiri (Blue Mountain) Express,CBE,COIMBATORE JN,20:30:00,20:55:00,1,,SR,Tamil Nadu
12672,Nilgiri (Blue Mountain) Express,MAS,CHENNAI CENTRAL,05:05:00,None,2,,SR,Tamil Nadu
12151,MUMBAI LTT - HOWRAH Samarsata SF Exp,KYN,KALYAN JN,21:15:00,21:20:00,1,,CR,Maharashtra
12151,MUMBAI LTT - HOWRAH Samarsata SF Exp,NGP,NAGPUR,10:50:00,11:05:00,2,,SECR,Maharashtra
12151,MUMBAI LTT - HOWRAH Samarsata SF Exp,R,RAIPUR JN,15:30:00,15:40:00,2,,SECR,Chhattisgarh
12151,MUMBAI LTT - HOWRAH Samarsata SF Exp,BSP,BILASPUR JN,17:30:00,17:45:00,2,,SECR,Chhattisgarh
12151,MUMBAI LTT - HOWRAH Samarsata SF Exp,ROU,ROURKELA,22:25:00,22:40:00,2,,SER,Odisha
12151,MUMBAI LTT - HOWRAH Samarsata SF Exp,HWH,HOWRAH JN,08:25:00,None,3,,ER,West Bengal
04204,Delhi Jn. -Varanasi Special,GZB,GHAZIABAD,20:08:00,20:13:00,1,,NR,Uttar Pradesh
04204,Delhi Jn. -Varanasi Special,MB,MORADABAD,23:05:00,23:15:00,1,,NR,Uttar Pradesh
04204,Delhi Jn. -Varanasi Special,BE,BAREILLY,00:46:00,00:46:00,2,,NER,Uttar Pradesh
04204,Delhi Jn. -Varanasi Special,LKO,LUCKNOW,04:45:00,04:55:00,2,,NER,Uttar Pradesh
14645,Shalimar Express,GZB,GHAZIABAD,16:30:00,16:32:00,1,,NR,Uttar Pradesh
14645,Shalimar Express,UMB,AMBALA CANT JN,21:40:00,21:50:00,1,,NR,Haryana
14645,Shalimar Express,LDH,LUDHIANA JN,00:02:00,00:12:00,2,,NR,Punjab
14645,Shalimar Express,JAT,JAMMU TAWI,05:15:00,None,2,,NR,Jammu and Kashmir
16517,Yeshvantapur-Kannur Express,SBC,BANGALORE CITY JN,20:50:00,20:55:00,1,,SWR,Karnataka
16517,Yeshvantapur-Kannur Express,MYS,MYSORE JN,23:30:00,23:45:00,1,,SWR,Karnataka
16517,Yeshvantapur-Kannur Express,MAQ,MANGALORE CNTL,08:40:00,09:00:00,2,,SR,Karnataka
18623-Slip,Hatia Express Slip,PNBE,PATNA JN,21:35:00,21:45:00,1,,ECR,Bihar
18623-Slip,Hatia Express Slip,GAYA,GAYA JN,00:20:00,00:45:00,2,,ECR,Bihar
12309,Rajendra Nagar-New Delhi Rajdhani Express,PNBE,PATNA JN,19:15:00,19:25:00,1,,ECR,Bihar
12309,Rajendra Nagar-New Delhi Rajdhani Express,MGS,MUGHAL SARAI JN,22:28:00,22:38:00,1,,ECR,Uttar Pradesh
12309,Rajendra Nagar-New Delhi Rajdhani Express,ALD,ALLAHABAD JN,00:25:00,00:28:00,2,,NCR,Uttar Pradesh
12309,Rajendra Nagar-New Delhi Rajdhani Express,CNB,KANPUR CENTRAL,02:30:00,02:35:00,2,,NCR,Uttar Pradesh
12309,Rajendra Nagar-New Delhi Rajdhani Express,TDL,TUNDLA JN,05:13:00,05:13:00,2,,NCR,Uttar Pradesh
12309,Rajendra Nagar-New Delhi Rajdhani Express,ALJN,ALIGARH JN,06:06:00,06:06:00,2,,NCR,Uttar Pradesh
12309,Rajendra Nagar-New Delhi Rajdhani Express,GZB,GHAZIABAD,07:19:00,07:19:00,2,,NR,Uttar Pradesh
12309,Rajendra Nagar-New Delhi Rajdhani Express,NDLS,NEW DELHI,07:35:00,None,2,,NR,Delhi
12393,Sampoorna Kranti Express,PNBE,PATNA JN,17:50:00,18:00:00,1,,ECR,Bihar
12393,Sampoorna Kranti Express,MGS,MUGHAL SARAI JN,21:07:00,21:07:00,1,,ECR,Uttar Pradesh
12393,Sampoorna Kranti Express,ALD,ALLAHABAD JN,23:22:00,23:22:00,1,,NCR,Uttar Pradesh
12393,Sampoorna Kranti Express,CNB,KANPUR CENTRAL,02:14:00,02:14:00,2,,NCR,Uttar Pradesh
12393,Sampoorna Kranti Express,TDL,TUNDLA JN,05:39:00,05:39:00,2,,NCR,Uttar Pradesh
12393,Sampoorna Kranti Express,ALJN,ALIGARH JN,06:48:00,06:48:00,2,,NCR,Uttar Pradesh
12393,Sampoorna Kranti Express,GZB,GHAZIABAD,08:22:00,08:22:00,2,,NR,Uttar Pradesh
12393,Sampoorna Kranti Express,NDLS,NEW DELHI,08:35:00,None,2,,NR,Delhi
12355,Archana Express,PNBE,PATNA JN,07:20:00,07:30:00,1,,ECR,Bihar
12355,Archana Express,MGS,MUGHAL SARAI JN,10:40:00,10:50:00,1,,ECR,Uttar Pradesh
12355,Archana Express,LKO,LUCKNOW,17:30:00,17:40:00,1,,NER,Uttar Pradesh
12355,Archana Express,BE,BAREILLY,20:55:00,21:00:00,1,,NER,Uttar Pradesh
12355,Archana Express,MB,MORADABAD,22:30:00,22:40:00,1,,NR,Uttar Pradesh
12355,Archana Express,UMB,AMBALA CANT JN,03:15:00,03:25:00,2,,NR,Haryana
12355,Archana Express,LDH,LUDHIANA JN,05:10:00,05:20:00,2,,NR,Punjab
12355,Archana Express,JAT,JAMMU TAWI,10:25:00,None,2,,NR,Jammu and Kashmir
04053,Anand Vihar T.-Jammu Tawi Special,GZB,GHAZIABAD,23:48:00,23:50:00,1,,NR,Uttar Pradesh
04053,Anand Vihar T.-Jammu Tawi Special,UMB,AMBALA CANT JN,05:05:00,05:10:00,2,,NR,Haryana
04053,Anand Vihar T.-Jammu Tawi Special,LDH,LUDHIANA JN,06:42:00,06:52:00,2,,NR,Punjab
04053,Anand Vihar T.-Jammu Tawi Special,JAT,JAMMU TAWI,11:50:00,None,2,,NR,Jammu and Kashmir
19108,Udhampur-Ahmedabad Janmabhoomi Express,JAT,JAMMU TAWI,21:55:00,22:10:00,1,,NR,Jammu and Kashmir
19108,Udhampur-Ahmedabad Janmabhoomi Express,FZR,FIROZPUR CANT,05:30:00,05:50:00,2,,NR,Punjab
19108,Udhampur-Ahmedabad Janmabhoomi Express,JU,JODHPUR JN,21:00:00,21:15:00,2,,NWR,Rajasthan
19108,Udhampur-Ahmedabad Janmabhoomi Express,ADI,AHMEDABAD JN,07:00:00,None,3,,WR,Gujarat
13484,Farakka Express,GZB,GHAZIABAD,22:26:00,22:28:00,1,,NR,Uttar Pradesh
13484,Farakka Express,ALJN,ALIGARH JN,23:50:00,23:55:00,1,,NCR,Uttar Pradesh
13484,Farakka Express,TDL,TUNDLA JN,01:45:00,01:53:00,2,,NCR,Uttar Pradesh
13484,Farakka Express,CNB,KANPUR CENTRAL,05:30:00,05:45:00,2,,NCR,Uttar Pradesh
13484,Farakka Express,LKO,LUCKNOW,07:15:00,07:40:00,2,,NER,Uttar Pradesh
13484,Farakka Express,MGS,MUGHAL SARAI JN,16:10:00,16:30:00,2,,ECR,Uttar Pradesh
13484,Farakka Express,PNBE,PATNA JN,20:42:00,20:52:00,2,,ECR,Bihar
12583,LUCKNOW - DELHI ANAND VIHAR T DOUBLE DECKER,BE,BAREILLY,None,None,,,NER,Uttar Pradesh
12583,LUCKNOW - DELHI ANAND VIHAR T DOUBLE DECKER,MB,MORADABAD,None,None,,,NR,Uttar Pradesh
12583,LUCKNOW - DELHI ANAND VIHAR T DOUBLE DECKER,GZB,GHAZIABAD,None,None,,,NR,Uttar Pradesh
14034,Jammu Mail,JAT,JAMMU TAWI,15:45:00,16:15:00,1,,NR,Jammu and Kashmir
14034,Jammu Mail,PTK,PATHANKOT,18:45:00,19:05:00,1,,NR,Punjab
14034,Jammu Mail,LDH,LUDHIANA JN,23:40:00,23:50:00,1,,NR,Punjab
14034,Jammu Mail,UMB,AMBALA CANT JN,01:40:00,01:50:00,2,,NR,Haryana
12395,RajendraNagar-Ajmer Ibadat Express,PNBE,PATNA JN,19:05:00,19:15:00,1,,ECR,Bihar
12395,RajendraNagar-Ajmer Ibadat Express,MGS,MUGHAL SARAI JN,23:02:00,23:12:00,1,,ECR,Uttar Pradesh
12395,RajendraNagar-Ajmer Ibadat Express,ALD,ALLAHABAD JN,01:10:00,01:15:00,2,,NCR,Uttar Pradesh
12395,RajendraNagar-Ajmer Ibadat Express,CNB,KANPUR CENTRAL,03:35:00,03:43:00,2,,NCR,Uttar Pradesh
12395,RajendraNagar-Ajmer Ibadat Express,TDL,TUNDLA JN,06:40:00,06:45:00,2,,NCR,Uttar Pradesh
12395,RajendraNagar-Ajmer Ibadat Express,JP,JAIPUR,13:00:00,13:10:00,2,,NWR,Rajasthan
14006,Lichhavi Express,GZB,GHAZIABAD,16:11:00,16:13:00,1,,NR,Uttar Pradesh
14006,Lichhavi Express,ALJN,ALIGARH JN,18:33:00,18:33:00,1,,NCR,Uttar Pradesh
14006,Lichhavi Express,TDL,TUNDLA JN,20:18:00,20:22:00,1,,NCR,Uttar Pradesh
14006,Lichhavi Express,CNB,KANPUR CENTRAL,23:20:00,23:30:00,1,,NCR,Uttar Pradesh
14006,Lichhavi Express,ALD,ALLAHABAD JN,02:30:00,02:55:00,2,,NCR,Uttar Pradesh
14006,Lichhavi Express,MFP,MUZAFFARPUR JN,17:40:00,17:50:00,2,,ECR,Bihar
12104,Lucknow Jn - Pune Express,CNB,KANPUR CENTRAL,07:55:00,08:00:00,1,,NCR,Uttar Pradesh
12104,Lucknow Jn - Pune Express,JHS,JHANSI JN,11:40:00,12:05:00,1,,NCR,Uttar Pradesh
12104,Lucknow Jn - Pune Express,BPL,BHOPAL JN,16:30:00,16:35:00,1,,WCR,Madhya Pradesh
12104,Lucknow Jn - Pune Express,ET,ITARSI JN,18:25:00,18:30:00,1,,WCR,Madhya Pradesh
12104,Lucknow Jn - Pune Express,PUNE,PUNE JN,08:05:00,None,2,,CR,Maharashtra
04116,Mumbai LTT-Allahabad Special,KYN,KALYAN JN,16:30:00,16:33:00,1,,CR,Maharashtra
04116,Mumbai LTT-Allahabad Special,ET,ITARSI JN,06:10:00,06:20:00,2,,WCR,Madhya Pradesh
04116,Mumbai LTT-Allahabad Special,BPL,BHOPAL JN,08:45:00,08:50:00,2,,WCR,Madhya Pradesh
04116,Mumbai LTT-Allahabad Special,JHS,JHANSI JN,14:00:00,14:20:00,2,,NCR,Uttar Pradesh
04116,Mumbai LTT-Allahabad Special,CNB,KANPUR CENTRAL,18:50:00,18:55:00,2,,NCR,Uttar Pradesh
04116,Mumbai LTT-Allahabad Special,ALD,ALLAHABAD JN,21:50:00,None,2,,NCR,Uttar Pradesh
16094,Lucknow Chennai Express,CNB,KANPUR CENTRAL,17:55:00,18:05:00,1,,NCR,Uttar Pradesh
16094,Lucknow Chennai Express,JHS,JHANSI JN,22:00:00,22:20:00,1,,NCR,Uttar Pradesh
16094,Lucknow Chennai Express,BPL,BHOPAL JN,03:05:00,03:10:00,2,,WCR,Madhya Pradesh
16094,Lucknow Chennai Express,ET,ITARSI JN,05:10:00,05:30:00,2,,WCR,Madhya Pradesh
16094,Lucknow Chennai Express,NGP,NAGPUR,10:35:00,10:45:00,2,,SECR,Maharashtra
16094,Lucknow Chennai Express,BZA,VIJAYAWADA JN,00:40:00,01:00:00,3,,SCR,Andhra Pradesh
16094,Lucknow Chennai Express,MAS,CHENNAI CENTRAL,10:10:00,None,3,,SR,Tamil Nadu
18184,Danapur-Tatanagar Express,PNBE,PATNA JN,06:15:00,06:25:00,1,,ECR,Bihar
18184,Danapur-Tatanagar Express,ASN,ASANSOL JN,12:55:00,13:15:00,1,,ER,West Bengal
18184,Danapur-Tatanagar Express,TATA,TATANAGAR JN,17:10:00,None,1,,SER,Jharkhand
12726,Siddhaganga InterCity Express,UBL,HUBLI JN,06:00:00,06:20:00,1,,SWR,Karnataka
12726,Siddhaganga InterCity Express,SBC,BANGALORE CITY JN,14:05:00,None,1,,SWR,Karnataka
14016,Sadbhavana Express,GZB,GHAZIABAD,17:05:00,17:08:00,1,,NR,Uttar Pradesh
14016,Sadbhavana Express,MB,MORADABAD,19:40:00,19:55:00,1,,NR,Uttar Pradesh
14016,Sadbhavana Express,BE,BAREILLY,22:38:00,22:38:00,1,,NER,Uttar Pradesh
14016,Sadbhavana Express,LKO,LUCKNOW,03:25:00,03:35:00,2,,NER,Uttar Pradesh
14016,Sadbhavana Express,MFP,MUZAFFARPUR JN,18:00:00,18:20:00,2,,ECR,Bihar
14012,Anand Vihar-Kathgodam AC Express,GZB,GHAZIABAD,06:26:00,06:28:00,1,,NR,Uttar Pradesh
14012,Anand Vihar-Kathgodam AC Express,MB,MORADABAD,08:40:00,08:50:00,1,,NR,Uttar Pradesh
22410,Anand ViharT Delhi-Sasaram GaribRath Express,GZB,GHAZIABAD,19:38:00,19:40:00,1,,NR,Uttar Pradesh
22410,Anand ViharT Delhi-Sasaram GaribRath Express,ALJN,ALIGARH JN,21:04:00,21:04:00,1,,NCR,Uttar Pradesh
22410,Anand ViharT Delhi-Sasaram GaribRath Express,TDL,TUNDLA JN,22:06:00,22:06:00,1,,NCR,Uttar Pradesh
22410,Anand ViharT Delhi-Sasaram GaribRath Express,CNB,KANPUR CENTRAL,01:05:00,01:15:00,2,,NCR,Uttar Pradesh
22410,Anand ViharT Delhi-Sasaram GaribRath Express,ALD,ALLAHABAD JN,03:55:00,04:00:00,2,,NCR,Uttar Pradesh
22410,Anand ViharT Delhi-Sasaram GaribRath Express,MGS,MUGHAL SARAI JN,06:30:00,06:55:00,2,,ECR,Uttar Pradesh
01101,Mumbai LTT - Gwalior (Weekly) Special,KYN,KALYAN JN,16:30:00,16:35:00,1,,CR,Maharashtra
01101,Mumbai LTT - Gwalior (Weekly) Special,ET,ITARSI JN,06:10:00,06:20:00,2,,WCR,Madhya Pradesh
01101,Mumbai LTT - Gwalior (Weekly) Special,BPL,BHOPAL JN,08:45:00,08:50:00,2,,WCR,Madhya Pradesh
01101,Mumbai LTT - Gwalior (Weekly) Special,JHS,JHANSI JN,13:55:00,14:05:00,2,,NCR,Uttar Pradesh
01101,Mumbai LTT - Gwalior (Weekly) Special,GWL,GWALIOR JN,15:35:00,None,2,,NCR,Madhya Pradesh
13134,Varanasi- Sealdah Express,MGS,MUGHAL SARAI JN,09:35:00,10:05:00,1,,ECR,Uttar Pradesh
13134,Varanasi- Sealdah Express,PNBE,PATNA JN,15:45:00,15:55:00,1,,ECR,Bihar
13134,Varanasi- Sealdah Express,BWN,BARDDHAMAN JN,08:32:00,08:56:00,2,,ER,West Bengal
13134,Varanasi- Sealdah Express,SDAH,KOLKATA SEALDAH,10:55:00,None,2,,ER,West Bengal
12336,MUMBAI LTT - BHAGALPUR SF Exp,KYN,KALYAN JN,08:35:00,08:40:00,1,,CR,Maharashtra
12336,MUMBAI LTT - BHAGALPUR SF Exp,ET,ITARSI JN,20:00:00,20:10:00,1,,WCR,Madhya Pradesh
12336,MUMBAI LTT - BHAGALPUR SF Exp,JBP,JABALPUR,23:25:00,23:35:00,1,,WCR,Madhya Pradesh
12336,MUMBAI LTT - BHAGALPUR SF Exp,MGS,MUGHAL SARAI JN,08:55:00,09:15:00,2,,ECR,Uttar Pradesh
12336,MUMBAI LTT - BHAGALPUR SF Exp,PNBE,PATNA JN,12:50:00,13:00:00,2,,ECR,Bihar
14008,Old Delhi-Muzaffarpur Sadbhavana Express,GZB,GHAZIABAD,17:05:00,17:08:00,1,,NR,Uttar Pradesh
14008,Old Delhi-Muzaffarpur Sadbhavana Express,MB,MORADABAD,19:40:00,19:55:00,1,,NR,Uttar Pradesh
14008,Old Delhi-Muzaffarpur Sadbhavana Express,BE,BAREILLY,22:38:00,22:38:00,1,,NER,Uttar Pradesh
14008,Old Delhi-Muzaffarpur Sadbhavana Express,LKO,LUCKNOW,03:25:00,03:35:00,2,,NER,Uttar Pradesh
14008,Old Delhi-Muzaffarpur Sadbhavana Express,MFP,MUZAFFARPUR JN,18:00:00,None,2,,ECR,Bihar
14313,MUMBAI LTT - BAREILLY Weekly Exp,KYN,KALYAN JN,08:35:00,08:40:00,1,,CR,Maharashtra
14313,MUMBAI LTT - BAREILLY Weekly Exp,ET,ITARSI JN,20:00:00,20:05:00,1,,WCR,Madhya Pradesh
14313,MUMBAI LTT - BAREILLY Weekly Exp,BPL,BHOPAL JN,22:30:00,22:40:00,1,,WCR,Madhya Pradesh
14313,MUMBAI LTT - BAREILLY Weekly Exp,JHS,JHANSI JN,03:45:00,03:55:00,2,,NCR,Uttar Pradesh
14313,MUMBAI LTT - BAREILLY Weekly Exp,GWL,GWALIOR JN,05:15:00,05:20:00,2,,NCR,Madhya Pradesh
14313,MUMBAI LTT - BAREILLY Weekly Exp,AGC,AGRA CANTT,07:40:00,07:45:00,2,,NCR,Uttar Pradesh
14313,MUMBAI LTT - BAREILLY Weekly Exp,TDL,TUNDLA JN,09:00:00,09:40:00,2,,NCR,Uttar Pradesh
14313,MUMBAI LTT - BAREILLY Weekly Exp,ALJN,ALIGARH JN,11:15:00,11:25:00,2,,NCR,Uttar Pradesh
14313,MUMBAI LTT - BAREILLY Weekly Exp,BE,BAREILLY,15:40:00,None,2,,NER,Uttar Pradesh
12428,DELHI ANAND VIHAR - REWA SF Exp,GZB,GHAZIABAD,00:47:00,00:49:00,2,,NR,Uttar Pradesh
12428,DELHI ANAND VIHAR - REWA SF Exp,ALJN,ALIGARH JN,02:10:00,02:15:00,2,,NCR,Uttar Pradesh
12428,DELHI ANAND VIHAR - REWA SF Exp,TDL,TUNDLA JN,03:08:00,03:08:00,2,,NCR,Uttar Pradesh
12428,DELHI ANAND VIHAR - REWA SF Exp,CNB,KANPUR CENTRAL,06:30:00,06:35:00,2,,NCR,Uttar Pradesh
12428,DELHI ANAND VIHAR - REWA SF Exp,ALD,ALLAHABAD JN,09:25:00,09:50:00,2,,NCR,Uttar Pradesh
14018,Sadbhavana Expres,GZB,GHAZIABAD,17:05:00,17:08:00,1,,NR,Uttar Pradesh
14018,Sadbhavana Expres,MB,MORADABAD,19:40:00,19:55:00,1,,NR,Uttar Pradesh
14018,Sadbhavana Expres,BE,BAREILLY,22:38:00,22:38:00,1,,NER,Uttar Pradesh
14018,Sadbhavana Expres,LKO,LUCKNOW,03:25:00,03:35:00,2,,NER,Uttar Pradesh
14018,Sadbhavana Expres,MFP,MUZAFFARPUR JN,18:00:00,None,2,,ECR,Bihar
14206,Delhi-Faizabad Express,GZB,GHAZIABAD,19:18:00,19:20:00,1,,NR,Uttar Pradesh
14206,Delhi-Faizabad Express,MB,MORADABAD,21:55:00,22:10:00,1,,NR,Uttar Pradesh
14206,Delhi-Faizabad Express,BE,BAREILLY,23:50:00,23:55:00,1,,NER,Uttar Pradesh
14206,Delhi-Faizabad Express,LKO,LUCKNOW,03:50:00,04:00:00,2,,NER,Uttar Pradesh
12155,Shaan-e-Bhopal Express,BPL,BHOPAL JN,21:17:00,21:22:00,1,,WCR,Madhya Pradesh
12155,Shaan-e-Bhopal Express,JHS,JHANSI JN,01:35:00,01:45:00,2,,NCR,Uttar Pradesh
12155,Shaan-e-Bhopal Express,GWL,GWALIOR JN,03:03:00,03:06:00,2,,NCR,Madhya Pradesh
12155,Shaan-e-Bhopal Express,AGC,AGRA CANTT,04:47:00,04:50:00,2,,NCR,Uttar Pradesh
12155,Shaan-e-Bhopal Express,NZM,DELHI H NIZAMUDDIN,08:05:00,None,2,,NR,Delhi
15003,Chauri Chaura Express,CNB,KANPUR CENTRAL,17:00:00,17:30:00,1,,NCR,Uttar Pradesh
15003,Chauri Chaura Express,ALD,ALLAHABAD JN,20:45:00,21:10:00,1,,NCR,Uttar Pradesh
12396,Ajmer-RajendraNagar Ziyarat Express,JP,JAIPUR,02:15:00,02:35:00,2,,NWR,Rajasthan
12396,Ajmer-RajendraNagar Ziyarat Express,TDL,TUNDLA JN,10:15:00,10:20:00,2,,NCR,Uttar Pradesh
12396,Ajmer-RajendraNagar Ziyarat Express,CNB,KANPUR CENTRAL,13:30:00,13:40:00,2,,NCR,Uttar Pradesh
12396,Ajmer-RajendraNagar Ziyarat Express,ALD,ALLAHABAD JN,16:35:00,16:45:00,2,,NCR,Uttar Pradesh
12396,Ajmer-RajendraNagar Ziyarat Express,MGS,MUGHAL SARAI JN,19:25:00,19:45:00,2,,ECR,Uttar Pradesh
12396,Ajmer-RajendraNagar Ziyarat Express,PNBE,PATNA JN,22:45:00,22:55:00,2,,ECR,Bihar
14205,Faizabad Delhi Express,LKO,LUCKNOW,00:40:00,00:50:00,2,,NER,Uttar Pradesh
14205,Faizabad Delhi Express,BE,BAREILLY,04:25:00,04:30:00,2,,NER,Uttar Pradesh
14205,Faizabad Delhi Express,MB,MORADABAD,06:10:00,06:20:00,2,,NR,Uttar Pradesh
14205,Faizabad Delhi Express,GZB,GHAZIABAD,08:45:00,08:50:00,2,,NR,Uttar Pradesh
12108,Lucknow Mumbai LTT Superfast Express,CNB,KANPUR CENTRAL,00:12:00,00:20:00,2,,NCR,Uttar Pradesh
12108,Lucknow Mumbai LTT Superfast Express,JHS,JHANSI JN,03:40:00,04:00:00,2,,NCR,Uttar Pradesh
12108,Lucknow Mumbai LTT Superfast Express,BPL,BHOPAL JN,08:10:00,08:15:00,2,,WCR,Madhya Pradesh
12108,Lucknow Mumbai LTT Superfast Express,ET,ITARSI JN,09:49:00,09:49:00,2,,WCR,Madhya Pradesh
12108,Lucknow Mumbai LTT Superfast Express,KYN,KALYAN JN,21:45:00,21:50:00,2,,CR,Maharashtra
17214,Nagarsol Narsapur Express,AWB,AURANGABAD,12:35:00,12:40:00,1,,SCR,Maharashtra
17214,Nagarsol Narsapur Express,NZB,NIZAMABAD,20:08:00,20:13:00,1,,SCR,Andhra Pradesh
17214,Nagarsol Narsapur Express,SC,SECUNDERABAD JN,23:20:00,23:40:00,1,,SCR,Telangana
17214,Nagarsol Narsapur Express,BZA,VIJAYAWADA JN,05:30:00,05:50:00,2,,SCR,Andhra Pradesh
18623,Patna Rajendra Nagar-Hatia Express,PNBE,PATNA JN,21:35:00,21:45:00,1,,ECR,Bihar
18623,Patna Rajendra Nagar-Hatia Express,GAYA,GAYA JN,00:20:00,00:45:00,2,,ECR,Bihar
18201,Durg-Nautanwa (via Varanasi)Express,R,RAIPUR JN,20:25:00,20:35:00,1,,SECR,Chhattisgarh
18201,Durg-Nautanwa (via Varanasi)Express,BSP,BILASPUR JN,22:20:00,22:40:00,1,,SECR,Chhattisgarh
18201,Durg-Nautanwa (via Varanasi)Express,ALD,ALLAHABAD JN,10:20:00,10:45:00,2,,NCR,Uttar Pradesh
12593,Lucknow-Bhopal Garib Rath,CNB,KANPUR CENTRAL,00:28:00,00:40:00,2,,NCR,Uttar Pradesh
12593,Lucknow-Bhopal Garib Rath,JHS,JHANSI JN,04:25:00,04:40:00,2,,NCR,Uttar Pradesh
12593,Lucknow-Bhopal Garib Rath,BPL,BHOPAL JN,09:35:00,None,2,,WCR,Madhya Pradesh
18048-Slip,Amaravati Express,MAO,MADGAON,07:40:00,07:45:00,1,,KR,Goa
18048-Slip,Amaravati Express,UBL,HUBLI JN,12:05:00,12:15:00,1,,SWR,Karnataka
18048-Slip,Amaravati Express,GTL,GUNTAKAL JN,17:10:00,22:15:00,1,,SCR,Andhra Pradesh
12488,Seemanchal Express,GZB,GHAZIABAD,08:06:00,08:08:00,1,,NR,Uttar Pradesh
12488,Seemanchal Express,ALJN,ALIGARH JN,09:28:00,09:28:00,1,,NCR,Uttar Pradesh
12488,Seemanchal Express,TDL,TUNDLA JN,10:25:00,10:27:00,1,,NCR,Uttar Pradesh
12488,Seemanchal Express,CNB,KANPUR CENTRAL,13:45:00,13:55:00,1,,NCR,Uttar Pradesh
12488,Seemanchal Express,ALD,ALLAHABAD JN,16:50:00,17:00:00,1,,NCR,Uttar Pradesh
12488,Seemanchal Express,MGS,MUGHAL SARAI JN,19:45:00,20:05:00,1,,ECR,Uttar Pradesh
12488,Seemanchal Express,PNBE,PATNA JN,23:25:00,23:35:00,1,,ECR,Bihar
12006,Kalka-New Delhi Shatabdi,CDG,CHANDIGARH,06:45:00,06:53:00,1,,NR,Chandigarh
12006,Kalka-New Delhi Shatabdi,UMB,AMBALA CANT JN,07:33:00,07:38:00,1,,NR,Haryana
12006,Kalka-New Delhi Shatabdi,NDLS,NEW DELHI,10:25:00,None,1,,NR,Delhi
19603,Ajmer-Sultanpur Weekly Express,JP,JAIPUR,18:00:00,18:10:00,1,,NWR,Rajasthan
19603,Ajmer-Sultanpur Weekly Express,GZB,GHAZIABAD,01:03:00,01:03:00,2,,NR,Uttar Pradesh
19603,Ajmer-Sultanpur Weekly Express,MB,MORADABAD,03:40:00,03:50:00,2,,NR,Uttar Pradesh
19603,Ajmer-Sultanpur Weekly Express,BE,BAREILLY,05:40:00,05:45:00,2,,NER,Uttar Pradesh
19603,Ajmer-Sultanpur Weekly Express,LKO,LUCKNOW,10:00:00,10:15:00,2,,NER,Uttar Pradesh
12178,Chambal Express,AGC,AGRA CANTT,05:10:00,05:20:00,1,,NCR,Uttar Pradesh
12178,Chambal Express,GWL,GWALIOR JN,06:55:00,07:05:00,1,,NCR,Madhya Pradesh
12178,Chambal Express,JHS,JHANSI JN,08:40:00,08:50:00,1,,NCR,Uttar Pradesh
12178,Chambal Express,ALD,ALLAHABAD JN,16:55:00,17:20:00,1,,NCR,Uttar Pradesh
12178,Chambal Express,MGS,MUGHAL SARAI JN,20:00:00,20:15:00,1,,ECR,Uttar Pradesh
12178,Chambal Express,GAYA,GAYA JN,22:58:00,23:03:00,1,,ECR,Bihar
12178,Chambal Express,DHN,DHANBAD JN,02:41:00,02:51:00,2,,ECR,Jharkhand
12178,Chambal Express,ASN,ASANSOL JN,03:47:00,03:55:00,2,,ER,West Bengal
12178,Chambal Express,BWN,BARDDHAMAN JN,05:21:00,05:25:00,2,,ER,West Bengal
12178,Chambal Express,HWH,HOWRAH JN,06:45:00,None,2,,ER,West Bengal
14010,Patalkot Express,NZM,DELHI H NIZAMUDDIN,13:03:00,13:03:00,1,,NR,Delhi
14010,Patalkot Express,AGC,AGRA CANTT,16:15:00,16:20:00,1,,NCR,Uttar Pradesh
14010,Patalkot Express,GWL,GWALIOR JN,17:57:00,18:02:00,1,,NCR,Madhya Pradesh
14010,Patalkot Express,JHS,JHANSI JN,19:28:00,19:38:00,1,,NCR,Uttar Pradesh
14010,Patalkot Express,BPL,BHOPAL JN,00:35:00,00:45:00,2,,WCR,Madhya Pradesh
14010,Patalkot Express,ET,ITARSI JN,02:40:00,02:50:00,2,,WCR,Madhya Pradesh
14020,Delhi SR Chhindwara Kanhan Valley Express,NZM,DELHI H NIZAMUDDIN,13:03:00,13:03:00,1,,NR,Delhi
14020,Delhi SR Chhindwara Kanhan Valley Express,AGC,AGRA CANTT,16:15:00,16:20:00,1,,NCR,Uttar Pradesh
14020,Delhi SR Chhindwara Kanhan Valley Express,GWL,GWALIOR JN,17:57:00,18:02:00,1,,NCR,Madhya Pradesh
14020,Delhi SR Chhindwara Kanhan Valley Express,JHS,JHANSI JN,19:28:00,19:38:00,1,,NCR,Uttar Pradesh
14020,Delhi SR Chhindwara Kanhan Valley Express,BPL,BHOPAL JN,00:35:00,00:45:00,2,,WCR,Madhya Pradesh
14020,Delhi SR Chhindwara Kanhan Valley Express,ET,ITARSI JN,02:40:00,02:50:00,2,,WCR,Madhya Pradesh
12907,Maharashtra Sampark Kranti Express,ST,SURAT,20:54:00,20:54:00,1,,WR,Gujarat
12907,Maharashtra Sampark Kranti Express,BRC,VADODARA JN,22:47:00,23:05:00,1,,WR,Gujarat
12907,Maharashtra Sampark Kranti Express,RTM,RATLAM JN,02:45:00,02:45:00,2,,WR,Madhya Pradesh
12907,Maharashtra Sampark Kranti Express,KOTA,KOTA JN,06:30:00,06:40:00,2,,WCR,Rajasthan
12907,Maharashtra Sampark Kranti Express,NZM,DELHI H NIZAMUDDIN,13:45:00,None,2,,NR,Delhi
08056,Tirupati-Kolkata Shalimar Special,BZA,VIJAYAWADA JN,02:40:00,02:50:00,2,,SCR,Andhra Pradesh
08056,Tirupati-Kolkata Shalimar Special,VSKP,VISHAKAPATNAM,09:15:00,09:35:00,2,,ECoR,Andhra Pradesh
08056,Tirupati-Kolkata Shalimar Special,BBS,BHUBANESWAR,16:10:00,16:15:00,2,,ECoR,Odisha
08056,Tirupati-Kolkata Shalimar Special,CTC,CUTTACK,17:00:00,17:02:00,2,,ECoR,Odisha
08043,Kolkata Shalimar-Haridwar Puja Special,TATA,TATANAGAR JN,21:10:00,21:15:00,1,,SER,Jharkhand
08043,Kolkata Shalimar-Haridwar Puja Special,GAYA,GAYA JN,04:05:00,04:10:00,2,,ECR,Bihar
08043,Kolkata Shalimar-Haridwar Puja Special,MGS,MUGHAL SARAI JN,07:05:00,07:25:00,2,,ECR,Uttar Pradesh
08043,Kolkata Shalimar-Haridwar Puja Special,LKO,LUCKNOW,13:50:00,14:00:00,2,,NER,Uttar Pradesh
08043,Kolkata Shalimar-Haridwar Puja Special,BE,BAREILLY,17:50:00,17:50:00,2,,NER,Uttar Pradesh
08043,Kolkata Shalimar-Haridwar Puja Special,MB,MORADABAD,19:15:00,19:25:00,2,,NR,Uttar Pradesh
14096-Slip,Himalayan Queen Slip,CDG,CHANDIGARH,17:20:00,17:30:00,1,,NR,Chandigarh
14096-Slip,Himalayan Queen Slip,UMB,AMBALA CANT JN,18:15:00,18:25:00,1,,NR,Haryana
18029,MUMBAI LTT [Kurla] - KOLKATA SALIMAR Exp,KYN,KALYAN JN,22:35:00,22:40:00,1,,CR,Maharashtra
18029,MUMBAI LTT [Kurla] - KOLKATA SALIMAR Exp,NGP,NAGPUR,13:10:00,13:30:00,2,,SECR,Maharashtra
18029,MUMBAI LTT [Kurla] - KOLKATA SALIMAR Exp,R,RAIPUR JN,19:25:00,19:35:00,2,,SECR,Chhattisgarh
18029,MUMBAI LTT [Kurla] - KOLKATA SALIMAR Exp,BSP,BILASPUR JN,22:05:00,22:25:00,2,,SECR,Chhattisgarh
18029,MUMBAI LTT [Kurla] - KOLKATA SALIMAR Exp,ROU,ROURKELA,03:30:00,03:40:00,3,,SER,Odisha
18029,MUMBAI LTT [Kurla] - KOLKATA SALIMAR Exp,TATA,TATANAGAR JN,06:50:00,07:10:00,3,,SER,Jharkhand
11061,MUMBAI LTT - DARBHANGA Pawan Exp,KYN,KALYAN JN,12:55:00,13:00:00,1,,CR,Maharashtra
11061,MUMBAI LTT - DARBHANGA Pawan Exp,ET,ITARSI JN,00:10:00,00:25:00,2,,WCR,Madhya Pradesh
11061,MUMBAI LTT - DARBHANGA Pawan Exp,JBP,JABALPUR,03:50:00,04:00:00,2,,WCR,Madhya Pradesh
11061,MUMBAI LTT - DARBHANGA Pawan Exp,ALD,ALLAHABAD JN,10:40:00,11:05:00,2,,NCR,Uttar Pradesh
11061,MUMBAI LTT - DARBHANGA Pawan Exp,MFP,MUZAFFARPUR JN,22:45:00,None,2,,ECR,Bihar
11067-Slip,Saket Express Slip,KYN,KALYAN JN,06:05:00,06:10:00,1,,CR,Maharashtra
11067-Slip,Saket Express Slip,ET,ITARSI JN,17:00:00,17:10:00,1,,WCR,Madhya Pradesh
11067-Slip,Saket Express Slip,JBP,JABALPUR,21:05:00,21:15:00,1,,WCR,Madhya Pradesh
11067-Slip,Saket Express Slip,ALD,ALLAHABAD JN,03:50:00,04:15:00,2,,NCR,Uttar Pradesh
15013-Slip,Ranikhet Express Slip,GZB,GHAZIABAD,23:22:00,23:24:00,1,,NR,Uttar Pradesh
15013-Slip,Ranikhet Express Slip,MB,MORADABAD,01:55:00,02:40:00,2,,NR,Uttar Pradesh
13016,Bolpur-Howrah Kavi Guru Express,BWN,BARDDHAMAN JN,15:03:00,15:05:00,1,,ER,West Bengal
13016,Bolpur-Howrah Kavi Guru Express,HWH,HOWRAH JN,17:15:00,None,1,,ER,West Bengal
12911,Valsad-Haridwar Exp,ST,SURAT,16:45:00,16:50:00,1,,WR,Gujarat
12911,Valsad-Haridwar Exp,BRC,VADODARA JN,19:40:00,19:50:00,1,,WR,Gujarat
12911,Valsad-Haridwar Exp,RTM,RATLAM JN,23:30:00,23:35:00,1,,WR,Madhya Pradesh
12911,Valsad-Haridwar Exp,KOTA,KOTA JN,02:55:00,03:05:00,2,,WCR,Rajasthan
12911,Valsad-Haridwar Exp,NZM,DELHI H NIZAMUDDIN,10:40:00,11:00:00,2,,NR,Delhi
12911,Valsad-Haridwar Exp,GZB,GHAZIABAD,11:40:00,11:42:00,2,,NR,Uttar Pradesh
12153,Lokmanya Tilak (T) Habibganj Express,KYN,KALYAN JN,17:05:00,17:10:00,1,,CR,Maharashtra
12153,Lokmanya Tilak (T) Habibganj Express,ET,ITARSI JN,03:40:00,03:45:00,2,,WCR,Madhya Pradesh
12559,Shiv Ganga Express,ALD,ALLAHABAD JN,22:05:00,22:30:00,1,,NCR,Uttar Pradesh
12559,Shiv Ganga Express,CNB,KANPUR CENTRAL,01:10:00,01:15:00,2,,NCR,Uttar Pradesh
12559,Shiv Ganga Express,TDL,TUNDLA JN,04:40:00,04:40:00,2,,NCR,Uttar Pradesh
12559,Shiv Ganga Express,ALJN,ALIGARH JN,05:49:00,05:49:00,2,,NCR,Uttar Pradesh
12559,Shiv Ganga Express,GZB,GHAZIABAD,07:23:00,07:23:00,2,,NR,Uttar Pradesh
12559,Shiv Ganga Express,NDLS,NEW DELHI,07:40:00,None,2,,NR,Delhi
12173,Udyog Nagri Express,KYN,KALYAN JN,17:05:00,17:10:00,1,,CR,Maharashtra
12173,Udyog Nagri Express,ET,ITARSI JN,03:29:00,03:29:00,2,,WCR,Madhya Pradesh
12173,Udyog Nagri Express,BPL,BHOPAL JN,05:00:00,05:10:00,2,,WCR,Madhya Pradesh
12173,Udyog Nagri Express,JHS,JHANSI JN,09:10:00,09:35:00,2,,NCR,Uttar Pradesh
12173,Udyog Nagri Express,CNB,KANPUR CENTRAL,13:30:00,13:35:00,2,,NCR,Uttar Pradesh
12173,Udyog Nagri Express,LKO,LUCKNOW,14:55:00,15:05:00,2,,NER,Uttar Pradesh
13111-Slip,Lal Quila Express Slip,BWN,BARDDHAMAN JN,21:57:00,22:02:00,1,,ER,West Bengal
13111-Slip,Lal Quila Express Slip,ASN,ASANSOL JN,23:33:00,23:43:00,1,,ER,West Bengal
11065,MUMBAI LTT - DARBHANGA Pawan Exp,KYN,KALYAN JN,12:55:00,13:00:00,1,,CR,Maharashtra
11065,MUMBAI LTT - DARBHANGA Pawan Exp,ET,ITARSI JN,00:10:00,00:25:00,2,,WCR,Madhya Pradesh
11065,MUMBAI LTT - DARBHANGA Pawan Exp,JBP,JABALPUR,03:50:00,04:00:00,2,,WCR,Madhya Pradesh
11065,MUMBAI LTT - DARBHANGA Pawan Exp,ALD,ALLAHABAD JN,10:40:00,11:05:00,2,,NCR,Uttar Pradesh
11065,MUMBAI LTT - DARBHANGA Pawan Exp,MFP,MUZAFFARPUR JN,22:45:00,22:52:00,2,,ECR,Bihar
04203,Varanasi-Old Delhi Special,LKO,LUCKNOW,00:58:00,01:08:00,2,,NER,Uttar Pradesh
04203,Varanasi-Old Delhi Special,BE,BAREILLY,04:32:00,04:32:00,2,,NER,Uttar Pradesh
04203,Varanasi-Old Delhi Special,MB,MORADABAD,05:50:00,06:00:00,2,,NR,Uttar Pradesh
04203,Varanasi-Old Delhi Special,GZB,GHAZIABAD,09:03:00,09:08:00,2,,NR,Uttar Pradesh
12521,Raptisagar Express,MFP,MUZAFFARPUR JN,00:47:00,00:57:00,2,,ECR,Bihar
12521,Raptisagar Express,CNB,KANPUR CENTRAL,13:17:00,13:22:00,2,,NCR,Uttar Pradesh
12521,Raptisagar Express,JHS,JHANSI JN,16:45:00,17:05:00,2,,NCR,Uttar Pradesh
12521,Raptisagar Express,BPL,BHOPAL JN,21:15:00,21:25:00,2,,WCR,Madhya Pradesh
12521,Raptisagar Express,ET,ITARSI JN,23:05:00,23:15:00,2,,WCR,Madhya Pradesh
12521,Raptisagar Express,NGP,NAGPUR,04:10:00,04:20:00,3,,SECR,Maharashtra
12521,Raptisagar Express,BZA,VIJAYAWADA JN,15:50:00,16:05:00,3,,SCR,Andhra Pradesh
12521,Raptisagar Express,MAS,CHENNAI CENTRAL,23:20:00,23:45:00,3,,SR,Tamil Nadu
12521,Raptisagar Express,CBE,COIMBATORE JN,07:55:00,08:00:00,4,,SR,Tamil Nadu
12521,Raptisagar Express,ERS,ERNAKULAM JN,13:20:00,None,4,,SR,Kerala
12107,Mumbai LTT Lucknow Superfast Express,KYN,KALYAN JN,17:05:00,17:10:00,1,,CR,Maharashtra
12107,Mumbai LTT Lucknow Superfast Express,ET,ITARSI JN,03:32:00,03:32:00,2,,WCR,Madhya Pradesh
12107,Mumbai LTT Lucknow Superfast Express,BPL,BHOPAL JN,05:00:00,05:10:00,2,,WCR,Madhya Pradesh
12107,Mumbai LTT Lucknow Superfast Express,JHS,JHANSI JN,09:10:00,09:35:00,2,,NCR,Uttar Pradesh
12107,Mumbai LTT Lucknow Superfast Express,CNB,KANPUR CENTRAL,13:30:00,13:50:00,2,,NCR,Uttar Pradesh
12519,MUMBAI LTT - KAMAKHYA AC Exp,KYN,KALYAN JN,None,None,,,CR,Maharashtra
12519,MUMBAI LTT - KAMAKHYA AC Exp,ET,ITARSI JN,None,None,,,WCR,Madhya Pradesh
12519,MUMBAI LTT - KAMAKHYA AC Exp,JBP,JABALPUR,None,None,,,WCR,Madhya Pradesh
12519,MUMBAI LTT - KAMAKHYA AC Exp,MGS,MUGHAL SARAI JN,None,None,,,ECR,Uttar Pradesh
12519,MUMBAI LTT - KAMAKHYA AC Exp,PNBE,PATNA JN,None,None,,,ECR,Bihar
12519,MUMBAI LTT - KAMAKHYA AC Exp,NJP,NEW JALPAIGURI,None,None,,,NFR,West Bengal
11059,MUMBAI LTT - CHHAPRA Godan Exp,KYN,KALYAN JN,11:35:00,11:40:00,1,,CR,Maharashtra
11059,MUMBAI LTT - CHHAPRA Godan Exp,ET,ITARSI JN,22:20:00,22:30:00,1,,WCR,Madhya Pradesh
11059,MUMBAI LTT - CHHAPRA Godan Exp,JBP,JABALPUR,01:45:00,01:55:00,2,,WCR,Madhya Pradesh
11059,MUMBAI LTT - CHHAPRA Godan Exp,ALD,ALLAHABAD JN,09:40:00,10:15:00,2,,NCR,Uttar Pradesh
12312,Kalka Mail,CDG,CHANDIGARH,00:25:00,01:10:00,2,,NR,Chandigarh
12312,Kalka Mail,UMB,AMBALA CANT JN,02:00:00,02:20:00,2,,NR,Haryana
12312,Kalka Mail,GZB,GHAZIABAD,07:37:00,07:39:00,2,,NR,Uttar Pradesh
12312,Kalka Mail,ALJN,ALIGARH JN,09:30:00,09:35:00,2,,NCR,Uttar Pradesh
12312,Kalka Mail,TDL,TUNDLA JN,10:45:00,10:50:00,2,,NCR,Uttar Pradesh
12312,Kalka Mail,CNB,KANPUR CENTRAL,14:25:00,14:35:00,2,,NCR,Uttar Pradesh
12312,Kalka Mail,ALD,ALLAHABAD JN,17:20:00,17:30:00,2,,NCR,Uttar Pradesh
12312,Kalka Mail,MGS,MUGHAL SARAI JN,20:10:00,20:40:00,2,,ECR,Uttar Pradesh
12312,Kalka Mail,GAYA,GAYA JN,23:23:00,23:28:00,2,,ECR,Bihar
12312,Kalka Mail,DHN,DHANBAD JN,03:15:00,03:25:00,3,,ECR,Jharkhand
12312,Kalka Mail,ASN,ASANSOL JN,04:22:00,04:27:00,3,,ER,West Bengal
12312,Kalka Mail,BWN,BARDDHAMAN JN,05:56:00,06:01:00,3,,ER,West Bengal
12312,Kalka Mail,HWH,HOWRAH JN,07:30:00,None,3,,ER,West Bengal
12165,MUMBAI LTT - VARANASI Ratnagiri Exp,KYN,KALYAN JN,06:05:00,06:10:00,1,,CR,Maharashtra
12165,MUMBAI LTT - VARANASI Ratnagiri Exp,ET,ITARSI JN,17:00:00,17:10:00,1,,WCR,Madhya Pradesh
12165,MUMBAI LTT - VARANASI Ratnagiri Exp,JBP,JABALPUR,21:05:00,21:15:00,1,,WCR,Madhya Pradesh
12165,MUMBAI LTT - VARANASI Ratnagiri Exp,ALD,ALLAHABAD JN,03:50:00,04:15:00,2,,NCR,Uttar Pradesh
18426,DURG - PURI Exp,R,RAIPUR JN,17:15:00,17:30:00,1,,SECR,Chhattisgarh
18426,DURG - PURI Exp,CTC,CUTTACK,06:05:00,06:10:00,2,,ECoR,Odisha
18426,DURG - PURI Exp,BBS,BHUBANESWAR,07:00:00,07:05:00,2,,ECoR,Odisha
18426,DURG - PURI Exp,PURI,PURI,09:15:00,None,2,,ECoR,Odisha
12561,Swatantrata Sainani Express,MFP,MUZAFFARPUR JN,17:45:00,17:55:00,1,,ECR,Bihar
12561,Swatantrata Sainani Express,ALD,ALLAHABAD JN,03:25:00,03:50:00,2,,NCR,Uttar Pradesh
12561,Swatantrata Sainani Express,CNB,KANPUR CENTRAL,06:27:00,06:32:00,2,,NCR,Uttar Pradesh
12561,Swatantrata Sainani Express,TDL,TUNDLA JN,09:10:00,09:10:00,2,,NCR,Uttar Pradesh
12561,Swatantrata Sainani Express,ALJN,ALIGARH JN,10:00:00,10:02:00,2,,NCR,Uttar Pradesh
12561,Swatantrata Sainani Express,GZB,GHAZIABAD,11:50:00,11:52:00,2,,NR,Uttar Pradesh
12561,Swatantrata Sainani Express,NDLS,NEW DELHI,12:30:00,None,2,,NR,Delhi
11043,MUMBAI LTT - MADURAI Exp,KYN,KALYAN JN,00:58:00,01:00:00,1,,CR,Maharashtra
11043,MUMBAI LTT - MADURAI Exp,PUNE,PUNE JN,03:55:00,04:00:00,1,,CR,Maharashtra
11043,MUMBAI LTT - MADURAI Exp,SUR,SOLAPUR JN,08:30:00,08:40:00,1,,CR,Maharashtra
11043,MUMBAI LTT - MADURAI Exp,GTL,GUNTAKAL JN,16:00:00,16:10:00,1,,SCR,Andhra Pradesh
13111,Lal Quila Express,BWN,BARDDHAMAN JN,21:57:00,22:02:00,1,,ER,West Bengal
13111,Lal Quila Express,ASN,ASANSOL JN,23:33:00,23:43:00,1,,ER,West Bengal
13111,Lal Quila Express,PNBE,PATNA JN,06:50:00,07:00:00,2,,ECR,Bihar
13111,Lal Quila Express,MGS,MUGHAL SARAI JN,12:10:00,12:30:00,2,,ECR,Uttar Pradesh
13111,Lal Quila Express,ALD,ALLAHABAD JN,15:20:00,15:30:00,2,,NCR,Uttar Pradesh
13111,Lal Quila Express,CNB,KANPUR CENTRAL,18:55:00,19:05:00,2,,NCR,Uttar Pradesh
13111,Lal Quila Express,TDL,TUNDLA JN,22:45:00,22:55:00,2,,NCR,Uttar Pradesh
13111,Lal Quila Express,ALJN,ALIGARH JN,23:59:00,00:05:00,2,,NCR,Uttar Pradesh
13111,Lal Quila Express,GZB,GHAZIABAD,02:20:00,02:25:00,3,,NR,Uttar Pradesh
12141,MUMBAI LTT - PATLIPUTRA SF Exp,KYN,KALYAN JN,00:18:00,00:23:00,2,,CR,Maharashtra
12141,MUMBAI LTT - PATLIPUTRA SF Exp,ET,ITARSI JN,11:01:00,11:01:00,2,,WCR,Madhya Pradesh
12141,MUMBAI LTT - PATLIPUTRA SF Exp,JBP,JABALPUR,14:30:00,14:40:00,2,,WCR,Madhya Pradesh
12141,MUMBAI LTT - PATLIPUTRA SF Exp,MGS,MUGHAL SARAI JN,00:30:00,00:45:00,3,,ECR,Uttar Pradesh
12201,MUMBAI LTT - KOCHUVELI Garib Rath Exp,PNVL,PANVEL,18:05:00,18:10:00,1,,CR,Maharashtra
12201,MUMBAI LTT - KOCHUVELI Garib Rath Exp,MAO,MADGAON,02:25:00,02:35:00,2,,KR,Goa
12364,HALDIBARI - KOLKATA CHITPUR SF Intercity Exp,NJP,NEW JALPAIGURI,09:40:00,09:55:00,1,,NFR,West Bengal
12364,HALDIBARI - KOLKATA CHITPUR SF Intercity Exp,BWN,BARDDHAMAN JN,17:45:00,17:47:00,1,,ER,West Bengal
11105,Pratham Swatantrata Sangram Express,BWN,BARDDHAMAN JN,09:42:00,09:45:00,1,,ER,West Bengal
11105,Pratham Swatantrata Sangram Express,ASN,ASANSOL JN,11:15:00,11:20:00,1,,ER,West Bengal
11105,Pratham Swatantrata Sangram Express,PNBE,PATNA JN,18:10:00,18:20:00,1,,ECR,Bihar
11105,Pratham Swatantrata Sangram Express,MGS,MUGHAL SARAI JN,23:02:00,23:12:00,1,,ECR,Uttar Pradesh
11105,Pratham Swatantrata Sangram Express,ALD,ALLAHABAD JN,01:10:00,01:15:00,2,,NCR,Uttar Pradesh
11105,Pratham Swatantrata Sangram Express,CNB,KANPUR CENTRAL,03:40:00,04:10:00,2,,NCR,Uttar Pradesh
11105,Pratham Swatantrata Sangram Express,JHS,JHANSI JN,08:50:00,None,2,,NCR,Uttar Pradesh
16345,MUMBAI LTT - TRIVANDRUM Netravati Exp,PNVL,PANVEL,12:50:00,12:55:00,1,,CR,Maharashtra
16345,MUMBAI LTT - TRIVANDRUM Netravati Exp,MAO,MADGAON,22:40:00,22:50:00,1,,KR,Goa
16345,MUMBAI LTT - TRIVANDRUM Netravati Exp,ERS,ERNAKULAM JN,14:05:00,14:15:00,2,,SR,Kerala
16345,MUMBAI LTT - TRIVANDRUM Netravati Exp,TVC,TRIVANDRUM CENTRAL,18:40:00,None,2,,SR,Kerala
13155,KOLKATA CHITPUR - SITAMARHI Mithilanchal Exp,BWN,BARDDHAMAN JN,23:21:00,23:26:00,1,,ER,West Bengal
13155,KOLKATA CHITPUR - SITAMARHI Mithilanchal Exp,ASN,ASANSOL JN,01:00:00,01:20:00,2,,ER,West Bengal
18312,VARANASI - SAMBALPUR Exp,MGS,MUGHAL SARAI JN,15:40:00,16:00:00,1,,ECR,Uttar Pradesh
18312,VARANASI - SAMBALPUR Exp,ROU,ROURKELA,07:55:00,08:15:00,2,,SER,Odisha
54473,Delhi Saharanpur Passenger,NDLS,NEW DELHI,18:35:00,18:45:00,1,,NR,Delhi
54473,Delhi Saharanpur Passenger,GZB,GHAZIABAD,19:33:00,19:35:00,1,,NR,Uttar Pradesh
13148,Uttar Banga Express,NJP,NEW JALPAIGURI,17:25:00,17:40:00,1,,NFR,West Bengal
13148,Uttar Banga Express,BWN,BARDDHAMAN JN,03:11:00,03:26:00,2,,ER,West Bengal
13148,Uttar Banga Express,SDAH,KOLKATA SEALDAH,05:10:00,None,2,,ER,West Bengal
11450,SHRI MATA VAISHNO DEVI KATRA - JABALPUR Express,JAT,JAMMU TAWI,None,23:45:00,1,,NR,Jammu and Kashmir
11450,SHRI MATA VAISHNO DEVI KATRA - JABALPUR Express,LDH,LUDHIANA JN,05:05:00,05:20:00,2,,NR,Punjab
11450,SHRI MATA VAISHNO DEVI KATRA - JABALPUR Express,NDLS,NEW DELHI,13:15:00,14:10:00,2,,NR,Delhi
11450,SHRI MATA VAISHNO DEVI KATRA - JABALPUR Express,NZM,DELHI H NIZAMUDDIN,14:25:00,14:50:00,2,,NR,Delhi
11450,SHRI MATA VAISHNO DEVI KATRA - JABALPUR Express,AGC,AGRA CANTT,18:30:00,18:35:00,2,,NCR,Uttar Pradesh
11450,SHRI MATA VAISHNO DEVI KATRA - JABALPUR Express,GWL,GWALIOR JN,20:09:00,20:12:00,2,,NCR,Madhya Pradesh
11450,SHRI MATA VAISHNO DEVI KATRA - JABALPUR Express,JHS,JHANSI JN,21:35:00,21:45:00,2,,NCR,Uttar Pradesh
11450,SHRI MATA VAISHNO DEVI KATRA - JABALPUR Express,JBP,JABALPUR,08:40:00,None,3,,WCR,Madhya Pradesh
15013,Ranikhet Express,GZB,GHAZIABAD,23:22:00,23:26:00,1,,NR,Uttar Pradesh
15013,Ranikhet Express,MB,MORADABAD,01:40:00,01:50:00,2,,NR,Uttar Pradesh
22409,Sasaram-Anand ViharT Delhi GariRath Express,MGS,MUGHAL SARAI JN,23:00:00,23:20:00,1,,ECR,Uttar Pradesh
22409,Sasaram-Anand ViharT Delhi GariRath Express,ALD,ALLAHABAD JN,01:20:00,01:25:00,2,,NCR,Uttar Pradesh
22409,Sasaram-Anand ViharT Delhi GariRath Express,CNB,KANPUR CENTRAL,03:50:00,04:00:00,2,,NCR,Uttar Pradesh
22409,Sasaram-Anand ViharT Delhi GariRath Express,TDL,TUNDLA JN,08:08:00,08:08:00,2,,NCR,Uttar Pradesh
22409,Sasaram-Anand ViharT Delhi GariRath Express,ALJN,ALIGARH JN,09:32:00,09:32:00,2,,NCR,Uttar Pradesh
22409,Sasaram-Anand ViharT Delhi GariRath Express,GZB,GHAZIABAD,11:20:00,11:22:00,2,,NR,Uttar Pradesh
15097,Barauni-Jammu Amarnath Express,MFP,MUZAFFARPUR JN,06:50:00,07:00:00,1,,ECR,Bihar
15097,Barauni-Jammu Amarnath Express,LKO,LUCKNOW,19:30:00,19:40:00,1,,NER,Uttar Pradesh
15097,Barauni-Jammu Amarnath Express,BE,BAREILLY,23:15:00,23:20:00,1,,NER,Uttar Pradesh
15097,Barauni-Jammu Amarnath Express,MB,MORADABAD,00:55:00,01:05:00,2,,NR,Uttar Pradesh
15097,Barauni-Jammu Amarnath Express,UMB,AMBALA CANT JN,05:35:00,05:43:00,2,,NR,Haryana
15097,Barauni-Jammu Amarnath Express,LDH,LUDHIANA JN,07:25:00,07:35:00,2,,NR,Punjab
15097,Barauni-Jammu Amarnath Express,JAT,JAMMU TAWI,12:20:00,None,2,,NR,Jammu and Kashmir
12788,Tirunelveli Bilaspur SF Express,TVC,TRIVANDRUM CENTRAL,04:05:00,04:15:00,1,,SR,Kerala
12788,Tirunelveli Bilaspur SF Express,ERS,ERNAKULAM JN,08:20:00,08:30:00,1,,SR,Kerala
12788,Tirunelveli Bilaspur SF Express,BZA,VIJAYAWADA JN,03:55:00,04:05:00,2,,SCR,Andhra Pradesh
12788,Tirunelveli Bilaspur SF Express,NGP,NAGPUR,14:45:00,14:55:00,2,,SECR,Maharashtra
12788,Tirunelveli Bilaspur SF Express,R,RAIPUR JN,19:35:00,19:45:00,2,,SECR,Chhattisgarh
12788,Tirunelveli Bilaspur SF Express,BSP,BILASPUR JN,21:35:00,None,2,,SECR,Chhattisgarh
11069,Tulsi Express,KYN,KALYAN JN,06:05:00,06:10:00,1,,CR,Maharashtra
11069,Tulsi Express,ET,ITARSI JN,17:00:00,17:10:00,1,,WCR,Madhya Pradesh
11069,Tulsi Express,BPL,BHOPAL JN,18:50:00,18:55:00,1,,WCR,Madhya Pradesh
11069,Tulsi Express,JHS,JHANSI JN,00:05:00,00:25:00,2,,NCR,Uttar Pradesh
11069,Tulsi Express,ALD,ALLAHABAD JN,08:50:00,None,2,,NCR,Uttar Pradesh
11055,MUMBAI LTT - GORAKHPUR Exp,KYN,KALYAN JN,11:35:00,11:40:00,1,,CR,Maharashtra
11055,MUMBAI LTT - GORAKHPUR Exp,ET,ITARSI JN,22:20:00,22:30:00,1,,WCR,Madhya Pradesh
11055,MUMBAI LTT - GORAKHPUR Exp,JBP,JABALPUR,01:45:00,01:55:00,2,,WCR,Madhya Pradesh
11055,MUMBAI LTT - GORAKHPUR Exp,ALD,ALLAHABAD JN,09:40:00,10:15:00,2,,NCR,Uttar Pradesh
14887S,KALKA BARMER Express Slip,CDG,CHANDIGARH,22:15:00,22:25:00,1,,NR,Chandigarh
14887S,KALKA BARMER Express Slip,UMB,AMBALA CANT JN,23:15:00,23:45:00,1,,NR,Haryana
14887S,KALKA BARMER Express Slip,BKN,BIKANER JN,10:50:00,11:05:00,2,,NWR,Rajasthan
14887S,KALKA BARMER Express Slip,JU,JODHPUR JN,15:55:00,16:10:00,2,,NWR,Rajasthan
18241,Durg Ambikapur Express,R,RAIPUR JN,20:50:00,21:00:00,1,,SECR,Chhattisgarh
18241,Durg Ambikapur Express,BSP,BILASPUR JN,23:00:00,23:00:00,1,,SECR,Chhattisgarh
12997,Tirunelveli - Hapa (Biweekly) SF Express,TVC,TRIVANDRUM CENTRAL,09:00:00,09:10:00,1,,SR,Kerala
12997,Tirunelveli - Hapa (Biweekly) SF Express,ERS,ERNAKULAM JN,12:40:00,12:50:00,1,,SR,Kerala
12997,Tirunelveli - Hapa (Biweekly) SF Express,MAO,MADGAON,01:20:00,01:30:00,2,,KR,Goa
12997,Tirunelveli - Hapa (Biweekly) SF Express,PNVL,PANVEL,10:55:00,11:00:00,2,,CR,Maharashtra
12997,Tirunelveli - Hapa (Biweekly) SF Express,ST,SURAT,16:17:00,16:20:00,2,,WR,Gujarat
12997,Tirunelveli - Hapa (Biweekly) SF Express,BRC,VADODARA JN,18:10:00,18:20:00,2,,WR,Gujarat
12997,Tirunelveli - Hapa (Biweekly) SF Express,ADI,AHMEDABAD JN,20:05:00,20:15:00,2,,WR,Gujarat
12909,Bandra Terminus- Hazrat Nizamuddin Garib Rath,ST,SURAT,20:04:00,20:07:00,1,,WR,Gujarat
12909,Bandra Terminus- Hazrat Nizamuddin Garib Rath,BRC,VADODARA JN,21:35:00,21:51:00,1,,WR,Gujarat
12909,Bandra Terminus- Hazrat Nizamuddin Garib Rath,RTM,RATLAM JN,01:10:00,01:13:00,2,,WR,Madhya Pradesh
12909,Bandra Terminus- Hazrat Nizamuddin Garib Rath,KOTA,KOTA JN,03:50:00,03:55:00,2,,WCR,Rajasthan
12909,Bandra Terminus- Hazrat Nizamuddin Garib Rath,NZM,DELHI H NIZAMUDDIN,09:45:00,None,2,,NR,Delhi
14084,Sikkim Mahananda Express,GZB,GHAZIABAD,07:23:00,07:28:00,1,,NR,Uttar Pradesh
14084,Sikkim Mahananda Express,ALJN,ALIGARH JN,09:05:00,09:10:00,1,,NCR,Uttar Pradesh
14084,Sikkim Mahananda Express,TDL,TUNDLA JN,11:00:00,11:08:00,1,,NCR,Uttar Pradesh
14084,Sikkim Mahananda Express,CNB,KANPUR CENTRAL,15:12:00,15:20:00,1,,NCR,Uttar Pradesh
14084,Sikkim Mahananda Express,ALD,ALLAHABAD JN,17:55:00,18:05:00,1,,NCR,Uttar Pradesh
14084,Sikkim Mahananda Express,MGS,MUGHAL SARAI JN,21:00:00,21:20:00,1,,ECR,Uttar Pradesh
14084,Sikkim Mahananda Express,PNBE,PATNA JN,00:35:00,01:00:00,2,,ECR,Bihar
14084,Sikkim Mahananda Express,NJP,NEW JALPAIGURI,13:30:00,13:45:00,2,,NFR,West Bengal
14887-Slip,Kalka - Sriganganar Express (Slip),CDG,CHANDIGARH,22:15:00,22:25:00,1,,NR,Chandigarh
14887-Slip,Kalka - Sriganganar Express (Slip),UMB,AMBALA CANT JN,23:15:00,23:45:00,1,,NR,Haryana
12490,Dadar - Bikaner Express,ST,SURAT,18:25:00,18:30:00,1,,WR,Gujarat
12490,Dadar - Bikaner Express,BRC,VADODARA JN,20:25:00,20:30:00,1,,WR,Gujarat
12490,Dadar - Bikaner Express,ADI,AHMEDABAD JN,22:20:00,22:40:00,1,,WR,Gujarat
12490,Dadar - Bikaner Express,JU,JODHPUR JN,07:35:00,07:50:00,2,,NWR,Rajasthan
12490,Dadar - Bikaner Express,BKN,BIKANER JN,13:10:00,None,2,,NWR,Rajasthan
11013,Mumbai LTT-Coimbatore Express,KYN,KALYAN JN,23:13:00,23:18:00,1,,CR,Maharashtra
11013,Mumbai LTT-Coimbatore Express,PUNE,PUNE JN,01:50:00,01:55:00,2,,CR,Maharashtra
11013,Mumbai LTT-Coimbatore Express,SUR,SOLAPUR JN,06:25:00,06:35:00,2,,CR,Maharashtra
11013,Mumbai LTT-Coimbatore Express,GTL,GUNTAKAL JN,14:00:00,14:10:00,2,,SCR,Andhra Pradesh
11013,Mumbai LTT-Coimbatore Express,SBC,BANGALORE CITY JN,21:50:00,22:15:00,2,,SWR,Karnataka
11013,Mumbai LTT-Coimbatore Express,CBE,COIMBATORE JN,06:30:00,None,3,,SR,Tamil Nadu
12246,YESVANTPUR - HOWRAH AC Duronto Exp,VSKP,VISHAKAPATNAM,None,None,,,ECoR,Andhra Pradesh
12246,YESVANTPUR - HOWRAH AC Duronto Exp,BZA,VIJAYAWADA JN,22:17:00,22:17:00,1,,SCR,Andhra Pradesh
12246,YESVANTPUR - HOWRAH AC Duronto Exp,BBS,BHUBANESWAR,09:44:00,09:44:00,2,,ECoR,Odisha
12246,YESVANTPUR - HOWRAH AC Duronto Exp,CTC,CUTTACK,10:09:00,10:09:00,2,,ECoR,Odisha
12246,YESVANTPUR - HOWRAH AC Duronto Exp,HWH,HOWRAH JN,16:00:00,None,2,,ER,West Bengal
12446,Uttar Sampark Kranti Express,JAT,JAMMU TAWI,20:25:00,20:40:00,1,,NR,Jammu and Kashmir
12446,Uttar Sampark Kranti Express,LDH,LUDHIANA JN,01:00:00,01:15:00,2,,NR,Punjab
12446,Uttar Sampark Kranti Express,UMB,AMBALA CANT JN,02:55:00,03:05:00,2,,NR,Haryana
12446,Uttar Sampark Kranti Express,NDLS,NEW DELHI,06:10:00,None,2,,NR,Delhi
12547,Agra Fort Ahmedabad Tri Weekly Express,JP,JAIPUR,02:30:00,02:45:00,2,,NWR,Rajasthan
12547,Agra Fort Ahmedabad Tri Weekly Express,ADI,AHMEDABAD JN,13:35:00,None,2,,WR,Gujarat
15017,MUMBAI LTT - GORAKHPUR Kashi Exp,KYN,KALYAN JN,07:18:00,07:23:00,1,,CR,Maharashtra
15017,MUMBAI LTT - GORAKHPUR Kashi Exp,ET,ITARSI JN,21:10:00,21:20:00,1,,WCR,Madhya Pradesh
15017,MUMBAI LTT - GORAKHPUR Kashi Exp,JBP,JABALPUR,01:10:00,01:20:00,2,,WCR,Madhya Pradesh
15017,MUMBAI LTT - GORAKHPUR Kashi Exp,ALD,ALLAHABAD JN,08:10:00,08:35:00,2,,NCR,Uttar Pradesh
13157,KOLKATA CHITPUR - MUZAFFARPUR Tirhut Exp,BWN,BARDDHAMAN JN,23:21:00,23:26:00,1,,ER,West Bengal
13157,KOLKATA CHITPUR - MUZAFFARPUR Tirhut Exp,ASN,ASANSOL JN,01:00:00,01:20:00,2,,ER,West Bengal
13157,KOLKATA CHITPUR - MUZAFFARPUR Tirhut Exp,MFP,MUZAFFARPUR JN,09:15:00,None,2,,ECR,Bihar
12491,BARAUNI - JAMMU TAWI Maur Dhwaj Express,MFP,MUZAFFARPUR JN,None,07:00:00,1,,ECR,Bihar
12491,BARAUNI - JAMMU TAWI Maur Dhwaj Express,BE,BAREILLY,23:00:00,23:05:00,1,,NER,Uttar Pradesh
12491,BARAUNI - JAMMU TAWI Maur Dhwaj Express,MB,MORADABAD,00:35:00,00:45:00,2,,NR,Uttar Pradesh
12491,BARAUNI - JAMMU TAWI Maur Dhwaj Express,UMB,AMBALA CANT JN,05:05:00,05:10:00,2,,NR,Haryana
12491,BARAUNI - JAMMU TAWI Maur Dhwaj Express,LDH,LUDHIANA JN,06:42:00,06:52:00,2,,NR,Punjab
12491,BARAUNI - JAMMU TAWI Maur Dhwaj Express,JAT,JAMMU TAWI,11:50:00,None,2,,NR,Jammu and Kashmir
54304,Kalka Delhi Passenger,CDG,CHANDIGARH,07:50:00,08:00:00,1,,NR,Chandigarh
54304,Kalka Delhi Passenger,UMB,AMBALA CANT JN,09:10:00,09:30:00,1,,NR,Haryana
54304,Kalka Delhi Passenger,GZB,GHAZIABAD,18:48:00,18:50:00,1,,NR,Uttar Pradesh
14887,Kalka - Barmer Chandigarh Express,CDG,CHANDIGARH,22:15:00,22:25:00,1,,NR,Chandigarh
14887,Kalka - Barmer Chandigarh Express,UMB,AMBALA CANT JN,23:15:00,23:45:00,1,,NR,Haryana
14887,Kalka - Barmer Chandigarh Express,BKN,BIKANER JN,10:50:00,11:05:00,2,,NWR,Rajasthan
14887,Kalka - Barmer Chandigarh Express,JU,JODHPUR JN,15:55:00,16:10:00,2,,NWR,Rajasthan
14096,Himalayan Queen,CDG,CHANDIGARH,17:20:00,17:30:00,1,,NR,Chandigarh
14096,Himalayan Queen,UMB,AMBALA CANT JN,18:15:00,18:25:00,1,,NR,Haryana
25036,Ramnagar Delhi Link Express,MB,MORADABAD,11:30:00,12:20:00,1,,NR,Uttar Pradesh
25036,Ramnagar Delhi Link Express,GZB,GHAZIABAD,14:59:00,14:59:00,1,,NR,Uttar Pradesh
12565,Bihar Sampark Kranti Express,MFP,MUZAFFARPUR JN,10:35:00,10:40:00,1,,ECR,Bihar
12565,Bihar Sampark Kranti Express,LKO,LUCKNOW,20:55:00,21:20:00,1,,NER,Uttar Pradesh
12565,Bihar Sampark Kranti Express,CNB,KANPUR CENTRAL,22:48:00,22:58:00,1,,NCR,Uttar Pradesh
12565,Bihar Sampark Kranti Express,TDL,TUNDLA JN,02:24:00,02:24:00,2,,NCR,Uttar Pradesh
12565,Bihar Sampark Kranti Express,ALJN,ALIGARH JN,03:34:00,03:34:00,2,,NCR,Uttar Pradesh
12565,Bihar Sampark Kranti Express,GZB,GHAZIABAD,05:08:00,05:08:00,2,,NR,Uttar Pradesh
12565,Bihar Sampark Kranti Express,NDLS,NEW DELHI,05:30:00,None,2,,NR,Delhi
18241-Slip,Durg Ambikapur Express Slip,R,RAIPUR JN,20:50:00,21:00:00,1,,SECR,Chhattisgarh
18241-Slip,Durg Ambikapur Express Slip,BSP,BILASPUR JN,23:00:00,23:00:00,1,,SECR,Chhattisgarh
54532,Ambala Kalka Passenger,CDG,CHANDIGARH,13:35:00,13:50:00,1,,NR,Chandigarh
54532,Ambala Kalka Passenger,UMB,AMBALA CANT JN,14:55:00,None,1,,NR,Haryana
09561,Bandra Terminus Okha Weekly Special,ST,SURAT,04:55:00,05:00:00,2,,WR,Gujarat
09561,Bandra Terminus Okha Weekly Special,BRC,VADODARA JN,06:55:00,07:00:00,2,,WR,Gujarat
09561,Bandra Terminus Okha Weekly Special,ADI,AHMEDABAD JN,08:55:00,09:15:00,2,,WR,Gujarat
13246,Capital Express,PNBE,PATNA JN,22:35:00,22:45:00,1,,ECR,Bihar
13246,Capital Express,NJP,NEW JALPAIGURI,12:20:00,None,2,,NFR,West Bengal
11071,Kamayani Express,KYN,KALYAN JN,13:25:00,13:30:00,1,,CR,Maharashtra
11071,Kamayani Express,ET,ITARSI JN,00:20:00,00:30:00,2,,WCR,Madhya Pradesh
11071,Kamayani Express,BPL,BHOPAL JN,03:00:00,03:10:00,2,,WCR,Madhya Pradesh
11071,Kamayani Express,ALD,ALLAHABAD JN,15:30:00,16:05:00,2,,NCR,Uttar Pradesh
12853,DURG - BHOPAL Amarkantak SF Exp,R,RAIPUR JN,18:55:00,19:00:00,1,,SECR,Chhattisgarh
12853,DURG - BHOPAL Amarkantak SF Exp,BSP,BILASPUR JN,20:45:00,21:05:00,1,,SECR,Chhattisgarh
12853,DURG - BHOPAL Amarkantak SF Exp,JBP,JABALPUR,04:25:00,04:30:00,2,,WCR,Madhya Pradesh
12853,DURG - BHOPAL Amarkantak SF Exp,ET,ITARSI JN,08:25:00,08:35:00,2,,WCR,Madhya Pradesh
12853,DURG - BHOPAL Amarkantak SF Exp,BPL,BHOPAL JN,10:30:00,None,2,,WCR,Madhya Pradesh
12061,HabibGanj Bhopal-Jabalpur Jan Shatabdi,ET,ITARSI JN,19:10:00,19:20:00,1,,WCR,Madhya Pradesh
12061,HabibGanj Bhopal-Jabalpur Jan Shatabdi,JBP,JABALPUR,22:55:00,None,1,,WCR,Madhya Pradesh
51902,Delhi Agra Passenger,NDLS,NEW DELHI,07:05:00,07:07:00,1,,NR,Delhi
51902,Delhi Agra Passenger,NZM,DELHI H NIZAMUDDIN,07:31:00,07:32:00,1,,NR,Delhi
51902,Delhi Agra Passenger,AGC,AGRA CANTT,13:25:00,None,1,,NCR,Uttar Pradesh
18205,Durg -Nautanwa Express,R,RAIPUR JN,20:25:00,20:35:00,1,,SECR,Chhattisgarh
18205,Durg -Nautanwa Express,BSP,BILASPUR JN,22:20:00,22:40:00,1,,SECR,Chhattisgarh
18205,Durg -Nautanwa Express,ALD,ALLAHABAD JN,10:20:00,10:50:00,2,,NCR,Uttar Pradesh
12352,Danapur- Howrah Express,PNBE,PATNA JN,20:55:00,21:10:00,1,,ECR,Bihar
12352,Danapur- Howrah Express,ASN,ASANSOL JN,03:28:00,03:36:00,2,,ER,West Bengal
12352,Danapur- Howrah Express,BWN,BARDDHAMAN JN,05:10:00,05:14:00,2,,ER,West Bengal
12352,Danapur- Howrah Express,HWH,HOWRAH JN,06:35:00,None,2,,ER,West Bengal
11015,Kushinagar Express,KYN,KALYAN JN,23:25:00,23:30:00,1,,CR,Maharashtra
11015,Kushinagar Express,ET,ITARSI JN,11:50:00,12:00:00,2,,WCR,Madhya Pradesh
11015,Kushinagar Express,BPL,BHOPAL JN,13:55:00,14:00:00,2,,WCR,Madhya Pradesh
11015,Kushinagar Express,JHS,JHANSI JN,19:10:00,19:30:00,2,,NCR,Uttar Pradesh
11015,Kushinagar Express,CNB,KANPUR CENTRAL,00:10:00,00:20:00,3,,NCR,Uttar Pradesh
11015,Kushinagar Express,LKO,LUCKNOW,01:45:00,01:55:00,3,,NER,Uttar Pradesh
12144,Sultanpur-LTT Weekly SF Express,LKO,LUCKNOW,02:30:00,02:40:00,2,,NER,Uttar Pradesh
12144,Sultanpur-LTT Weekly SF Express,CNB,KANPUR CENTRAL,04:15:00,04:25:00,2,,NCR,Uttar Pradesh
12144,Sultanpur-LTT Weekly SF Express,JHS,JHANSI JN,10:15:00,10:35:00,2,,NCR,Uttar Pradesh
12144,Sultanpur-LTT Weekly SF Express,BPL,BHOPAL JN,14:50:00,14:55:00,2,,WCR,Madhya Pradesh
12144,Sultanpur-LTT Weekly SF Express,ET,ITARSI JN,16:12:00,16:12:00,2,,WCR,Madhya Pradesh
12144,Sultanpur-LTT Weekly SF Express,KYN,KALYAN JN,03:16:00,03:16:00,3,,CR,Maharashtra
11067,MUMBAI LTT - FAIZABAD Saket Exp,KYN,KALYAN JN,06:05:00,06:10:00,1,,CR,Maharashtra
11067,MUMBAI LTT - FAIZABAD Saket Exp,ET,ITARSI JN,17:00:00,17:10:00,1,,WCR,Madhya Pradesh
11067,MUMBAI LTT - FAIZABAD Saket Exp,JBP,JABALPUR,21:05:00,21:15:00,1,,WCR,Madhya Pradesh
11067,MUMBAI LTT - FAIZABAD Saket Exp,ALD,ALLAHABAD JN,03:50:00,04:15:00,2,,NCR,Uttar Pradesh
12154,Habibganj LTT Superfast Express,ET,ITARSI JN,19:55:00,20:00:00,1,,WCR,Madhya Pradesh
12154,Habibganj LTT Superfast Express,KYN,KALYAN JN,06:25:00,06:30:00,2,,CR,Maharashtra
12179,Lucknow Agra Intercity SF Express,CNB,KANPUR CENTRAL,17:25:00,17:30:00,1,,NCR,Uttar Pradesh
12179,Lucknow Agra Intercity SF Express,TDL,TUNDLA JN,20:33:00,20:35:00,1,,NCR,Uttar Pradesh
12179,Lucknow Agra Intercity SF Express,AGC,AGRA CANTT,21:35:00,None,1,,NCR,Uttar Pradesh
15021,Kolkata Shalimar-Gorakhpur Bhojpuri Express,TATA,TATANAGAR JN,00:05:00,00:10:00,2,,SER,Jharkhand
15021,Kolkata Shalimar-Gorakhpur Bhojpuri Express,GAYA,GAYA JN,07:00:00,07:05:00,2,,ECR,Bihar
15021,Kolkata Shalimar-Gorakhpur Bhojpuri Express,MGS,MUGHAL SARAI JN,10:25:00,10:45:00,2,,ECR,Uttar Pradesh
12216,Mumbai Bandra T. - Delhi Sarai Rohilla Garib Rath,ST,SURAT,16:03:00,16:06:00,1,,WR,Gujarat
12216,Mumbai Bandra T. - Delhi Sarai Rohilla Garib Rath,BRC,VADODARA JN,17:40:00,17:45:00,1,,WR,Gujarat
12216,Mumbai Bandra T. - Delhi Sarai Rohilla Garib Rath,ADI,AHMEDABAD JN,19:30:00,19:40:00,1,,WR,Gujarat
12216,Mumbai Bandra T. - Delhi Sarai Rohilla Garib Rath,JP,JAIPUR,07:10:00,07:20:00,2,,NWR,Rajasthan
25014,Corbett Park Link Express,JP,JAIPUR,None,None,,,NWR,Rajasthan
25014,Corbett Park Link Express,JU,JODHPUR JN,None,None,,,NWR,Rajasthan
25014,Corbett Park Link Express,MB,MORADABAD,23:35:00,00:30:00,1,,NR,Uttar Pradesh
25014,Corbett Park Link Express,GZB,GHAZIABAD,03:05:00,03:10:00,2,,NR,Uttar Pradesh
12705,Guntur-Secunderabad SF Intercity,BZA,VIJAYAWADA JN,15:50:00,16:00:00,1,,SCR,Andhra Pradesh
12705,Guntur-Secunderabad SF Intercity,SC,SECUNDERABAD JN,21:50:00,None,1,,SCR,Telangana
13287,DURG - RAJENDRA NAGAR South Bihar Exp,R,RAIPUR JN,07:45:00,07:55:00,1,,SECR,Chhattisgarh
13287,DURG - RAJENDRA NAGAR South Bihar Exp,BSP,BILASPUR JN,09:45:00,09:55:00,1,,SECR,Chhattisgarh
13287,DURG - RAJENDRA NAGAR South Bihar Exp,ROU,ROURKELA,15:10:00,15:25:00,1,,SER,Odisha
13287,DURG - RAJENDRA NAGAR South Bihar Exp,TATA,TATANAGAR JN,18:35:00,19:15:00,1,,SER,Jharkhand
13287,DURG - RAJENDRA NAGAR South Bihar Exp,ASN,ASANSOL JN,00:05:00,00:30:00,2,,ER,West Bengal
15160,Sarnath Express,R,RAIPUR JN,21:15:00,21:25:00,1,,SECR,Chhattisgarh
15160,Sarnath Express,BSP,BILASPUR JN,23:20:00,23:40:00,1,,SECR,Chhattisgarh
15160,Sarnath Express,ALD,ALLAHABAD JN,12:15:00,12:55:00,2,,NCR,Uttar Pradesh
15905,KANNIYAKUMARI - DIBRUGARH Vivek Exp,VSKP,VISHAKAPATNAM,None,None,,,ECoR,Andhra Pradesh
15905,KANNIYAKUMARI - DIBRUGARH Vivek Exp,TVC,TRIVANDRUM CENTRAL,15:55:00,16:05:00,1,,SR,Kerala
15905,KANNIYAKUMARI - DIBRUGARH Vivek Exp,CBE,COIMBATORE JN,01:40:00,01:45:00,2,,SR,Tamil Nadu
15905,KANNIYAKUMARI - DIBRUGARH Vivek Exp,BZA,VIJAYAWADA JN,16:00:00,16:20:00,2,,SCR,Andhra Pradesh
15905,KANNIYAKUMARI - DIBRUGARH Vivek Exp,BBS,BHUBANESWAR,07:40:00,07:45:00,3,,ECoR,Odisha
15905,KANNIYAKUMARI - DIBRUGARH Vivek Exp,CTC,CUTTACK,08:10:00,08:15:00,3,,ECoR,Odisha
15905,KANNIYAKUMARI - DIBRUGARH Vivek Exp,ASN,ASANSOL JN,16:15:00,16:25:00,3,,ER,West Bengal
15905,KANNIYAKUMARI - DIBRUGARH Vivek Exp,NJP,NEW JALPAIGURI,03:25:00,03:40:00,4,,NFR,West Bengal
15905,KANNIYAKUMARI - DIBRUGARH Vivek Exp,GHY,GUWAHATI,13:45:00,14:00:00,4,,NFR,Assam
15905,KANNIYAKUMARI - DIBRUGARH Vivek Exp,DBRG,DIBRUGARH,03:30:00,None,5,,NFR,Assam
14796,Ekta Express,CDG,CHANDIGARH,17:20:00,17:30:00,1,,NR,Chandigarh
14796,Ekta Express,UMB,AMBALA CANT JN,18:15:00,18:25:00,1,,NR,Haryana
12619,MUMBAI LTT - MANGALORE CENT Matsyagandha Exp,PNVL,PANVEL,16:20:00,16:25:00,1,,CR,Maharashtra
12619,MUMBAI LTT - MANGALORE CENT Matsyagandha Exp,MAO,MADGAON,01:25:00,01:35:00,2,,KR,Goa
12619,MUMBAI LTT - MANGALORE CENT Matsyagandha Exp,MAQ,MANGALORE CNTL,07:30:00,None,2,,SR,Karnataka
15233,KOLKATA CHITPUR - DARBHANGA Maithili Exp,BWN,BARDDHAMAN JN,12:16:00,12:21:00,1,,ER,West Bengal
15233,KOLKATA CHITPUR - DARBHANGA Maithili Exp,ASN,ASANSOL JN,14:11:00,14:21:00,1,,ER,West Bengal
12978,AJMER - ERNAKULAM Marusagar Exp,JP,JAIPUR,09:45:00,10:00:00,1,,NWR,Rajasthan
12978,AJMER - ERNAKULAM Marusagar Exp,KOTA,KOTA JN,13:35:00,13:45:00,1,,WCR,Rajasthan
12978,AJMER - ERNAKULAM Marusagar Exp,RTM,RATLAM JN,17:30:00,17:50:00,1,,WR,Madhya Pradesh
12978,AJMER - ERNAKULAM Marusagar Exp,BRC,VADODARA JN,22:00:00,22:10:00,1,,WR,Gujarat
12978,AJMER - ERNAKULAM Marusagar Exp,ST,SURAT,00:01:00,00:06:00,2,,WR,Gujarat
12978,AJMER - ERNAKULAM Marusagar Exp,PNVL,PANVEL,05:05:00,05:10:00,2,,CR,Maharashtra
12978,AJMER - ERNAKULAM Marusagar Exp,MAO,MADGAON,13:15:00,13:25:00,2,,KR,Goa
12978,AJMER - ERNAKULAM Marusagar Exp,ERS,ERNAKULAM JN,04:20:00,None,3,,SR,Kerala
12480,MUMBAI BANDRA - JODHPUR Suryanagari SF Exp,ST,SURAT,17:23:00,17:28:00,1,,WR,Gujarat
12480,MUMBAI BANDRA - JODHPUR Suryanagari SF Exp,BRC,VADODARA JN,19:20:00,19:25:00,1,,WR,Gujarat
12480,MUMBAI BANDRA - JODHPUR Suryanagari SF Exp,ADI,AHMEDABAD JN,21:15:00,21:35:00,1,,WR,Gujarat
12480,MUMBAI BANDRA - JODHPUR Suryanagari SF Exp,JU,JODHPUR JN,06:30:00,None,2,,NWR,Rajasthan
12237,Varanasi-Jammu Tawi SF Express,LKO,LUCKNOW,18:05:00,18:15:00,1,,NER,Uttar Pradesh
12237,Varanasi-Jammu Tawi SF Express,BE,BAREILLY,21:47:00,21:47:00,1,,NER,Uttar Pradesh
12237,Varanasi-Jammu Tawi SF Express,MB,MORADABAD,23:05:00,23:15:00,1,,NR,Uttar Pradesh
12237,Varanasi-Jammu Tawi SF Express,UMB,AMBALA CANT JN,04:10:00,04:20:00,2,,NR,Haryana
12237,Varanasi-Jammu Tawi SF Express,LDH,LUDHIANA JN,06:27:00,06:37:00,2,,NR,Punjab
12237,Varanasi-Jammu Tawi SF Express,JAT,JAMMU TAWI,11:25:00,None,2,,NR,Jammu and Kashmir
12533,Pushpak Express,CNB,KANPUR CENTRAL,21:20:00,21:32:00,1,,NCR,Uttar Pradesh
12533,Pushpak Express,JHS,JHANSI JN,01:30:00,01:50:00,2,,NCR,Uttar Pradesh
12533,Pushpak Express,BPL,BHOPAL JN,06:00:00,06:10:00,2,,WCR,Madhya Pradesh
12533,Pushpak Express,ET,ITARSI JN,07:45:00,07:50:00,2,,WCR,Madhya Pradesh
12533,Pushpak Express,KYN,KALYAN JN,18:40:00,18:45:00,2,,CR,Maharashtra
12533,Pushpak Express,DR,MUMBAI DADAR CENTRAL,19:38:00,19:40:00,2,,CR,Maharashtra
12533,Pushpak Express,CSTM,MUMBAI CST,20:05:00,None,2,,CR,Maharashtra
15280,Poorabiya Express,GZB,GHAZIABAD,17:42:00,17:50:00,1,,NR,Uttar Pradesh
15280,Poorabiya Express,MB,MORADABAD,20:25:00,20:35:00,1,,NR,Uttar Pradesh
15280,Poorabiya Express,BE,BAREILLY,22:10:00,22:15:00,1,,NER,Uttar Pradesh
15280,Poorabiya Express,LKO,LUCKNOW,02:05:00,02:15:00,2,,NER,Uttar Pradesh
54022,Tilak Bridge Delhi Bulandshahr Passenger,NDLS,NEW DELHI,18:25:00,18:27:00,1,,NR,Delhi
54022,Tilak Bridge Delhi Bulandshahr Passenger,GZB,GHAZIABAD,19:35:00,19:37:00,1,,NR,Uttar Pradesh
19604,Sultanpur Ajmer Express,LKO,LUCKNOW,21:05:00,21:15:00,1,,NER,Uttar Pradesh
19604,Sultanpur Ajmer Express,BE,BAREILLY,01:00:00,01:05:00,2,,NER,Uttar Pradesh
19604,Sultanpur Ajmer Express,MB,MORADABAD,02:50:00,03:00:00,2,,NR,Uttar Pradesh
19604,Sultanpur Ajmer Express,GZB,GHAZIABAD,06:01:00,06:01:00,2,,NR,Uttar Pradesh
19604,Sultanpur Ajmer Express,JP,JAIPUR,11:45:00,11:55:00,2,,NWR,Rajasthan
12338,Shantiniketan Express,BWN,BARDDHAMAN JN,14:07:00,14:09:00,1,,ER,West Bengal
12338,Shantiniketan Express,HWH,HOWRAH JN,15:40:00,None,1,,ER,West Bengal
12988,Ajmer Sealdah Express,JP,JAIPUR,14:45:00,15:00:00,1,,NWR,Rajasthan
12988,Ajmer Sealdah Express,TDL,TUNDLA JN,20:45:00,20:50:00,1,,NCR,Uttar Pradesh
12988,Ajmer Sealdah Express,CNB,KANPUR CENTRAL,23:45:00,23:53:00,1,,NCR,Uttar Pradesh
12988,Ajmer Sealdah Express,ALD,ALLAHABAD JN,02:28:00,02:43:00,2,,NCR,Uttar Pradesh
12988,Ajmer Sealdah Express,MGS,MUGHAL SARAI JN,04:55:00,05:15:00,2,,ECR,Uttar Pradesh
12988,Ajmer Sealdah Express,GAYA,GAYA JN,07:43:00,07:48:00,2,,ECR,Bihar
12988,Ajmer Sealdah Express,DHN,DHANBAD JN,11:05:00,11:15:00,2,,ECR,Jharkhand
12988,Ajmer Sealdah Express,ASN,ASANSOL JN,12:10:00,12:15:00,2,,ER,West Bengal
12988,Ajmer Sealdah Express,BWN,BARDDHAMAN JN,13:49:00,13:52:00,2,,ER,West Bengal
12988,Ajmer Sealdah Express,SDAH,KOLKATA SEALDAH,15:55:00,None,2,,ER,West Bengal
12529,Bhopal-Jabalpur Intercity Express,ET,ITARSI JN,07:05:00,07:15:00,1,,WCR,Madhya Pradesh
12529,Bhopal-Jabalpur Intercity Express,JBP,JABALPUR,10:50:00,None,1,,WCR,Madhya Pradesh
12328,Upasana Express,MB,MORADABAD,03:05:00,03:15:00,2,,NR,Uttar Pradesh
12328,Upasana Express,BE,BAREILLY,04:35:00,04:40:00,2,,NER,Uttar Pradesh
12328,Upasana Express,LKO,LUCKNOW,08:50:00,09:00:00,2,,NER,Uttar Pradesh
12328,Upasana Express,MGS,MUGHAL SARAI JN,14:10:00,14:30:00,2,,ECR,Uttar Pradesh
12328,Upasana Express,PNBE,PATNA JN,17:50:00,18:00:00,2,,ECR,Bihar
12328,Upasana Express,ASN,ASANSOL JN,00:02:00,00:07:00,3,,ER,West Bengal
12328,Upasana Express,BWN,BARDDHAMAN JN,01:48:00,01:48:00,3,,ER,West Bengal
12328,Upasana Express,HWH,HOWRAH JN,03:15:00,None,3,,ER,West Bengal
12161,Lashkar Superfast Express,KYN,KALYAN JN,17:05:00,17:10:00,1,,CR,Maharashtra
12161,Lashkar Superfast Express,ET,ITARSI JN,03:40:00,03:45:00,2,,WCR,Madhya Pradesh
12161,Lashkar Superfast Express,BPL,BHOPAL JN,05:35:00,05:40:00,2,,WCR,Madhya Pradesh
12161,Lashkar Superfast Express,JHS,JHANSI JN,09:30:00,09:40:00,2,,NCR,Uttar Pradesh
12161,Lashkar Superfast Express,GWL,GWALIOR JN,11:02:00,11:07:00,2,,NCR,Madhya Pradesh
12161,Lashkar Superfast Express,AGC,AGRA CANTT,12:55:00,None,2,,NCR,Uttar Pradesh
12251,Wainganga express,GTL,GUNTAKAL JN,04:48:00,04:48:00,2,,SCR,Andhra Pradesh
12251,Wainganga express,R,RAIPUR JN,00:25:00,00:35:00,3,,SECR,Chhattisgarh
12251,Wainganga express,BSP,BILASPUR JN,02:25:00,02:40:00,3,,SECR,Chhattisgarh
12172,Haridwar-Mumbai LTT AC Express,GZB,GHAZIABAD,22:53:00,22:53:00,1,,NR,Uttar Pradesh
12172,Haridwar-Mumbai LTT AC Express,NZM,DELHI H NIZAMUDDIN,23:30:00,00:10:00,1,,NR,Delhi
12172,Haridwar-Mumbai LTT AC Express,AGC,AGRA CANTT,03:05:00,03:10:00,2,,NCR,Uttar Pradesh
12172,Haridwar-Mumbai LTT AC Express,GWL,GWALIOR JN,04:36:00,04:36:00,2,,NCR,Madhya Pradesh
12172,Haridwar-Mumbai LTT AC Express,JHS,JHANSI JN,05:45:00,06:05:00,2,,NCR,Uttar Pradesh
12172,Haridwar-Mumbai LTT AC Express,BPL,BHOPAL JN,10:25:00,10:35:00,2,,WCR,Madhya Pradesh
12172,Haridwar-Mumbai LTT AC Express,ET,ITARSI JN,12:01:00,12:01:00,2,,WCR,Madhya Pradesh
12172,Haridwar-Mumbai LTT AC Express,KYN,KALYAN JN,22:58:00,23:00:00,2,,CR,Maharashtra
12184,Pratapgarh-Bhopal Express,LKO,LUCKNOW,22:35:00,22:35:00,1,,NER,Uttar Pradesh
12184,Pratapgarh-Bhopal Express,CNB,KANPUR CENTRAL,00:12:00,00:20:00,2,,NCR,Uttar Pradesh
12184,Pratapgarh-Bhopal Express,JHS,JHANSI JN,03:40:00,04:00:00,2,,NCR,Uttar Pradesh
12184,Pratapgarh-Bhopal Express,BPL,BHOPAL JN,08:50:00,None,2,,WCR,Madhya Pradesh
12649,Karnataka Sampark Kranti Express,NGP,NAGPUR,17:05:00,17:15:00,2,,SECR,Maharashtra
12649,Karnataka Sampark Kranti Express,ET,ITARSI JN,21:45:00,21:45:00,2,,WCR,Madhya Pradesh
12649,Karnataka Sampark Kranti Express,BPL,BHOPAL JN,23:05:00,23:15:00,2,,WCR,Madhya Pradesh
12649,Karnataka Sampark Kranti Express,JHS,JHANSI JN,02:50:00,03:00:00,3,,NCR,Uttar Pradesh
12649,Karnataka Sampark Kranti Express,GWL,GWALIOR JN,04:32:00,04:32:00,3,,NCR,Madhya Pradesh
12649,Karnataka Sampark Kranti Express,AGC,AGRA CANTT,06:23:00,06:23:00,3,,NCR,Uttar Pradesh
12649,Karnataka Sampark Kranti Express,NZM,DELHI H NIZAMUDDIN,09:15:00,None,3,,NR,Delhi
14209,Vindhyachal-Lucknow InterCity,ALD,ALLAHABAD JN,15:00:00,15:20:00,1,,NCR,Uttar Pradesh
14209,Vindhyachal-Lucknow InterCity,LKO,LUCKNOW,19:40:00,None,1,,NER,Uttar Pradesh
12998,Hapa-Tirunelveli Express,ADI,AHMEDABAD JN,03:10:00,03:20:00,2,,WR,Gujarat
12998,Hapa-Tirunelveli Express,BRC,VADODARA JN,05:10:00,05:20:00,2,,WR,Gujarat
12998,Hapa-Tirunelveli Express,ST,SURAT,07:40:00,07:43:00,2,,WR,Gujarat
12998,Hapa-Tirunelveli Express,PNVL,PANVEL,12:25:00,12:30:00,2,,CR,Maharashtra
12998,Hapa-Tirunelveli Express,MAO,MADGAON,20:55:00,21:05:00,2,,KR,Goa
12998,Hapa-Tirunelveli Express,ERS,ERNAKULAM JN,10:10:00,10:20:00,3,,SR,Kerala
12998,Hapa-Tirunelveli Express,TVC,TRIVANDRUM CENTRAL,14:20:00,14:25:00,3,,SR,Kerala
15049,Poorvanchal Express,BWN,BARDDHAMAN JN,16:52:00,16:54:00,1,,ER,West Bengal
15049,Poorvanchal Express,ASN,ASANSOL JN,18:20:00,18:25:00,1,,ER,West Bengal
12983,Ajmer-Chandigarh GaribRath Express,JP,JAIPUR,20:00:00,20:10:00,1,,NWR,Rajasthan
12983,Ajmer-Chandigarh GaribRath Express,UMB,AMBALA CANT JN,05:45:00,05:55:00,2,,NR,Haryana
12983,Ajmer-Chandigarh GaribRath Express,CDG,CHANDIGARH,06:40:00,None,2,,NR,Chandigarh
12194,Partapgarh Bhopal SuperFast Express,LKO,LUCKNOW,22:35:00,22:45:00,1,,NER,Uttar Pradesh
12194,Partapgarh Bhopal SuperFast Express,CNB,KANPUR CENTRAL,00:12:00,00:20:00,2,,NCR,Uttar Pradesh
12194,Partapgarh Bhopal SuperFast Express,JHS,JHANSI JN,03:40:00,04:00:00,2,,NCR,Uttar Pradesh
12194,Partapgarh Bhopal SuperFast Express,BPL,BHOPAL JN,08:50:00,None,2,,WCR,Madhya Pradesh
15051,Poorvanchal Express,BWN,BARDDHAMAN JN,16:52:00,16:54:00,1,,ER,West Bengal
15051,Poorvanchal Express,ASN,ASANSOL JN,18:20:00,18:25:00,1,,ER,West Bengal
15051,Poorvanchal Express,MFP,MUZAFFARPUR JN,01:20:00,01:30:00,2,,ECR,Bihar
12912,Haridwar Valsad Superfast Express,GZB,GHAZIABAD,22:22:00,22:24:00,1,,NR,Uttar Pradesh
12912,Haridwar Valsad Superfast Express,NZM,DELHI H NIZAMUDDIN,23:30:00,23:55:00,1,,NR,Delhi
12912,Haridwar Valsad Superfast Express,KOTA,KOTA JN,06:10:00,06:20:00,2,,WCR,Rajasthan
12912,Haridwar Valsad Superfast Express,RTM,RATLAM JN,10:20:00,10:40:00,2,,WR,Madhya Pradesh
12912,Haridwar Valsad Superfast Express,BRC,VADODARA JN,14:30:00,14:40:00,2,,WR,Gujarat
12912,Haridwar Valsad Superfast Express,ST,SURAT,16:35:00,16:40:00,2,,WR,Gujarat
13040,Janata Express,GZB,GHAZIABAD,16:25:00,16:27:00,1,,NR,Uttar Pradesh
13040,Janata Express,ALJN,ALIGARH JN,20:00:00,20:05:00,1,,NCR,Uttar Pradesh
13040,Janata Express,TDL,TUNDLA JN,21:40:00,21:45:00,1,,NCR,Uttar Pradesh
13040,Janata Express,CNB,KANPUR CENTRAL,03:45:00,03:55:00,2,,NCR,Uttar Pradesh
13040,Janata Express,ALD,ALLAHABAD JN,07:40:00,07:50:00,2,,NCR,Uttar Pradesh
13040,Janata Express,MGS,MUGHAL SARAI JN,12:00:00,12:15:00,2,,ECR,Uttar Pradesh
13040,Janata Express,PNBE,PATNA JN,17:10:00,17:20:00,2,,ECR,Bihar
13040,Janata Express,ASN,ASANSOL JN,01:08:00,01:18:00,3,,ER,West Bengal
13040,Janata Express,BWN,BARDDHAMAN JN,03:22:00,03:27:00,3,,ER,West Bengal
13040,Janata Express,HWH,HOWRAH JN,06:05:00,None,3,,ER,West Bengal
16532,Garib Nawaz Express,GTL,GUNTAKAL JN,23:50:00,23:55:00,1,,SCR,Andhra Pradesh
16532,Garib Nawaz Express,UBL,HUBLI JN,06:25:00,06:35:00,2,,SWR,Karnataka
16532,Garib Nawaz Express,PUNE,PUNE JN,18:40:00,18:50:00,2,,CR,Maharashtra
16532,Garib Nawaz Express,KYN,KALYAN JN,21:40:00,21:45:00,2,,CR,Maharashtra
16532,Garib Nawaz Express,ST,SURAT,03:10:00,03:20:00,3,,WR,Gujarat
16532,Garib Nawaz Express,BRC,VADODARA JN,05:15:00,05:25:00,3,,WR,Gujarat
16532,Garib Nawaz Express,ADI,AHMEDABAD JN,07:15:00,07:40:00,3,,WR,Gujarat
17239,Simhadri Express,BZA,VIJAYAWADA JN,09:05:00,09:30:00,1,,SCR,Andhra Pradesh
17239,Simhadri Express,VSKP,VISHAKAPATNAM,17:50:00,None,1,,ECoR,Andhra Pradesh
17017,Rajkot Secunderabad Express,ADI,AHMEDABAD JN,09:40:00,10:00:00,1,,WR,Gujarat
17017,Rajkot Secunderabad Express,BRC,VADODARA JN,12:05:00,12:15:00,1,,WR,Gujarat
17017,Rajkot Secunderabad Express,ST,SURAT,14:20:00,14:30:00,1,,WR,Gujarat
17017,Rajkot Secunderabad Express,KYN,KALYAN JN,19:40:00,19:45:00,1,,CR,Maharashtra
17017,Rajkot Secunderabad Express,PUNE,PUNE JN,22:25:00,22:30:00,1,,CR,Maharashtra
17017,Rajkot Secunderabad Express,SUR,SOLAPUR JN,02:50:00,03:00:00,2,,CR,Maharashtra
17017,Rajkot Secunderabad Express,SC,SECUNDERABAD JN,10:30:00,None,2,,SCR,Telangana
18510,Nanded-Visakhapatnam Express,NZB,NIZAMABAD,18:10:00,18:15:00,1,,SCR,Andhra Pradesh
18510,Nanded-Visakhapatnam Express,SC,SECUNDERABAD JN,21:10:00,21:30:00,1,,SCR,Telangana
18510,Nanded-Visakhapatnam Express,BZA,VIJAYAWADA JN,03:35:00,03:55:00,2,,SCR,Andhra Pradesh
18510,Nanded-Visakhapatnam Express,VSKP,VISHAKAPATNAM,10:15:00,None,2,,ECoR,Andhra Pradesh
18310,Nagavali Express,NZB,NIZAMABAD,18:10:00,18:15:00,1,,SCR,Andhra Pradesh
18310,Nagavali Express,SC,SECUNDERABAD JN,21:10:00,21:30:00,1,,SCR,Telangana
18310,Nagavali Express,BZA,VIJAYAWADA JN,03:35:00,03:55:00,2,,SCR,Andhra Pradesh
18310,Nagavali Express,VSKP,VISHAKAPATNAM,10:15:00,10:35:00,2,,ECoR,Andhra Pradesh
13151,Kolkata Chitpur-JammuTawi Express,BWN,BARDDHAMAN JN,13:30:00,13:40:00,1,,ER,West Bengal
13151,Kolkata Chitpur-JammuTawi Express,ASN,ASANSOL JN,15:35:00,15:40:00,1,,ER,West Bengal
13151,Kolkata Chitpur-JammuTawi Express,DHN,DHANBAD JN,16:50:00,16:57:00,1,,ECR,Jharkhand
13151,Kolkata Chitpur-JammuTawi Express,GAYA,GAYA JN,21:05:00,21:15:00,1,,ECR,Bihar
13151,Kolkata Chitpur-JammuTawi Express,MGS,MUGHAL SARAI JN,01:35:00,01:55:00,2,,ECR,Uttar Pradesh
13151,Kolkata Chitpur-JammuTawi Express,LKO,LUCKNOW,10:25:00,10:40:00,2,,NER,Uttar Pradesh
13151,Kolkata Chitpur-JammuTawi Express,BE,BAREILLY,15:10:00,15:15:00,2,,NER,Uttar Pradesh
13151,Kolkata Chitpur-JammuTawi Express,MB,MORADABAD,17:00:00,17:10:00,2,,NR,Uttar Pradesh
13151,Kolkata Chitpur-JammuTawi Express,UMB,AMBALA CANT JN,23:00:00,23:10:00,2,,NR,Haryana
13151,Kolkata Chitpur-JammuTawi Express,LDH,LUDHIANA JN,01:55:00,02:05:00,3,,NR,Punjab
13151,Kolkata Chitpur-JammuTawi Express,JAT,JAMMU TAWI,08:30:00,None,3,,NR,Jammu and Kashmir
19166,Sabarmati Express,MFP,MUZAFFARPUR JN,06:50:00,07:00:00,1,,ECR,Bihar
19166,Sabarmati Express,LKO,LUCKNOW,23:15:00,23:25:00,1,,NER,Uttar Pradesh
19166,Sabarmati Express,CNB,KANPUR CENTRAL,01:02:00,01:10:00,2,,NCR,Uttar Pradesh
19166,Sabarmati Express,JHS,JHANSI JN,05:30:00,05:45:00,2,,NCR,Uttar Pradesh
19166,Sabarmati Express,RTM,RATLAM JN,20:35:00,20:50:00,2,,WR,Madhya Pradesh
19166,Sabarmati Express,BRC,VADODARA JN,01:25:00,01:55:00,3,,WR,Gujarat
19166,Sabarmati Express,ADI,AHMEDABAD JN,04:00:00,None,3,,WR,Gujarat
53522,Varanasi-Asansol Passenger,MGS,MUGHAL SARAI JN,05:20:00,05:40:00,1,,ECR,Uttar Pradesh
53522,Varanasi-Asansol Passenger,GAYA,GAYA JN,11:45:00,11:55:00,1,,ECR,Bihar
53522,Varanasi-Asansol Passenger,DHN,DHANBAD JN,19:05:00,19:15:00,1,,ECR,Jharkhand
53522,Varanasi-Asansol Passenger,ASN,ASANSOL JN,21:00:00,None,1,,ER,West Bengal
14682,Jalandhar NDLS Express,LDH,LUDHIANA JN,05:25:00,05:35:00,1,,NR,Punjab
14682,Jalandhar NDLS Express,UMB,AMBALA CANT JN,07:35:00,07:45:00,1,,NR,Haryana
14682,Jalandhar NDLS Express,GZB,GHAZIABAD,11:58:00,12:00:00,1,,NR,Uttar Pradesh
14682,Jalandhar NDLS Express,NDLS,NEW DELHI,12:50:00,None,1,,NR,Delhi
63544,Gomoh Asansol Passenger MEMU,DHN,DHANBAD JN,21:45:00,21:49:00,1,,ECR,Jharkhand
63544,Gomoh Asansol Passenger MEMU,ASN,ASANSOL JN,23:00:00,None,1,,ER,West Bengal
15267,RAXAUL - MUMBAI LTT Jan Sadharan Exp,MFP,MUZAFFARPUR JN,19:45:00,20:05:00,1,,ECR,Bihar
15267,RAXAUL - MUMBAI LTT Jan Sadharan Exp,ALD,ALLAHABAD JN,07:25:00,07:48:00,2,,NCR,Uttar Pradesh
15267,RAXAUL - MUMBAI LTT Jan Sadharan Exp,JBP,JABALPUR,13:45:00,13:55:00,2,,WCR,Madhya Pradesh
15267,RAXAUL - MUMBAI LTT Jan Sadharan Exp,ET,ITARSI JN,17:20:00,17:20:00,2,,WCR,Madhya Pradesh
15267,RAXAUL - MUMBAI LTT Jan Sadharan Exp,KYN,KALYAN JN,05:05:00,05:10:00,3,,CR,Maharashtra
12166,VARANASI - MUMBAI LTT Ratnagiri SF Exp,ALD,ALLAHABAD JN,23:00:00,23:32:00,1,,NCR,Uttar Pradesh
12166,VARANASI - MUMBAI LTT Ratnagiri SF Exp,JBP,JABALPUR,05:05:00,05:15:00,2,,WCR,Madhya Pradesh
12166,VARANASI - MUMBAI LTT Ratnagiri SF Exp,ET,ITARSI JN,08:55:00,09:05:00,2,,WCR,Madhya Pradesh
12166,VARANASI - MUMBAI LTT Ratnagiri SF Exp,KYN,KALYAN JN,20:30:00,20:35:00,2,,CR,Maharashtra
19065,MUMBAI BANDRA - BHAGAT KI KOTHI Exp,ST,SURAT,03:50:00,03:55:00,2,,WR,Gujarat
19065,MUMBAI BANDRA - BHAGAT KI KOTHI Exp,BRC,VADODARA JN,05:46:00,05:51:00,2,,WR,Gujarat
19065,MUMBAI BANDRA - BHAGAT KI KOTHI Exp,ADI,AHMEDABAD JN,07:45:00,08:05:00,2,,WR,Gujarat
12897,Puducherry-Bhubaneswar Express,MS,CHENNAI EGMORE,22:10:00,22:30:00,1,,SR,Tamil Nadu
12897,Puducherry-Bhubaneswar Express,BZA,VIJAYAWADA JN,05:30:00,05:40:00,2,,SCR,Andhra Pradesh
12897,Puducherry-Bhubaneswar Express,VSKP,VISHAKAPATNAM,11:45:00,12:05:00,2,,ECoR,Andhra Pradesh
12897,Puducherry-Bhubaneswar Express,BBS,BHUBANESWAR,18:45:00,None,2,,ECoR,Odisha
11068,FAIZABAD - MUMBAI LTT Saket Exp,ALD,ALLAHABAD JN,20:35:00,21:08:00,1,,NCR,Uttar Pradesh
11068,FAIZABAD - MUMBAI LTT Saket Exp,JBP,JABALPUR,03:05:00,03:15:00,2,,WCR,Madhya Pradesh
11068,FAIZABAD - MUMBAI LTT Saket Exp,ET,ITARSI JN,07:50:00,08:05:00,2,,WCR,Madhya Pradesh
11068,FAIZABAD - MUMBAI LTT Saket Exp,KYN,KALYAN JN,20:30:00,20:35:00,2,,CR,Maharashtra
12182,AJMER - JABALPUR Dayodaya Express,JP,JAIPUR,None,17:25:00,1,,NWR,Rajasthan
12182,AJMER - JABALPUR Dayodaya Express,KOTA,KOTA JN,21:05:00,21:25:00,1,,WCR,Rajasthan
12182,AJMER - JABALPUR Dayodaya Express,JBP,JABALPUR,09:05:00,None,2,,WCR,Madhya Pradesh
12439,RANCHI - NEW DELHI Rajdhani Exp,GAYA,GAYA JN,23:29:00,23:32:00,1,,ECR,Bihar
12439,RANCHI - NEW DELHI Rajdhani Exp,MGS,MUGHAL SARAI JN,01:50:00,02:00:00,2,,ECR,Uttar Pradesh
12439,RANCHI - NEW DELHI Rajdhani Exp,ALD,ALLAHABAD JN,03:40:00,03:40:00,2,,NCR,Uttar Pradesh
12439,RANCHI - NEW DELHI Rajdhani Exp,CNB,KANPUR CENTRAL,05:45:00,05:50:00,2,,NCR,Uttar Pradesh
12439,RANCHI - NEW DELHI Rajdhani Exp,TDL,TUNDLA JN,08:30:00,08:30:00,2,,NCR,Uttar Pradesh
12439,RANCHI - NEW DELHI Rajdhani Exp,ALJN,ALIGARH JN,09:24:00,09:24:00,2,,NCR,Uttar Pradesh
12439,RANCHI - NEW DELHI Rajdhani Exp,GZB,GHAZIABAD,10:37:00,10:37:00,2,,NR,Uttar Pradesh
12439,RANCHI - NEW DELHI Rajdhani Exp,NDLS,NEW DELHI,10:50:00,None,2,,NR,Delhi
12496,KOLKATA CHITPUR - BIKANER Pratap Exp,ASN,ASANSOL JN,01:45:00,01:50:00,2,,ER,West Bengal
12496,KOLKATA CHITPUR - BIKANER Pratap Exp,DHN,DHANBAD JN,02:50:00,03:00:00,2,,ECR,Jharkhand
12496,KOLKATA CHITPUR - BIKANER Pratap Exp,GAYA,GAYA JN,05:50:00,05:55:00,2,,ECR,Bihar
12496,KOLKATA CHITPUR - BIKANER Pratap Exp,MGS,MUGHAL SARAI JN,08:55:00,09:15:00,2,,ECR,Uttar Pradesh
12496,KOLKATA CHITPUR - BIKANER Pratap Exp,ALD,ALLAHABAD JN,11:30:00,11:35:00,2,,NCR,Uttar Pradesh
12496,KOLKATA CHITPUR - BIKANER Pratap Exp,CNB,KANPUR CENTRAL,14:00:00,14:15:00,2,,NCR,Uttar Pradesh
12496,KOLKATA CHITPUR - BIKANER Pratap Exp,TDL,TUNDLA JN,17:25:00,17:30:00,2,,NCR,Uttar Pradesh
12496,KOLKATA CHITPUR - BIKANER Pratap Exp,JP,JAIPUR,23:10:00,23:20:00,2,,NWR,Rajasthan
12496,KOLKATA CHITPUR - BIKANER Pratap Exp,BKN,BIKANER JN,05:40:00,None,3,,NWR,Rajasthan
16613,RAJKOT - COIMBATORE Exp,ADI,AHMEDABAD JN,09:40:00,10:00:00,1,,WR,Gujarat
16613,RAJKOT - COIMBATORE Exp,BRC,VADODARA JN,12:05:00,12:15:00,1,,WR,Gujarat
16613,RAJKOT - COIMBATORE Exp,ST,SURAT,14:20:00,14:30:00,1,,WR,Gujarat
16613,RAJKOT - COIMBATORE Exp,KYN,KALYAN JN,19:40:00,19:45:00,1,,CR,Maharashtra
16613,RAJKOT - COIMBATORE Exp,PUNE,PUNE JN,22:25:00,22:30:00,1,,CR,Maharashtra
16613,RAJKOT - COIMBATORE Exp,SUR,SOLAPUR JN,02:50:00,03:00:00,2,,CR,Maharashtra
16613,RAJKOT - COIMBATORE Exp,GTL,GUNTAKAL JN,09:40:00,09:55:00,2,,SCR,Andhra Pradesh
16613,RAJKOT - COIMBATORE Exp,CBE,COIMBATORE JN,02:00:00,None,3,,SR,Tamil Nadu
14116,Allahabad Express,MB,MORADABAD,19:40:00,19:50:00,1,,NR,Uttar Pradesh
14116,Allahabad Express,BE,BAREILLY,21:20:00,21:25:00,1,,NER,Uttar Pradesh
14116,Allahabad Express,LKO,LUCKNOW,01:15:00,01:25:00,2,,NER,Uttar Pradesh
14116,Allahabad Express,ALD,ALLAHABAD JN,07:45:00,None,2,,NCR,Uttar Pradesh
16317,Himsagar Express,TVC,TRIVANDRUM CENTRAL,15:55:00,16:05:00,1,,SR,Kerala
16317,Himsagar Express,ERS,ERNAKULAM JN,20:27:00,20:27:00,1,,SR,Kerala
16317,Himsagar Express,CBE,COIMBATORE JN,00:55:00,01:00:00,2,,SR,Tamil Nadu
16317,Himsagar Express,BZA,VIJAYAWADA JN,16:00:00,16:20:00,2,,SCR,Andhra Pradesh
16317,Himsagar Express,NGP,NAGPUR,02:45:00,02:55:00,3,,SECR,Maharashtra
16317,Himsagar Express,ET,ITARSI JN,07:35:00,07:40:00,3,,WCR,Madhya Pradesh
16317,Himsagar Express,BPL,BHOPAL JN,09:25:00,09:35:00,3,,WCR,Madhya Pradesh
16317,Himsagar Express,JHS,JHANSI JN,13:55:00,14:05:00,3,,NCR,Uttar Pradesh
16317,Himsagar Express,GWL,GWALIOR JN,15:30:00,15:35:00,3,,NCR,Madhya Pradesh
16317,Himsagar Express,AGC,AGRA CANTT,17:25:00,17:30:00,3,,NCR,Uttar Pradesh
16317,Himsagar Express,NZM,DELHI H NIZAMUDDIN,20:40:00,21:10:00,3,,NR,Delhi
16317,Himsagar Express,NDLS,NEW DELHI,21:40:00,00:10:00,3,,NR,Delhi
16317,Himsagar Express,LDH,LUDHIANA JN,06:55:00,07:05:00,4,,NR,Punjab
16317,Himsagar Express,JAT,JAMMU TAWI,13:10:00,None,4,,NR,Jammu and Kashmir
12553,Vaishali SF Express,MFP,MUZAFFARPUR JN,11:20:00,11:30:00,1,,ECR,Bihar
12553,Vaishali SF Express,CNB,KANPUR CENTRAL,23:55:00,23:59:00,1,,NCR,Uttar Pradesh
12553,Vaishali SF Express,TDL,TUNDLA JN,02:54:00,02:59:00,2,,NCR,Uttar Pradesh
12553,Vaishali SF Express,ALJN,ALIGARH JN,03:52:00,03:57:00,2,,NCR,Uttar Pradesh
12553,Vaishali SF Express,GZB,GHAZIABAD,05:48:00,05:50:00,2,,NR,Uttar Pradesh
12553,Vaishali SF Express,NDLS,NEW DELHI,06:30:00,None,2,,NR,Delhi
12629,Karnataka Sampark Kranti Express,UBL,HUBLI JN,20:40:00,20:50:00,1,,SWR,Karnataka
12629,Karnataka Sampark Kranti Express,PUNE,PUNE JN,07:45:00,07:55:00,2,,CR,Maharashtra
12629,Karnataka Sampark Kranti Express,ET,ITARSI JN,21:36:00,21:36:00,2,,WCR,Madhya Pradesh
12629,Karnataka Sampark Kranti Express,BPL,BHOPAL JN,23:05:00,23:15:00,2,,WCR,Madhya Pradesh
12629,Karnataka Sampark Kranti Express,JHS,JHANSI JN,02:50:00,03:00:00,3,,NCR,Uttar Pradesh
12629,Karnataka Sampark Kranti Express,GWL,GWALIOR JN,04:32:00,04:32:00,3,,NCR,Madhya Pradesh
12629,Karnataka Sampark Kranti Express,AGC,AGRA CANTT,06:23:00,06:23:00,3,,NCR,Uttar Pradesh
12629,Karnataka Sampark Kranti Express,NZM,DELHI H NIZAMUDDIN,09:15:00,None,3,,NR,Delhi
14013,Sadbhavna Express,LKO,LUCKNOW,18:40:00,18:50:00,1,,NER,Uttar Pradesh
14013,Sadbhavna Express,BE,BAREILLY,22:59:00,22:59:00,1,,NER,Uttar Pradesh
14013,Sadbhavna Express,MB,MORADABAD,01:20:00,01:30:00,2,,NR,Uttar Pradesh
14013,Sadbhavna Express,GZB,GHAZIABAD,04:00:00,04:02:00,2,,NR,Uttar Pradesh
13352-Slip,Alappuzha Dhanbad Tatanagar Express Slip,ERS,ERNAKULAM JN,07:10:00,07:15:00,1,,SR,Kerala
13352-Slip,Alappuzha Dhanbad Tatanagar Express Slip,CBE,COIMBATORE JN,11:55:00,12:00:00,1,,SR,Tamil Nadu
13352-Slip,Alappuzha Dhanbad Tatanagar Express Slip,MAS,CHENNAI CENTRAL,22:15:00,23:00:00,1,,SR,Tamil Nadu
13352-Slip,Alappuzha Dhanbad Tatanagar Express Slip,BZA,VIJAYAWADA JN,07:10:00,07:30:00,2,,SCR,Andhra Pradesh
13352-Slip,Alappuzha Dhanbad Tatanagar Express Slip,VSKP,VISHAKAPATNAM,15:15:00,15:35:00,2,,ECoR,Andhra Pradesh
13352-Slip,Alappuzha Dhanbad Tatanagar Express Slip,ROU,ROURKELA,05:20:00,06:15:00,3,,SER,Odisha
13352-Slip,Alappuzha Dhanbad Tatanagar Express Slip,TATA,TATANAGAR JN,09:10:00,None,3,,SER,Jharkhand
12959,MUMBAI DADAR - BHUJ SF Exp,ST,SURAT,04:20:00,04:25:00,2,,WR,Gujarat
12959,MUMBAI DADAR - BHUJ SF Exp,BRC,VADODARA JN,06:15:00,06:20:00,2,,WR,Gujarat
12959,MUMBAI DADAR - BHUJ SF Exp,ADI,AHMEDABAD JN,08:05:00,08:25:00,2,,WR,Gujarat
09021,BANDRA TERMINUS - JAMMU TAWI AC Suvidha Special (Starts 4 April),NDLS,NEW DELHI,None,None,,,NR,Delhi
09021,BANDRA TERMINUS - JAMMU TAWI AC Suvidha Special (Starts 4 April),ST,SURAT,20:42:00,20:45:00,1,,WR,Gujarat
09021,BANDRA TERMINUS - JAMMU TAWI AC Suvidha Special (Starts 4 April),BRC,VADODARA JN,22:47:00,23:05:00,1,,WR,Gujarat
09021,BANDRA TERMINUS - JAMMU TAWI AC Suvidha Special (Starts 4 April),RTM,RATLAM JN,02:45:00,02:55:00,2,,WR,Madhya Pradesh
09021,BANDRA TERMINUS - JAMMU TAWI AC Suvidha Special (Starts 4 April),KOTA,KOTA JN,06:30:00,06:40:00,2,,WCR,Rajasthan
09021,BANDRA TERMINUS - JAMMU TAWI AC Suvidha Special (Starts 4 April),NZM,DELHI H NIZAMUDDIN,14:02:00,14:02:00,2,,NR,Delhi
09021,BANDRA TERMINUS - JAMMU TAWI AC Suvidha Special (Starts 4 April),UMB,AMBALA CANT JN,19:20:00,19:25:00,2,,NR,Haryana
09021,BANDRA TERMINUS - JAMMU TAWI AC Suvidha Special (Starts 4 April),LDH,LUDHIANA JN,20:45:00,21:05:00,2,,NR,Punjab
09021,BANDRA TERMINUS - JAMMU TAWI AC Suvidha Special (Starts 4 April),JAT,JAMMU TAWI,01:40:00,None,3,,NR,Jammu and Kashmir
13257,DANAPUR - DELHI ANAND VIHAR Jan Sadharan Express,MGS,MUGHAL SARAI JN,None,None,,,ECR,Uttar Pradesh
13257,DANAPUR - DELHI ANAND VIHAR Jan Sadharan Express,LKO,LUCKNOW,None,None,,,NER,Uttar Pradesh
13257,DANAPUR - DELHI ANAND VIHAR Jan Sadharan Express,BE,BAREILLY,None,None,,,NER,Uttar Pradesh
13257,DANAPUR - DELHI ANAND VIHAR Jan Sadharan Express,MB,MORADABAD,None,None,,,NR,Uttar Pradesh
13257,DANAPUR - DELHI ANAND VIHAR Jan Sadharan Express,GZB,GHAZIABAD,None,None,,,NR,Uttar Pradesh
12995,Bandra-Udaipur SF Express,ST,SURAT,20:30:00,20:35:00,1,,WR,Gujarat
12995,Bandra-Udaipur SF Express,BRC,VADODARA JN,22:24:00,22:42:00,1,,WR,Gujarat
12995,Bandra-Udaipur SF Express,RTM,RATLAM JN,02:50:00,03:00:00,2,,WR,Madhya Pradesh
12995,Bandra-Udaipur SF Express,UDZ,UDAIPUR CITY,08:55:00,None,2,,NWR,Rajasthan
17204,Kakinada Town- Bhavnagar Express,BZA,VIJAYAWADA JN,07:45:00,08:05:00,1,,SCR,Andhra Pradesh
17204,Kakinada Town- Bhavnagar Express,SC,SECUNDERABAD JN,14:35:00,14:50:00,1,,SCR,Telangana
17204,Kakinada Town- Bhavnagar Express,SUR,SOLAPUR JN,21:15:00,21:25:00,1,,CR,Maharashtra
17204,Kakinada Town- Bhavnagar Express,PUNE,PUNE JN,02:00:00,02:05:00,2,,CR,Maharashtra
17204,Kakinada Town- Bhavnagar Express,KYN,KALYAN JN,04:45:00,04:50:00,2,,CR,Maharashtra
17204,Kakinada Town- Bhavnagar Express,ST,SURAT,10:05:00,10:15:00,2,,WR,Gujarat
17204,Kakinada Town- Bhavnagar Express,BRC,VADODARA JN,12:10:00,12:20:00,2,,WR,Gujarat
17204,Kakinada Town- Bhavnagar Express,ADI,AHMEDABAD JN,14:45:00,15:05:00,2,,WR,Gujarat
12995-Slip,Bandra-Udaipur SF Express Slip,ST,SURAT,20:30:00,20:35:00,1,,WR,Gujarat
12995-Slip,Bandra-Udaipur SF Express Slip,BRC,VADODARA JN,22:24:00,22:42:00,1,,WR,Gujarat
12995-Slip,Bandra-Udaipur SF Express Slip,RTM,RATLAM JN,02:50:00,03:00:00,2,,WR,Madhya Pradesh
12150,PATLIPUTRA - PUNE SF Exp,MGS,MUGHAL SARAI JN,02:40:00,02:55:00,2,,ECR,Uttar Pradesh
12150,PATLIPUTRA - PUNE SF Exp,ALD,ALLAHABAD JN,05:10:00,05:35:00,2,,NCR,Uttar Pradesh
12150,PATLIPUTRA - PUNE SF Exp,JBP,JABALPUR,11:20:00,11:30:00,2,,WCR,Madhya Pradesh
12150,PATLIPUTRA - PUNE SF Exp,ET,ITARSI JN,15:10:00,15:10:00,2,,WCR,Madhya Pradesh
12150,PATLIPUTRA - PUNE SF Exp,PUNE,PUNE JN,05:30:00,None,3,,CR,Maharashtra
15047,Purvanchal Express,BWN,BARDDHAMAN JN,16:52:00,16:54:00,1,,ER,West Bengal
15047,Purvanchal Express,ASN,ASANSOL JN,18:20:00,18:25:00,1,,ER,West Bengal
15047,Purvanchal Express,MFP,MUZAFFARPUR JN,01:20:00,01:30:00,2,,ECR,Bihar
12142,PATLIPUTRA - MUMBAI LTT SF Exp,MGS,MUGHAL SARAI JN,14:35:00,14:55:00,1,,ECR,Uttar Pradesh
12142,PATLIPUTRA - MUMBAI LTT SF Exp,JBP,JABALPUR,23:00:00,23:10:00,1,,WCR,Madhya Pradesh
12142,PATLIPUTRA - MUMBAI LTT SF Exp,ET,ITARSI JN,03:01:00,03:01:00,2,,WCR,Madhya Pradesh
12142,PATLIPUTRA - MUMBAI LTT SF Exp,KYN,KALYAN JN,14:15:00,14:20:00,2,,CR,Maharashtra
16606,Eranad Express,TVC,TRIVANDRUM CENTRAL,03:35:00,03:45:00,1,,SR,Kerala
16606,Eranad Express,ERS,ERNAKULAM JN,08:00:00,08:10:00,1,,SR,Kerala
16606,Eranad Express,MAQ,MANGALORE CNTL,17:30:00,None,1,,SR,Karnataka
14556,Delhi-Bareilly Express,GZB,GHAZIABAD,07:05:00,07:08:00,1,,NR,Uttar Pradesh
14556,Delhi-Bareilly Express,MB,MORADABAD,09:50:00,10:00:00,1,,NR,Uttar Pradesh
14556,Delhi-Bareilly Express,BE,BAREILLY,13:00:00,None,1,,NER,Uttar Pradesh
12453,Ranchi-New Delhi Rajdhani Express,MGS,MUGHAL SARAI JN,01:50:00,02:00:00,2,,ECR,Uttar Pradesh
12453,Ranchi-New Delhi Rajdhani Express,ALD,ALLAHABAD JN,03:40:00,03:40:00,2,,NCR,Uttar Pradesh
12453,Ranchi-New Delhi Rajdhani Express,CNB,KANPUR CENTRAL,05:45:00,05:50:00,2,,NCR,Uttar Pradesh
12453,Ranchi-New Delhi Rajdhani Express,TDL,TUNDLA JN,08:30:00,08:30:00,2,,NCR,Uttar Pradesh
12453,Ranchi-New Delhi Rajdhani Express,ALJN,ALIGARH JN,09:24:00,09:24:00,2,,NCR,Uttar Pradesh
12453,Ranchi-New Delhi Rajdhani Express,GZB,GHAZIABAD,10:37:00,10:37:00,2,,NR,Uttar Pradesh
12453,Ranchi-New Delhi Rajdhani Express,NDLS,NEW DELHI,10:50:00,None,2,,NR,Delhi
12866,Lalmati Express,TATA,TATANAGAR JN,16:25:00,16:27:00,1,,SER,Jharkhand
12866,Lalmati Express,HWH,HOWRAH JN,20:30:00,None,1,,ER,West Bengal
12106,Vidarbha Express,NGP,NAGPUR,17:00:00,17:15:00,1,,SECR,Maharashtra
12106,Vidarbha Express,KYN,KALYAN JN,05:35:00,05:40:00,2,,CR,Maharashtra
12106,Vidarbha Express,DR,MUMBAI DADAR CENTRAL,06:24:00,06:25:00,2,,CR,Maharashtra
12106,Vidarbha Express,CSTM,MUMBAI CST,06:50:00,None,2,,CR,Maharashtra
15016,YESVANTPUR - GORAKHPUR Exp,GTL,GUNTAKAL JN,14:00:00,14:20:00,1,,SCR,Andhra Pradesh
15016,YESVANTPUR - GORAKHPUR Exp,SC,SECUNDERABAD JN,23:15:00,23:25:00,1,,SCR,Telangana
15016,YESVANTPUR - GORAKHPUR Exp,NGP,NAGPUR,10:20:00,10:30:00,2,,SECR,Maharashtra
15016,YESVANTPUR - GORAKHPUR Exp,ET,ITARSI JN,16:45:00,16:55:00,2,,WCR,Madhya Pradesh
15016,YESVANTPUR - GORAKHPUR Exp,BPL,BHOPAL JN,18:50:00,18:55:00,2,,WCR,Madhya Pradesh
15016,YESVANTPUR - GORAKHPUR Exp,JHS,JHANSI JN,00:05:00,00:30:00,3,,NCR,Uttar Pradesh
15016,YESVANTPUR - GORAKHPUR Exp,CNB,KANPUR CENTRAL,05:50:00,06:15:00,3,,NCR,Uttar Pradesh
12413,Pooja express,JP,JAIPUR,16:15:00,16:30:00,1,,NWR,Rajasthan
12413,Pooja express,UMB,AMBALA CANT JN,01:30:00,01:38:00,2,,NR,Haryana
12413,Pooja express,LDH,LUDHIANA JN,03:20:00,03:30:00,2,,NR,Punjab
12413,Pooja express,JAT,JAMMU TAWI,08:05:00,None,2,,NR,Jammu and Kashmir
12937,GANDHIDHAM - HOWRAH Garbha Exp,ADI,AHMEDABAD JN,23:00:00,23:25:00,1,,WR,Gujarat
12937,GANDHIDHAM - HOWRAH Garbha Exp,BRC,VADODARA JN,01:30:00,01:55:00,2,,WR,Gujarat
12937,GANDHIDHAM - HOWRAH Garbha Exp,RTM,RATLAM JN,05:55:00,06:10:00,2,,WR,Madhya Pradesh
12937,GANDHIDHAM - HOWRAH Garbha Exp,KOTA,KOTA JN,09:50:00,10:00:00,2,,WCR,Rajasthan
12937,GANDHIDHAM - HOWRAH Garbha Exp,TDL,TUNDLA JN,16:50:00,16:55:00,2,,NCR,Uttar Pradesh
12937,GANDHIDHAM - HOWRAH Garbha Exp,CNB,KANPUR CENTRAL,19:55:00,20:05:00,2,,NCR,Uttar Pradesh
12937,GANDHIDHAM - HOWRAH Garbha Exp,ALD,ALLAHABAD JN,22:30:00,22:40:00,2,,NCR,Uttar Pradesh
12937,GANDHIDHAM - HOWRAH Garbha Exp,MGS,MUGHAL SARAI JN,02:45:00,03:15:00,3,,ECR,Uttar Pradesh
12937,GANDHIDHAM - HOWRAH Garbha Exp,GAYA,GAYA JN,06:00:00,06:05:00,3,,ECR,Bihar
12937,GANDHIDHAM - HOWRAH Garbha Exp,DHN,DHANBAD JN,09:02:00,09:12:00,3,,ECR,Jharkhand
12937,GANDHIDHAM - HOWRAH Garbha Exp,ASN,ASANSOL JN,10:05:00,10:10:00,3,,ER,West Bengal
12937,GANDHIDHAM - HOWRAH Garbha Exp,BWN,BARDDHAMAN JN,11:44:00,11:44:00,3,,ER,West Bengal
12937,GANDHIDHAM - HOWRAH Garbha Exp,HWH,HOWRAH JN,13:05:00,None,3,,ER,West Bengal
07004,Korba-Hyderabad Special,BSP,BILASPUR JN,09:50:00,10:05:00,1,,SECR,Chhattisgarh
07004,Korba-Hyderabad Special,R,RAIPUR JN,11:50:00,12:00:00,1,,SECR,Chhattisgarh
07004,Korba-Hyderabad Special,SC,SECUNDERABAD JN,02:00:00,02:10:00,2,,SCR,Telangana
07004,Korba-Hyderabad Special,HYB,HYDERABAD DECCAN,04:45:00,None,2,,SCR,Andhra Pradesh
11034,DARBHANGA - PUNE Gyan Ganga Exp,MFP,MUZAFFARPUR JN,19:05:00,19:15:00,1,,ECR,Bihar
11034,DARBHANGA - PUNE Gyan Ganga Exp,ALD,ALLAHABAD JN,07:20:00,07:48:00,2,,NCR,Uttar Pradesh
11034,DARBHANGA - PUNE Gyan Ganga Exp,JBP,JABALPUR,13:45:00,13:55:00,2,,WCR,Madhya Pradesh
11034,DARBHANGA - PUNE Gyan Ganga Exp,ET,ITARSI JN,18:00:00,18:10:00,2,,WCR,Madhya Pradesh
11034,DARBHANGA - PUNE Gyan Ganga Exp,PUNE,PUNE JN,08:05:00,None,3,,CR,Maharashtra
12471,Mumbai Bandra (T.) - Jammu Tawi SF Swaraj Express,ST,SURAT,11:42:00,11:47:00,1,,WR,Gujarat
12471,Mumbai Bandra (T.) - Jammu Tawi SF Swaraj Express,BRC,VADODARA JN,13:32:00,13:50:00,1,,WR,Gujarat
12471,Mumbai Bandra (T.) - Jammu Tawi SF Swaraj Express,RTM,RATLAM JN,17:50:00,18:10:00,1,,WR,Madhya Pradesh
12471,Mumbai Bandra (T.) - Jammu Tawi SF Swaraj Express,KOTA,KOTA JN,21:40:00,21:50:00,1,,WCR,Rajasthan
12471,Mumbai Bandra (T.) - Jammu Tawi SF Swaraj Express,NZM,DELHI H NIZAMUDDIN,04:11:00,04:13:00,2,,NR,Delhi
12471,Mumbai Bandra (T.) - Jammu Tawi SF Swaraj Express,NDLS,NEW DELHI,04:30:00,04:50:00,2,,NR,Delhi
12471,Mumbai Bandra (T.) - Jammu Tawi SF Swaraj Express,UMB,AMBALA CANT JN,07:55:00,08:05:00,2,,NR,Haryana
12471,Mumbai Bandra (T.) - Jammu Tawi SF Swaraj Express,LDH,LUDHIANA JN,09:40:00,10:00:00,2,,NR,Punjab
12471,Mumbai Bandra (T.) - Jammu Tawi SF Swaraj Express,JAT,JAMMU TAWI,14:45:00,None,2,,NR,Jammu and Kashmir
12174,Udyog Nagri Express,LKO,LUCKNOW,05:35:00,05:50:00,1,,NER,Uttar Pradesh
12174,Udyog Nagri Express,CNB,KANPUR CENTRAL,07:40:00,08:00:00,1,,NCR,Uttar Pradesh
12174,Udyog Nagri Express,JHS,JHANSI JN,11:40:00,12:05:00,1,,NCR,Uttar Pradesh
12174,Udyog Nagri Express,BPL,BHOPAL JN,16:30:00,16:35:00,1,,WCR,Madhya Pradesh
12174,Udyog Nagri Express,ET,ITARSI JN,18:02:00,18:02:00,1,,WCR,Madhya Pradesh
12174,Udyog Nagri Express,KYN,KALYAN JN,05:05:00,05:10:00,2,,CR,Maharashtra
57519,Bolarum Secunderabad Suburban,SC,SECUNDERABAD JN,20:58:00,21:00:00,1,,SCR,Telangana
57519,Bolarum Secunderabad Suburban,HYB,HYDERABAD DECCAN,21:20:00,None,1,,SCR,Andhra Pradesh
16042,Alappuzha-Chennai Express,ERS,ERNAKULAM JN,17:15:00,17:20:00,1,,SR,Kerala
16042,Alappuzha-Chennai Express,MAS,CHENNAI CENTRAL,06:05:00,None,2,,SR,Tamil Nadu
63542,Gomoh-Asansol MEMU,DHN,DHANBAD JN,07:56:00,08:00:00,1,,ECR,Jharkhand
63542,Gomoh-Asansol MEMU,ASN,ASANSOL JN,09:20:00,None,1,,ER,West Bengal
11062,DARBHANGA - MUMBAI LTT Pawan Exp,MFP,MUZAFFARPUR JN,None,15:50:00,1,,ECR,Bihar
11062,DARBHANGA - MUMBAI LTT Pawan Exp,ALD,ALLAHABAD JN,02:45:00,03:15:00,2,,NCR,Uttar Pradesh
11062,DARBHANGA - MUMBAI LTT Pawan Exp,JBP,JABALPUR,09:50:00,10:00:00,2,,WCR,Madhya Pradesh
11062,DARBHANGA - MUMBAI LTT Pawan Exp,ET,ITARSI JN,13:55:00,14:05:00,2,,WCR,Madhya Pradesh
11062,DARBHANGA - MUMBAI LTT Pawan Exp,KYN,KALYAN JN,02:45:00,02:50:00,3,,CR,Maharashtra
19570,Varanasi Okha Weekly Express,ALD,ALLAHABAD JN,00:40:00,01:25:00,2,,NCR,Uttar Pradesh
19570,Varanasi Okha Weekly Express,CNB,KANPUR CENTRAL,03:50:00,04:00:00,2,,NCR,Uttar Pradesh
19570,Varanasi Okha Weekly Express,TDL,TUNDLA JN,08:45:00,08:55:00,2,,NCR,Uttar Pradesh
19570,Varanasi Okha Weekly Express,KOTA,KOTA JN,15:05:00,15:15:00,2,,WCR,Rajasthan
19570,Varanasi Okha Weekly Express,RTM,RATLAM JN,19:35:00,19:55:00,2,,WR,Madhya Pradesh
19570,Varanasi Okha Weekly Express,BRC,VADODARA JN,00:15:00,00:45:00,3,,WR,Gujarat
19570,Varanasi Okha Weekly Express,ADI,AHMEDABAD JN,02:50:00,03:10:00,3,,WR,Gujarat
22856,TirupatiSantragachi Superfast Express,BZA,VIJAYAWADA JN,02:40:00,03:00:00,2,,SCR,Andhra Pradesh
22856,TirupatiSantragachi Superfast Express,BBS,BHUBANESWAR,15:05:00,15:20:00,2,,ECoR,Odisha
22856,TirupatiSantragachi Superfast Express,CTC,CUTTACK,15:55:00,16:00:00,2,,ECoR,Odisha
15274,Satyagraha Express,GZB,GHAZIABAD,18:03:00,18:08:00,1,,NR,Uttar Pradesh
15274,Satyagraha Express,MB,MORADABAD,21:25:00,21:40:00,1,,NR,Uttar Pradesh
15274,Satyagraha Express,BE,BAREILLY,23:27:00,23:37:00,1,,NER,Uttar Pradesh
56641,Verna Mangalore Passenger,MAO,MADGAON,14:20:00,14:25:00,1,,KR,Goa
56641,Verna Mangalore Passenger,MAQ,MANGALORE CNTL,20:55:00,None,1,,SR,Karnataka
22132,MANDUADIH - PUNE Gyan Ganga Exp,ALD,ALLAHABAD JN,07:20:00,07:48:00,1,,NCR,Uttar Pradesh
22132,MANDUADIH - PUNE Gyan Ganga Exp,JBP,JABALPUR,13:45:00,13:55:00,1,,WCR,Madhya Pradesh
22132,MANDUADIH - PUNE Gyan Ganga Exp,ET,ITARSI JN,18:00:00,18:10:00,1,,WCR,Madhya Pradesh
22132,MANDUADIH - PUNE Gyan Ganga Exp,PUNE,PUNE JN,08:05:00,None,2,,CR,Maharashtra
11066,DARBHANGA - MUMBAI LTT Pawan Exp,MFP,MUZAFFARPUR JN,15:40:00,15:50:00,1,,ECR,Bihar
11066,DARBHANGA - MUMBAI LTT Pawan Exp,ALD,ALLAHABAD JN,02:45:00,03:15:00,2,,NCR,Uttar Pradesh
11066,DARBHANGA - MUMBAI LTT Pawan Exp,JBP,JABALPUR,09:50:00,10:00:00,2,,WCR,Madhya Pradesh
11066,DARBHANGA - MUMBAI LTT Pawan Exp,ET,ITARSI JN,13:55:00,14:05:00,2,,WCR,Madhya Pradesh
11066,DARBHANGA - MUMBAI LTT Pawan Exp,KYN,KALYAN JN,02:45:00,02:50:00,3,,CR,Maharashtra
54078,Shajahanpur Passenger Slip Ex Bareilly,GZB,GHAZIABAD,00:30:00,00:33:00,2,,NR,Uttar Pradesh
54078,Shajahanpur Passenger Slip Ex Bareilly,MB,MORADABAD,04:45:00,05:10:00,2,,NR,Uttar Pradesh
54078,Shajahanpur Passenger Slip Ex Bareilly,BE,BAREILLY,08:55:00,None,2,,NER,Uttar Pradesh
12287,Kochuveli-Dehradun Weekly Express,ERS,ERNAKULAM JN,12:43:00,12:43:00,1,,SR,Kerala
12287,Kochuveli-Dehradun Weekly Express,MAO,MADGAON,01:20:00,01:30:00,2,,KR,Goa
12287,Kochuveli-Dehradun Weekly Express,PNVL,PANVEL,10:55:00,11:00:00,2,,CR,Maharashtra
12287,Kochuveli-Dehradun Weekly Express,ST,SURAT,16:40:00,16:45:00,2,,WR,Gujarat
12287,Kochuveli-Dehradun Weekly Express,BRC,VADODARA JN,19:32:00,19:50:00,2,,WR,Gujarat
12287,Kochuveli-Dehradun Weekly Express,RTM,RATLAM JN,23:21:00,23:21:00,2,,WR,Madhya Pradesh
12287,Kochuveli-Dehradun Weekly Express,KOTA,KOTA JN,02:55:00,03:05:00,3,,WCR,Rajasthan
12287,Kochuveli-Dehradun Weekly Express,NZM,DELHI H NIZAMUDDIN,10:40:00,11:00:00,3,,NR,Delhi
12287,Kochuveli-Dehradun Weekly Express,GZB,GHAZIABAD,11:40:00,11:42:00,3,,NR,Uttar Pradesh
12923,Indore Nagpur Express,BPL,BHOPAL JN,01:39:00,01:39:00,2,,WCR,Madhya Pradesh
12923,Indore Nagpur Express,ET,ITARSI JN,03:20:00,03:30:00,2,,WCR,Madhya Pradesh
12923,Indore Nagpur Express,NGP,NAGPUR,08:25:00,None,2,,SECR,Maharashtra
12258,Kochuveli-Yesvantpur Garib Rath,ERS,ERNAKULAM JN,21:08:00,21:08:00,1,,SR,Kerala
12258,Kochuveli-Yesvantpur Garib Rath,CBE,COIMBATORE JN,01:40:00,01:45:00,2,,SR,Tamil Nadu
19312,Indore Pune Express,RTM,RATLAM JN,17:15:00,17:25:00,1,,WR,Madhya Pradesh
19312,Indore Pune Express,BRC,VADODARA JN,21:35:00,21:53:00,1,,WR,Gujarat
19312,Indore Pune Express,ST,SURAT,00:07:00,00:20:00,2,,WR,Gujarat
19312,Indore Pune Express,KYN,KALYAN JN,05:15:00,05:20:00,2,,CR,Maharashtra
19312,Indore Pune Express,PUNE,PUNE JN,08:10:00,None,2,,CR,Maharashtra
15011,LUCKNOW - CHANDIGARH Exp,MB,MORADABAD,05:10:00,05:20:00,2,,NR,Uttar Pradesh
15011,LUCKNOW - CHANDIGARH Exp,UMB,AMBALA CANT JN,13:55:00,14:05:00,2,,NR,Haryana
15011,LUCKNOW - CHANDIGARH Exp,CDG,CHANDIGARH,14:50:00,None,2,,NR,Chandigarh
19225,Bhatinda Jammu Tawi Express,FZR,FIROZPUR CANT,20:25:00,20:45:00,1,,NR,Punjab
19225,Bhatinda Jammu Tawi Express,ASR,AMRITSAR JN,00:50:00,01:10:00,2,,NR,Punjab
19225,Bhatinda Jammu Tawi Express,PTK,PATHANKOT,03:20:00,03:40:00,2,,NR,Punjab
19225,Bhatinda Jammu Tawi Express,JAT,JAMMU TAWI,06:15:00,None,2,,NR,Jammu and Kashmir
12929,Valsad Dahod InterCity Express,ST,SURAT,08:25:00,08:30:00,1,,WR,Gujarat
12929,Valsad Dahod InterCity Express,BRC,VADODARA JN,10:40:00,10:45:00,1,,WR,Gujarat
18517,Korba Visakhapatnam Express,BSP,BILASPUR JN,18:10:00,18:25:00,1,,SECR,Chhattisgarh
18517,Korba Visakhapatnam Express,R,RAIPUR JN,20:25:00,20:55:00,1,,SECR,Chhattisgarh
18517,Korba Visakhapatnam Express,VSKP,VISHAKAPATNAM,07:50:00,None,2,,ECoR,Andhra Pradesh
19313,Indore-Patna Express,BPL,BHOPAL JN,18:35:00,18:55:00,1,,WCR,Madhya Pradesh
19313,Indore-Patna Express,JHS,JHANSI JN,23:20:00,23:40:00,1,,NCR,Uttar Pradesh
19313,Indore-Patna Express,CNB,KANPUR CENTRAL,04:00:00,04:05:00,2,,NCR,Uttar Pradesh
19313,Indore-Patna Express,LKO,LUCKNOW,05:25:00,05:35:00,2,,NER,Uttar Pradesh
19313,Indore-Patna Express,MGS,MUGHAL SARAI JN,12:30:00,12:50:00,2,,ECR,Uttar Pradesh
19313,Indore-Patna Express,PNBE,PATNA JN,16:20:00,None,2,,ECR,Bihar
12520,KAMAKHYA - MUMBAI LTT AC Exp,NJP,NEW JALPAIGURI,None,None,,,NFR,West Bengal
12520,KAMAKHYA - MUMBAI LTT AC Exp,PNBE,PATNA JN,None,None,,,ECR,Bihar
12520,KAMAKHYA - MUMBAI LTT AC Exp,MGS,MUGHAL SARAI JN,None,None,,,ECR,Uttar Pradesh
12520,KAMAKHYA - MUMBAI LTT AC Exp,JBP,JABALPUR,None,None,,,WCR,Madhya Pradesh
12520,KAMAKHYA - MUMBAI LTT AC Exp,ET,ITARSI JN,None,None,,,WCR,Madhya Pradesh
12520,KAMAKHYA - MUMBAI LTT AC Exp,KYN,KALYAN JN,None,None,,,CR,Maharashtra
24888,Barmer-Haridwar Link Express,JU,JODHPUR JN,10:15:00,10:30:00,1,,NWR,Rajasthan
24888,Barmer-Haridwar Link Express,BKN,BIKANER JN,16:25:00,16:45:00,1,,NWR,Rajasthan
24888,Barmer-Haridwar Link Express,UMB,AMBALA CANT JN,03:50:00,04:45:00,2,,NR,Haryana
17201,Golconda Express,BZA,VIJAYAWADA JN,06:45:00,06:55:00,1,,SCR,Andhra Pradesh
17201,Golconda Express,SC,SECUNDERABAD JN,13:45:00,None,1,,SCR,Telangana
15941,JHAJHA - DIBRUGARH Exp,ASN,ASANSOL JN,01:00:00,02:00:00,2,,ER,West Bengal
15941,JHAJHA - DIBRUGARH Exp,NJP,NEW JALPAIGURI,12:40:00,12:55:00,2,,NFR,West Bengal
15941,JHAJHA - DIBRUGARH Exp,GHY,GUWAHATI,22:15:00,22:35:00,2,,NFR,Assam
15941,JHAJHA - DIBRUGARH Exp,DBRG,DIBRUGARH,10:30:00,None,3,,NFR,Assam
14037,Delhi-Pathankot Express,UMB,AMBALA CANT JN,11:20:00,11:25:00,1,,NR,Haryana
14037,Delhi-Pathankot Express,LDH,LUDHIANA JN,13:10:00,13:15:00,1,,NR,Punjab
14037,Delhi-Pathankot Express,ASR,AMRITSAR JN,15:20:00,15:40:00,1,,NR,Punjab
14037,Delhi-Pathankot Express,PTK,PATHANKOT,18:00:00,None,1,,NR,Punjab
12217,KOCHUVELI - CHANDIGARH Kerala Sampark Kranti Exp,ERS,ERNAKULAM JN,12:40:00,12:50:00,1,,SR,Kerala
12217,KOCHUVELI - CHANDIGARH Kerala Sampark Kranti Exp,MAO,MADGAON,01:20:00,01:30:00,2,,KR,Goa
12217,KOCHUVELI - CHANDIGARH Kerala Sampark Kranti Exp,PNVL,PANVEL,10:55:00,11:00:00,2,,CR,Maharashtra
12217,KOCHUVELI - CHANDIGARH Kerala Sampark Kranti Exp,ST,SURAT,16:54:00,16:54:00,2,,WR,Gujarat
12217,KOCHUVELI - CHANDIGARH Kerala Sampark Kranti Exp,BRC,VADODARA JN,19:32:00,19:50:00,2,,WR,Gujarat
12217,KOCHUVELI - CHANDIGARH Kerala Sampark Kranti Exp,RTM,RATLAM JN,23:20:00,23:20:00,2,,WR,Madhya Pradesh
12217,KOCHUVELI - CHANDIGARH Kerala Sampark Kranti Exp,KOTA,KOTA JN,02:55:00,03:05:00,3,,WCR,Rajasthan
12217,KOCHUVELI - CHANDIGARH Kerala Sampark Kranti Exp,NZM,DELHI H NIZAMUDDIN,10:40:00,10:42:00,3,,NR,Delhi
12217,KOCHUVELI - CHANDIGARH Kerala Sampark Kranti Exp,NDLS,NEW DELHI,11:05:00,11:30:00,3,,NR,Delhi
12217,KOCHUVELI - CHANDIGARH Kerala Sampark Kranti Exp,UMB,AMBALA CANT JN,14:50:00,14:55:00,3,,NR,Haryana
12217,KOCHUVELI - CHANDIGARH Kerala Sampark Kranti Exp,CDG,CHANDIGARH,15:45:00,None,3,,NR,Chandigarh
12409,Gondwana Express,BSP,BILASPUR JN,05:45:00,05:55:00,1,,SECR,Chhattisgarh
12409,Gondwana Express,R,RAIPUR JN,07:35:00,07:45:00,1,,SECR,Chhattisgarh
12409,Gondwana Express,NGP,NAGPUR,12:40:00,13:05:00,1,,SECR,Maharashtra
12409,Gondwana Express,ET,ITARSI JN,17:55:00,18:00:00,1,,WCR,Madhya Pradesh
12409,Gondwana Express,BPL,BHOPAL JN,19:55:00,20:00:00,1,,WCR,Madhya Pradesh
12409,Gondwana Express,JHS,JHANSI JN,01:01:00,01:13:00,2,,NCR,Uttar Pradesh
12409,Gondwana Express,GWL,GWALIOR JN,02:42:00,02:43:00,2,,NCR,Madhya Pradesh
12409,Gondwana Express,AGC,AGRA CANTT,04:17:00,04:18:00,2,,NCR,Uttar Pradesh
12409,Gondwana Express,NZM,DELHI H NIZAMUDDIN,07:25:00,None,2,,NR,Delhi
17203,Bhavnagar(T)-Kakinada Town Express,ADI,AHMEDABAD JN,09:40:00,10:00:00,1,,WR,Gujarat
17203,Bhavnagar(T)-Kakinada Town Express,BRC,VADODARA JN,12:05:00,12:15:00,1,,WR,Gujarat
17203,Bhavnagar(T)-Kakinada Town Express,ST,SURAT,14:20:00,14:30:00,1,,WR,Gujarat
17203,Bhavnagar(T)-Kakinada Town Express,KYN,KALYAN JN,19:40:00,19:45:00,1,,CR,Maharashtra
17203,Bhavnagar(T)-Kakinada Town Express,PUNE,PUNE JN,22:25:00,22:30:00,1,,CR,Maharashtra
17203,Bhavnagar(T)-Kakinada Town Express,SUR,SOLAPUR JN,02:50:00,03:00:00,2,,CR,Maharashtra
17203,Bhavnagar(T)-Kakinada Town Express,SC,SECUNDERABAD JN,10:20:00,10:30:00,2,,SCR,Telangana
17203,Bhavnagar(T)-Kakinada Town Express,BZA,VIJAYAWADA JN,16:55:00,17:15:00,2,,SCR,Andhra Pradesh
12053,Haridwar Amritsar Jan Shatabdi Express,UMB,AMBALA CANT JN,17:35:00,17:45:00,1,,NR,Haryana
12053,Haridwar Amritsar Jan Shatabdi Express,LDH,LUDHIANA JN,19:35:00,19:40:00,1,,NR,Punjab
12053,Haridwar Amritsar Jan Shatabdi Express,ASR,AMRITSAR JN,21:55:00,None,1,,NR,Punjab
12555,Gorakhdham Express,LKO,LUCKNOW,21:40:00,21:50:00,1,,NER,Uttar Pradesh
12555,Gorakhdham Express,CNB,KANPUR CENTRAL,23:23:00,23:28:00,1,,NCR,Uttar Pradesh
12555,Gorakhdham Express,TDL,TUNDLA JN,02:48:00,02:48:00,2,,NCR,Uttar Pradesh
12555,Gorakhdham Express,ALJN,ALIGARH JN,03:56:00,03:56:00,2,,NCR,Uttar Pradesh
12555,Gorakhdham Express,GZB,GHAZIABAD,05:28:00,05:28:00,2,,NR,Uttar Pradesh
12555,Gorakhdham Express,NDLS,NEW DELHI,05:45:00,06:00:00,2,,NR,Delhi
12587,Amarnath Express,LKO,LUCKNOW,19:30:00,19:40:00,1,,NER,Uttar Pradesh
12587,Amarnath Express,BE,BAREILLY,23:15:00,23:20:00,1,,NER,Uttar Pradesh
12587,Amarnath Express,MB,MORADABAD,00:55:00,01:05:00,2,,NR,Uttar Pradesh
12587,Amarnath Express,UMB,AMBALA CANT JN,05:35:00,05:43:00,2,,NR,Haryana
12587,Amarnath Express,LDH,LUDHIANA JN,07:25:00,07:35:00,2,,NR,Punjab
12587,Amarnath Express,JAT,JAMMU TAWI,12:20:00,None,2,,NR,Jammu and Kashmir
18628,Ranchi-Howrah InterCity Express,DHN,DHANBAD JN,09:25:00,09:30:00,1,,ECR,Jharkhand
18628,Ranchi-Howrah InterCity Express,ASN,ASANSOL JN,10:25:00,10:27:00,1,,ER,West Bengal
18628,Ranchi-Howrah InterCity Express,BWN,BARDDHAMAN JN,11:53:00,11:55:00,1,,ER,West Bengal
18628,Ranchi-Howrah InterCity Express,HWH,HOWRAH JN,13:40:00,None,1,,ER,West Bengal
29020,Dehradun Express Slip,GZB,GHAZIABAD,20:23:00,20:25:00,1,,NR,Uttar Pradesh
29020,Dehradun Express Slip,NZM,DELHI H NIZAMUDDIN,21:15:00,21:55:00,1,,NR,Delhi
29020,Dehradun Express Slip,KOTA,KOTA JN,07:15:00,09:00:00,2,,WCR,Rajasthan
14888,Barmer-Kalka Express,JU,JODHPUR JN,10:15:00,10:30:00,1,,NWR,Rajasthan
14888,Barmer-Kalka Express,BKN,BIKANER JN,16:25:00,16:45:00,1,,NWR,Rajasthan
14888,Barmer-Kalka Express,UMB,AMBALA CANT JN,03:50:00,04:10:00,2,,NR,Haryana
14888,Barmer-Kalka Express,CDG,CHANDIGARH,05:00:00,05:10:00,2,,NR,Chandigarh
12792,DANAPUR - SECUNDERABAD SF EXP,MGS,MUGHAL SARAI JN,15:50:00,16:10:00,1,,ECR,Uttar Pradesh
12792,DANAPUR - SECUNDERABAD SF EXP,ALD,ALLAHABAD JN,20:20:00,20:48:00,1,,NCR,Uttar Pradesh
12792,DANAPUR - SECUNDERABAD SF EXP,JBP,JABALPUR,02:45:00,02:55:00,2,,WCR,Madhya Pradesh
12792,DANAPUR - SECUNDERABAD SF EXP,ET,ITARSI JN,06:50:00,07:10:00,2,,WCR,Madhya Pradesh
12792,DANAPUR - SECUNDERABAD SF EXP,NGP,NAGPUR,11:45:00,11:55:00,2,,SECR,Maharashtra
12792,DANAPUR - SECUNDERABAD SF EXP,SC,SECUNDERABAD JN,21:30:00,None,2,,SCR,Telangana
13054,Siuri-Howrah Intercity Express,BWN,BARDDHAMAN JN,20:28:00,20:30:00,1,,ER,West Bengal
13054,Siuri-Howrah Intercity Express,HWH,HOWRAH JN,22:40:00,None,1,,ER,West Bengal
12063,Haridwar Chandigarh Una Link Jan Shatabdi Express,UMB,AMBALA CANT JN,17:35:00,18:15:00,1,,NR,Haryana
12063,Haridwar Chandigarh Una Link Jan Shatabdi Express,CDG,CHANDIGARH,19:05:00,19:15:00,1,,NR,Chandigarh
16518,Kannur-Yesvantpur Express,MAQ,MANGALORE CNTL,19:15:00,19:45:00,1,,SR,Karnataka
16518,Kannur-Yesvantpur Express,MYS,MYSORE JN,04:15:00,04:30:00,2,,SWR,Karnataka
16518,Kannur-Yesvantpur Express,SBC,BANGALORE CITY JN,07:05:00,07:10:00,2,,SWR,Karnataka
09727,Indore-Jaipur Special,KOTA,KOTA JN,04:05:00,04:15:00,2,,WCR,Rajasthan
09727,Indore-Jaipur Special,JP,JAIPUR,08:00:00,None,2,,NWR,Rajasthan
22855,Santragachi-Tirupati Superfast Express,CTC,CUTTACK,21:32:00,21:34:00,1,,ECoR,Odisha
22855,Santragachi-Tirupati Superfast Express,BBS,BHUBANESWAR,22:05:00,22:15:00,1,,ECoR,Odisha
22855,Santragachi-Tirupati Superfast Express,BZA,VIJAYAWADA JN,10:40:00,11:00:00,2,,SCR,Andhra Pradesh
12973,Indore-Jaipur SF Express,KOTA,KOTA JN,04:15:00,04:25:00,2,,WCR,Rajasthan
12973,Indore-Jaipur SF Express,JP,JAIPUR,08:00:00,None,2,,NWR,Rajasthan
06618,Nagercoil-Coimbatore Special,TVC,TRIVANDRUM CENTRAL,22:25:00,22:40:00,1,,SR,Kerala
06618,Nagercoil-Coimbatore Special,ERS,ERNAKULAM JN,03:32:00,03:32:00,2,,SR,Kerala
06618,Nagercoil-Coimbatore Special,CBE,COIMBATORE JN,08:00:00,None,2,,SR,Tamil Nadu
06301,Nagercoil-Mangalore Special,TVC,TRIVANDRUM CENTRAL,19:30:00,19:40:00,1,,SR,Kerala
06301,Nagercoil-Mangalore Special,ERS,ERNAKULAM JN,00:17:00,00:17:00,2,,SR,Kerala
04728,Mumbai BandraT-Bikaner SF Special,ST,SURAT,18:25:00,18:30:00,1,,WR,Gujarat
04728,Mumbai BandraT-Bikaner SF Special,BRC,VADODARA JN,20:25:00,20:30:00,1,,WR,Gujarat
04728,Mumbai BandraT-Bikaner SF Special,ADI,AHMEDABAD JN,22:20:00,22:40:00,1,,WR,Gujarat
04728,Mumbai BandraT-Bikaner SF Special,JU,JODHPUR JN,07:20:00,07:25:00,2,,NWR,Rajasthan
04728,Mumbai BandraT-Bikaner SF Special,BKN,BIKANER JN,12:30:00,None,2,,NWR,Rajasthan
15002,Rapti Ganga Express,MB,MORADABAD,20:25:00,20:35:00,1,,NR,Uttar Pradesh
15002,Rapti Ganga Express,BE,BAREILLY,22:10:00,22:15:00,1,,NER,Uttar Pradesh
15002,Rapti Ganga Express,LKO,LUCKNOW,02:05:00,02:15:00,2,,NER,Uttar Pradesh
15002,Rapti Ganga Express,MFP,MUZAFFARPUR JN,15:55:00,None,2,,ECR,Bihar
19309,Shanti Express,ADI,AHMEDABAD JN,19:25:00,19:45:00,1,,WR,Gujarat
19309,Shanti Express,BRC,VADODARA JN,21:40:00,22:05:00,1,,WR,Gujarat
19309,Shanti Express,RTM,RATLAM JN,02:28:00,02:38:00,2,,WR,Madhya Pradesh
12541,Gorakhpur-Mumbai LTT SF Express,CNB,KANPUR CENTRAL,05:25:00,05:35:00,2,,NCR,Uttar Pradesh
12541,Gorakhpur-Mumbai LTT SF Express,JHS,JHANSI JN,09:30:00,09:55:00,2,,NCR,Uttar Pradesh
12541,Gorakhpur-Mumbai LTT SF Express,BPL,BHOPAL JN,13:45:00,13:55:00,2,,WCR,Madhya Pradesh
12541,Gorakhpur-Mumbai LTT SF Express,ET,ITARSI JN,15:25:00,15:30:00,2,,WCR,Madhya Pradesh
12541,Gorakhpur-Mumbai LTT SF Express,KYN,KALYAN JN,03:05:00,03:05:00,3,,CR,Maharashtra
19321,Indore-Rajendranagar Express,BPL,BHOPAL JN,18:35:00,18:55:00,1,,WCR,Madhya Pradesh
19321,Indore-Rajendranagar Express,JHS,JHANSI JN,23:20:00,23:40:00,1,,NCR,Uttar Pradesh
19321,Indore-Rajendranagar Express,CNB,KANPUR CENTRAL,04:00:00,04:05:00,2,,NCR,Uttar Pradesh
19321,Indore-Rajendranagar Express,LKO,LUCKNOW,05:25:00,05:35:00,2,,NER,Uttar Pradesh
19321,Indore-Rajendranagar Express,MGS,MUGHAL SARAI JN,12:30:00,12:50:00,2,,ECR,Uttar Pradesh
19321,Indore-Rajendranagar Express,PNBE,PATNA JN,16:20:00,16:30:00,2,,ECR,Bihar
54056,Delhi Moradabad Passenger,GZB,GHAZIABAD,10:25:00,10:28:00,1,,NR,Uttar Pradesh
54056,Delhi Moradabad Passenger,MB,MORADABAD,14:35:00,None,1,,NR,Uttar Pradesh
54076,Delhi - Sitapur Cant Passenger,GZB,GHAZIABAD,00:30:00,00:33:00,2,,NR,Uttar Pradesh
54076,Delhi - Sitapur Cant Passenger,MB,MORADABAD,04:45:00,05:45:00,2,,NR,Uttar Pradesh
54076,Delhi - Sitapur Cant Passenger,BE,BAREILLY,09:10:00,09:30:00,2,,NER,Uttar Pradesh
54308,Delhi Moradabad Passenger,GZB,GHAZIABAD,02:30:00,02:35:00,1,,NR,Uttar Pradesh
54308,Delhi Moradabad Passenger,MB,MORADABAD,07:30:00,None,1,,NR,Uttar Pradesh
12252,Wainganga express,BSP,BILASPUR JN,09:50:00,10:05:00,1,,SECR,Chhattisgarh
12252,Wainganga express,R,RAIPUR JN,11:50:00,12:00:00,1,,SECR,Chhattisgarh
12252,Wainganga express,GTL,GUNTAKAL JN,08:25:00,08:25:00,2,,SCR,Andhra Pradesh
12930,Dahod Valsad InterCity Express,BRC,VADODARA JN,17:25:00,17:35:00,1,,WR,Gujarat
12930,Dahod Valsad InterCity Express,ST,SURAT,19:45:00,19:50:00,1,,WR,Gujarat
12020,Ranchi-Howrah Shatabdi Express,DHN,DHANBAD JN,17:31:00,17:36:00,1,,ECR,Jharkhand
12020,Ranchi-Howrah Shatabdi Express,ASN,ASANSOL JN,18:24:00,18:26:00,1,,ER,West Bengal
12020,Ranchi-Howrah Shatabdi Express,BWN,BARDDHAMAN JN,19:53:00,19:53:00,1,,ER,West Bengal
12020,Ranchi-Howrah Shatabdi Express,HWH,HOWRAH JN,21:10:00,None,1,,ER,West Bengal
16533,BHAGAT KI KOTHI - BANGALORE CITY Exp,SBC,BANGALORE CITY JN,None,None,,,SWR,Karnataka
16533,BHAGAT KI KOTHI - BANGALORE CITY Exp,ADI,AHMEDABAD JN,14:30:00,14:55:00,1,,WR,Gujarat
16533,BHAGAT KI KOTHI - BANGALORE CITY Exp,BRC,VADODARA JN,16:42:00,16:52:00,1,,WR,Gujarat
16533,BHAGAT KI KOTHI - BANGALORE CITY Exp,ST,SURAT,19:05:00,19:15:00,1,,WR,Gujarat
16533,BHAGAT KI KOTHI - BANGALORE CITY Exp,KYN,KALYAN JN,01:05:00,01:10:00,2,,CR,Maharashtra
16533,BHAGAT KI KOTHI - BANGALORE CITY Exp,PUNE,PUNE JN,04:10:00,04:20:00,2,,CR,Maharashtra
16533,BHAGAT KI KOTHI - BANGALORE CITY Exp,UBL,HUBLI JN,16:45:00,16:55:00,2,,SWR,Karnataka
16533,BHAGAT KI KOTHI - BANGALORE CITY Exp,GTL,GUNTAKAL JN,22:25:00,22:30:00,2,,SCR,Andhra Pradesh
21068,Rai Bareli-Mumbai LTT Saket Express,ALD,ALLAHABAD JN,20:35:00,21:08:00,1,,NCR,Uttar Pradesh
21068,Rai Bareli-Mumbai LTT Saket Express,JBP,JABALPUR,03:05:00,03:15:00,2,,WCR,Madhya Pradesh
21068,Rai Bareli-Mumbai LTT Saket Express,ET,ITARSI JN,07:50:00,08:05:00,2,,WCR,Madhya Pradesh
21068,Rai Bareli-Mumbai LTT Saket Express,KYN,KALYAN JN,20:30:00,20:35:00,2,,CR,Maharashtra
11072,Kamayani Express,ALD,ALLAHABAD JN,19:20:00,19:45:00,1,,NCR,Uttar Pradesh
11072,Kamayani Express,BPL,BHOPAL JN,07:35:00,07:40:00,2,,WCR,Madhya Pradesh
11072,Kamayani Express,ET,ITARSI JN,09:35:00,09:45:00,2,,WCR,Madhya Pradesh
11072,Kamayani Express,KYN,KALYAN JN,21:55:00,22:00:00,2,,CR,Maharashtra
16325,Ahilyanagari Express,BPL,BHOPAL JN,21:10:00,21:25:00,1,,WCR,Madhya Pradesh
16325,Ahilyanagari Express,ET,ITARSI JN,23:05:00,23:15:00,1,,WCR,Madhya Pradesh
16325,Ahilyanagari Express,NGP,NAGPUR,04:10:00,04:20:00,2,,SECR,Maharashtra
16325,Ahilyanagari Express,BZA,VIJAYAWADA JN,15:50:00,16:05:00,2,,SCR,Andhra Pradesh
16325,Ahilyanagari Express,MAS,CHENNAI CENTRAL,23:20:00,23:45:00,2,,SR,Tamil Nadu
16325,Ahilyanagari Express,CBE,COIMBATORE JN,07:55:00,08:00:00,3,,SR,Tamil Nadu
16325,Ahilyanagari Express,ERS,ERNAKULAM JN,13:10:00,13:20:00,3,,SR,Kerala
16325,Ahilyanagari Express,TVC,TRIVANDRUM CENTRAL,17:50:00,None,3,,SR,Kerala
19066,BHAGAT KI KOTHI - MUMBAI BANDRA Exp,ADI,AHMEDABAD JN,04:35:00,04:55:00,2,,WR,Gujarat
19066,BHAGAT KI KOTHI - MUMBAI BANDRA Exp,BRC,VADODARA JN,07:05:00,07:10:00,2,,WR,Gujarat
19066,BHAGAT KI KOTHI - MUMBAI BANDRA Exp,ST,SURAT,09:00:00,09:05:00,2,,WR,Gujarat
19305,Shipra Express,BPL,BHOPAL JN,04:00:00,04:20:00,2,,WCR,Madhya Pradesh
19305,Shipra Express,ALD,ALLAHABAD JN,16:55:00,17:20:00,2,,NCR,Uttar Pradesh
19305,Shipra Express,MGS,MUGHAL SARAI JN,20:00:00,20:15:00,2,,ECR,Uttar Pradesh
19305,Shipra Express,GAYA,GAYA JN,22:58:00,23:03:00,2,,ECR,Bihar
19305,Shipra Express,DHN,DHANBAD JN,02:41:00,02:51:00,3,,ECR,Jharkhand
19305,Shipra Express,ASN,ASANSOL JN,03:47:00,03:55:00,3,,ER,West Bengal
19305,Shipra Express,BWN,BARDDHAMAN JN,05:21:00,05:25:00,3,,ER,West Bengal
19305,Shipra Express,HWH,HOWRAH JN,06:45:00,None,3,,ER,West Bengal
12070,Gondia-Raigarh Jan Shatabdi,R,RAIPUR JN,17:45:00,17:50:00,1,,SECR,Chhattisgarh
12070,Gondia-Raigarh Jan Shatabdi,BSP,BILASPUR JN,19:40:00,19:55:00,1,,SECR,Chhattisgarh
12075,Kozhikode-Trivandrum Jan Shatabdi Express,ERS,ERNAKULAM JN,17:20:00,17:25:00,1,,SR,Kerala
12075,Kozhikode-Trivandrum Jan Shatabdi Express,TVC,TRIVANDRUM CENTRAL,20:55:00,None,1,,SR,Kerala
54505,Delhi Ambala Passenger,GZB,GHAZIABAD,11:01:00,11:03:00,1,,NR,Uttar Pradesh
54505,Delhi Ambala Passenger,UMB,AMBALA CANT JN,20:25:00,None,1,,NR,Haryana
11038,GORAKHPUR - PUNE Exp,ALD,ALLAHABAD JN,00:30:00,01:02:00,2,,NCR,Uttar Pradesh
11038,GORAKHPUR - PUNE Exp,JBP,JABALPUR,08:40:00,08:50:00,2,,WCR,Madhya Pradesh
11038,GORAKHPUR - PUNE Exp,ET,ITARSI JN,12:55:00,13:05:00,2,,WCR,Madhya Pradesh
11038,GORAKHPUR - PUNE Exp,PUNE,PUNE JN,04:05:00,None,3,,CR,Maharashtra
56904,Dharwar Solapur Passenger,UBL,HUBLI JN,18:20:00,18:30:00,1,,SWR,Karnataka
56904,Dharwar Solapur Passenger,SUR,SOLAPUR JN,03:30:00,None,2,,CR,Maharashtra
13352,ALAPPUZHA - DHANBAD (Bokaro) Express,ERS,ERNAKULAM JN,07:10:00,07:15:00,1,,SR,Kerala
13352,ALAPPUZHA - DHANBAD (Bokaro) Express,CBE,COIMBATORE JN,11:55:00,12:00:00,1,,SR,Tamil Nadu
13352,ALAPPUZHA - DHANBAD (Bokaro) Express,MAS,CHENNAI CENTRAL,22:15:00,23:00:00,1,,SR,Tamil Nadu
13352,ALAPPUZHA - DHANBAD (Bokaro) Express,BZA,VIJAYAWADA JN,07:10:00,07:30:00,2,,SCR,Andhra Pradesh
13352,ALAPPUZHA - DHANBAD (Bokaro) Express,VSKP,VISHAKAPATNAM,15:15:00,15:35:00,2,,ECoR,Andhra Pradesh
13352,ALAPPUZHA - DHANBAD (Bokaro) Express,ROU,ROURKELA,05:20:00,05:40:00,3,,SER,Odisha
13352,ALAPPUZHA - DHANBAD (Bokaro) Express,DHN,DHANBAD JN,13:15:00,None,3,,ECR,Jharkhand
11025,Manmad Pune Express(Via Nasik),KYN,KALYAN JN,08:00:00,08:05:00,1,,CR,Maharashtra
11025,Manmad Pune Express(Via Nasik),PNVL,PANVEL,09:00:00,09:05:00,1,,CR,Maharashtra
11025,Manmad Pune Express(Via Nasik),PUNE,PUNE JN,12:05:00,None,1,,CR,Maharashtra
56213,CHAMARAJANAGAR - TIRUPATI Fast Passenger,MYS,MYSORE JN,16:45:00,17:00:00,1,,SWR,Karnataka
56213,CHAMARAJANAGAR - TIRUPATI Fast Passenger,SBC,BANGALORE CITY JN,20:15:00,20:30:00,1,,SWR,Karnataka
23112,Giridih Kolkata Express,ASN,ASANSOL JN,03:05:00,03:15:00,2,,ER,West Bengal
23112,Giridih Kolkata Express,BWN,BARDDHAMAN JN,04:45:00,04:50:00,2,,ER,West Bengal
18311,SAMBALPUR - VARANASI Exp,ROU,ROURKELA,15:50:00,16:10:00,1,,SER,Odisha
18311,SAMBALPUR - VARANASI Exp,MGS,MUGHAL SARAI JN,07:50:00,08:15:00,2,,ECR,Uttar Pradesh
12736,YESVANTPUR - SECUNDERABAD Garib Rath Exp,GTL,GUNTAKAL JN,01:40:00,01:45:00,2,,SCR,Andhra Pradesh
12736,YESVANTPUR - SECUNDERABAD Garib Rath Exp,SC,SECUNDERABAD JN,08:35:00,None,2,,SCR,Telangana
53139,KolkataChitpur-Chittaranjan Passenger,BWN,BARDDHAMAN JN,02:00:00,02:02:00,2,,ER,West Bengal
53139,KolkataChitpur-Chittaranjan Passenger,ASN,ASANSOL JN,04:05:00,04:25:00,2,,ER,West Bengal
12374,RAMPURHAT - SEALDAH Intercity SF Exp,BWN,BARDDHAMAN JN,None,None,,,ER,West Bengal
12374,RAMPURHAT - SEALDAH Intercity SF Exp,SDAH,KOLKATA SEALDAH,None,None,,,ER,West Bengal
15006,Rapti Ganga Express,MB,MORADABAD,20:25:00,20:35:00,1,,NR,Uttar Pradesh
15006,Rapti Ganga Express,BE,BAREILLY,22:10:00,22:15:00,1,,NER,Uttar Pradesh
15006,Rapti Ganga Express,LKO,LUCKNOW,02:05:00,02:15:00,2,,NER,Uttar Pradesh
12326,NANGAL DAM - KOLKATA CHITPUR Gurumukhi Exp,BWN,BARDDHAMAN JN,None,None,,,ER,West Bengal
12326,NANGAL DAM - KOLKATA CHITPUR Gurumukhi Exp,UMB,AMBALA CANT JN,10:05:00,10:15:00,1,,NR,Haryana
12326,NANGAL DAM - KOLKATA CHITPUR Gurumukhi Exp,MB,MORADABAD,14:50:00,15:00:00,1,,NR,Uttar Pradesh
12326,NANGAL DAM - KOLKATA CHITPUR Gurumukhi Exp,BE,BAREILLY,16:20:00,16:25:00,1,,NER,Uttar Pradesh
12326,NANGAL DAM - KOLKATA CHITPUR Gurumukhi Exp,LKO,LUCKNOW,20:00:00,20:15:00,1,,NER,Uttar Pradesh
12326,NANGAL DAM - KOLKATA CHITPUR Gurumukhi Exp,MGS,MUGHAL SARAI JN,02:25:00,02:55:00,2,,ECR,Uttar Pradesh
12326,NANGAL DAM - KOLKATA CHITPUR Gurumukhi Exp,PNBE,PATNA JN,06:05:00,06:15:00,2,,ECR,Bihar
12326,NANGAL DAM - KOLKATA CHITPUR Gurumukhi Exp,ASN,ASANSOL JN,11:44:00,12:04:00,2,,ER,West Bengal
12993,GANDHIDHAM - PURI SF Exp,ADI,AHMEDABAD JN,04:10:00,04:30:00,2,,WR,Gujarat
12993,GANDHIDHAM - PURI SF Exp,BRC,VADODARA JN,06:25:00,06:30:00,2,,WR,Gujarat
12993,GANDHIDHAM - PURI SF Exp,ST,SURAT,08:28:00,08:33:00,2,,WR,Gujarat
12993,GANDHIDHAM - PURI SF Exp,NGP,NAGPUR,21:40:00,21:50:00,2,,SECR,Maharashtra
12993,GANDHIDHAM - PURI SF Exp,R,RAIPUR JN,02:50:00,03:10:00,3,,SECR,Chhattisgarh
12993,GANDHIDHAM - PURI SF Exp,BBS,BHUBANESWAR,14:30:00,14:35:00,3,,ECoR,Odisha
12993,GANDHIDHAM - PURI SF Exp,PURI,PURI,16:15:00,None,3,,ECoR,Odisha
12989,Dadar Ajmer Superfast Express,ST,SURAT,18:25:00,18:30:00,1,,WR,Gujarat
12989,Dadar Ajmer Superfast Express,BRC,VADODARA JN,20:25:00,20:30:00,1,,WR,Gujarat
12989,Dadar Ajmer Superfast Express,ADI,AHMEDABAD JN,22:20:00,22:40:00,1,,WR,Gujarat
16327,Korba Tiruvananthapuram Express,BSP,BILASPUR JN,21:35:00,21:50:00,1,,SECR,Chhattisgarh
16327,Korba Tiruvananthapuram Express,R,RAIPUR JN,23:25:00,23:30:00,1,,SECR,Chhattisgarh
16327,Korba Tiruvananthapuram Express,NGP,NAGPUR,04:35:00,04:45:00,2,,SECR,Maharashtra
16327,Korba Tiruvananthapuram Express,BZA,VIJAYAWADA JN,15:50:00,16:05:00,2,,SCR,Andhra Pradesh
16327,Korba Tiruvananthapuram Express,MAS,CHENNAI CENTRAL,23:20:00,23:45:00,2,,SR,Tamil Nadu
16327,Korba Tiruvananthapuram Express,CBE,COIMBATORE JN,07:55:00,08:00:00,3,,SR,Tamil Nadu
16327,Korba Tiruvananthapuram Express,ERS,ERNAKULAM JN,13:04:00,13:04:00,3,,SR,Kerala
16327,Korba Tiruvananthapuram Express,TVC,TRIVANDRUM CENTRAL,17:50:00,None,3,,SR,Kerala
12463,Rajasthan Sampark Kranti Express,JP,JAIPUR,03:05:00,03:15:00,2,,NWR,Rajasthan
12463,Rajasthan Sampark Kranti Express,JU,JODHPUR JN,08:15:00,None,2,,NWR,Rajasthan
23142,Teesta Torsa Express,NJP,NEW JALPAIGURI,15:45:00,16:00:00,1,,NFR,West Bengal
23142,Teesta Torsa Express,SDAH,KOLKATA SEALDAH,04:35:00,None,2,,ER,West Bengal
12463-Slip,Rajasthan Sampark Kranti Express Slip,JP,JAIPUR,03:10:00,03:25:00,2,,NWR,Rajasthan
12463-Slip,Rajasthan Sampark Kranti Express Slip,BKN,BIKANER JN,10:35:00,None,2,,NWR,Rajasthan
16505,GANDHIDHAM - BANGALORE Exp,ADI,AHMEDABAD JN,14:30:00,14:55:00,1,,WR,Gujarat
16505,GANDHIDHAM - BANGALORE Exp,BRC,VADODARA JN,16:47:00,16:52:00,1,,WR,Gujarat
16505,GANDHIDHAM - BANGALORE Exp,ST,SURAT,19:05:00,19:15:00,1,,WR,Gujarat
16505,GANDHIDHAM - BANGALORE Exp,KYN,KALYAN JN,01:08:00,01:10:00,2,,CR,Maharashtra
16505,GANDHIDHAM - BANGALORE Exp,PUNE,PUNE JN,04:10:00,04:20:00,2,,CR,Maharashtra
16505,GANDHIDHAM - BANGALORE Exp,UBL,HUBLI JN,17:30:00,17:40:00,2,,SWR,Karnataka
16505,GANDHIDHAM - BANGALORE Exp,SBC,BANGALORE CITY JN,04:00:00,None,3,,SWR,Karnataka
15631,BARMER - GUWAHATI Exp,JU,JODHPUR JN,02:10:00,02:25:00,2,,NWR,Rajasthan
15631,BARMER - GUWAHATI Exp,JP,JAIPUR,09:00:00,09:10:00,2,,NWR,Rajasthan
15631,BARMER - GUWAHATI Exp,TDL,TUNDLA JN,14:45:00,14:55:00,2,,NCR,Uttar Pradesh
15631,BARMER - GUWAHATI Exp,CNB,KANPUR CENTRAL,18:50:00,19:05:00,2,,NCR,Uttar Pradesh
15631,BARMER - GUWAHATI Exp,ALD,ALLAHABAD JN,21:35:00,21:45:00,2,,NCR,Uttar Pradesh
15631,BARMER - GUWAHATI Exp,MGS,MUGHAL SARAI JN,00:45:00,01:05:00,3,,ECR,Uttar Pradesh
15631,BARMER - GUWAHATI Exp,PNBE,PATNA JN,04:30:00,04:45:00,3,,ECR,Bihar
15631,BARMER - GUWAHATI Exp,NJP,NEW JALPAIGURI,15:05:00,15:20:00,3,,NFR,West Bengal
15631,BARMER - GUWAHATI Exp,GHY,GUWAHATI,23:15:00,None,3,,NFR,Assam
12296,PATLIPUTRA - BANGALORE Sanghamitra SF Exp,MGS,MUGHAL SARAI JN,23:20:00,23:30:00,1,,ECR,Uttar Pradesh
12296,PATLIPUTRA - BANGALORE Sanghamitra SF Exp,ALD,ALLAHABAD JN,01:50:00,02:22:00,2,,NCR,Uttar Pradesh
12296,PATLIPUTRA - BANGALORE Sanghamitra SF Exp,JBP,JABALPUR,08:20:00,08:30:00,2,,WCR,Madhya Pradesh
12296,PATLIPUTRA - BANGALORE Sanghamitra SF Exp,ET,ITARSI JN,12:35:00,12:55:00,2,,WCR,Madhya Pradesh
12296,PATLIPUTRA - BANGALORE Sanghamitra SF Exp,NGP,NAGPUR,17:55:00,18:10:00,2,,SECR,Maharashtra
12296,PATLIPUTRA - BANGALORE Sanghamitra SF Exp,BZA,VIJAYAWADA JN,06:05:00,06:25:00,3,,SCR,Andhra Pradesh
12296,PATLIPUTRA - BANGALORE Sanghamitra SF Exp,MAS,CHENNAI CENTRAL,13:35:00,14:00:00,3,,SR,Tamil Nadu
12296,PATLIPUTRA - BANGALORE Sanghamitra SF Exp,SBC,BANGALORE CITY JN,20:40:00,None,3,,SWR,Karnataka
15661,RANCHI - KAMAKHYA Exp,DHN,DHANBAD JN,00:45:00,00:55:00,2,,ECR,Jharkhand
15661,RANCHI - KAMAKHYA Exp,ASN,ASANSOL JN,01:55:00,02:00:00,2,,ER,West Bengal
15661,RANCHI - KAMAKHYA Exp,NJP,NEW JALPAIGURI,12:40:00,12:55:00,2,,NFR,West Bengal
12592,YESVANTPUR - GORAKHPUR SF Exp,GTL,GUNTAKAL JN,22:25:00,22:30:00,1,,SCR,Andhra Pradesh
12592,YESVANTPUR - GORAKHPUR SF Exp,SC,SECUNDERABAD JN,07:00:00,07:20:00,2,,SCR,Telangana
12592,YESVANTPUR - GORAKHPUR SF Exp,NGP,NAGPUR,17:00:00,17:10:00,2,,SECR,Maharashtra
12592,YESVANTPUR - GORAKHPUR SF Exp,ET,ITARSI JN,22:25:00,22:30:00,2,,WCR,Madhya Pradesh
12592,YESVANTPUR - GORAKHPUR SF Exp,BPL,BHOPAL JN,00:10:00,00:25:00,3,,WCR,Madhya Pradesh
12592,YESVANTPUR - GORAKHPUR SF Exp,JHS,JHANSI JN,04:20:00,04:40:00,3,,NCR,Uttar Pradesh
12592,YESVANTPUR - GORAKHPUR SF Exp,CNB,KANPUR CENTRAL,08:15:00,08:20:00,3,,NCR,Uttar Pradesh
18190,Allapuzha Dhanbad Slip Express,ERS,ERNAKULAM JN,None,None,,,SR,Kerala
18190,Allapuzha Dhanbad Slip Express,CBE,COIMBATORE JN,None,None,,,SR,Tamil Nadu
18190,Allapuzha Dhanbad Slip Express,MAS,CHENNAI CENTRAL,None,None,,,SR,Tamil Nadu
18190,Allapuzha Dhanbad Slip Express,BZA,VIJAYAWADA JN,None,None,,,SCR,Andhra Pradesh
18190,Allapuzha Dhanbad Slip Express,VSKP,VISHAKAPATNAM,None,None,,,ECoR,Andhra Pradesh
18190,Allapuzha Dhanbad Slip Express,ROU,ROURKELA,None,06:15:00,1,,SER,Odisha
18190,Allapuzha Dhanbad Slip Express,TATA,TATANAGAR JN,09:10:00,None,1,,SER,Jharkhand
22602,SAINAGAR SHIRDI - CHENNAI CENT SF Exp,SUR,SOLAPUR JN,15:05:00,15:15:00,1,,CR,Maharashtra
22602,SAINAGAR SHIRDI - CHENNAI CENT SF Exp,GTL,GUNTAKAL JN,21:35:00,21:40:00,1,,SCR,Andhra Pradesh
22602,SAINAGAR SHIRDI - CHENNAI CENT SF Exp,MAS,CHENNAI CENTRAL,09:40:00,None,2,,SR,Tamil Nadu
51672,KATNI - ITARSI Fast Passenger,JBP,JABALPUR,16:20:00,16:30:00,1,,WCR,Madhya Pradesh
51672,KATNI - ITARSI Fast Passenger,ET,ITARSI JN,21:05:00,None,1,,WCR,Madhya Pradesh
14207,Padmavat Express,LKO,LUCKNOW,21:15:00,21:30:00,1,,NER,Uttar Pradesh
14207,Padmavat Express,BE,BAREILLY,01:15:00,01:20:00,2,,NER,Uttar Pradesh
14207,Padmavat Express,MB,MORADABAD,03:10:00,03:20:00,2,,NR,Uttar Pradesh
14207,Padmavat Express,GZB,GHAZIABAD,06:22:00,06:28:00,2,,NR,Uttar Pradesh
17063,Ajanta Express,AWB,AURANGABAD,22:40:00,22:45:00,1,,SCR,Maharashtra
17063,Ajanta Express,NZB,NIZAMABAD,05:25:00,05:30:00,2,,SCR,Andhra Pradesh
17063,Ajanta Express,SC,SECUNDERABAD JN,08:55:00,None,2,,SCR,Telangana
12483,KOCHUVELI - AMRITSAR SF Exp,ERS,ERNAKULAM JN,12:40:00,12:50:00,1,,SR,Kerala
12483,KOCHUVELI - AMRITSAR SF Exp,MAO,MADGAON,01:20:00,01:30:00,2,,KR,Goa
12483,KOCHUVELI - AMRITSAR SF Exp,PNVL,PANVEL,10:55:00,11:00:00,2,,CR,Maharashtra
12483,KOCHUVELI - AMRITSAR SF Exp,ST,SURAT,16:40:00,16:45:00,2,,WR,Gujarat
12483,KOCHUVELI - AMRITSAR SF Exp,BRC,VADODARA JN,19:32:00,19:50:00,2,,WR,Gujarat
12483,KOCHUVELI - AMRITSAR SF Exp,RTM,RATLAM JN,23:20:00,23:20:00,2,,WR,Madhya Pradesh
12483,KOCHUVELI - AMRITSAR SF Exp,KOTA,KOTA JN,02:55:00,03:05:00,3,,WCR,Rajasthan
12483,KOCHUVELI - AMRITSAR SF Exp,NZM,DELHI H NIZAMUDDIN,10:40:00,10:42:00,3,,NR,Delhi
12483,KOCHUVELI - AMRITSAR SF Exp,NDLS,NEW DELHI,11:05:00,11:30:00,3,,NR,Delhi
12483,KOCHUVELI - AMRITSAR SF Exp,UMB,AMBALA CANT JN,14:50:00,15:05:00,3,,NR,Haryana
12483,KOCHUVELI - AMRITSAR SF Exp,LDH,LUDHIANA JN,17:05:00,17:15:00,3,,NR,Punjab
12483,KOCHUVELI - AMRITSAR SF Exp,ASR,AMRITSAR JN,19:40:00,None,3,,NR,Punjab
12573,SainagarShirdi-Howrah Express,NGP,NAGPUR,01:25:00,01:35:00,2,,SECR,Maharashtra
12573,SainagarShirdi-Howrah Express,R,RAIPUR JN,05:50:00,06:00:00,2,,SECR,Chhattisgarh
12573,SainagarShirdi-Howrah Express,BSP,BILASPUR JN,07:45:00,08:00:00,2,,SECR,Chhattisgarh
12573,SainagarShirdi-Howrah Express,ROU,ROURKELA,12:10:00,12:25:00,2,,SER,Odisha
12573,SainagarShirdi-Howrah Express,TATA,TATANAGAR JN,14:55:00,15:00:00,2,,SER,Jharkhand
12573,SainagarShirdi-Howrah Express,HWH,HOWRAH JN,19:30:00,None,2,,ER,West Bengal
12715,Sachkhand SF Express,AWB,AURANGABAD,13:35:00,13:40:00,1,,SCR,Maharashtra
12715,Sachkhand SF Express,ET,ITARSI JN,23:20:00,23:25:00,1,,WCR,Madhya Pradesh
12715,Sachkhand SF Express,BPL,BHOPAL JN,01:00:00,01:05:00,2,,WCR,Madhya Pradesh
12715,Sachkhand SF Express,JHS,JHANSI JN,04:55:00,05:05:00,2,,NCR,Uttar Pradesh
12715,Sachkhand SF Express,GWL,GWALIOR JN,06:27:00,06:32:00,2,,NCR,Madhya Pradesh
12715,Sachkhand SF Express,AGC,AGRA CANTT,08:33:00,08:38:00,2,,NCR,Uttar Pradesh
12715,Sachkhand SF Express,NZM,DELHI H NIZAMUDDIN,11:45:00,11:47:00,2,,NR,Delhi
12715,Sachkhand SF Express,NDLS,NEW DELHI,12:10:00,12:30:00,2,,NR,Delhi
12715,Sachkhand SF Express,UMB,AMBALA CANT JN,15:40:00,15:45:00,2,,NR,Haryana
12715,Sachkhand SF Express,LDH,LUDHIANA JN,17:45:00,17:50:00,2,,NR,Punjab
12715,Sachkhand SF Express,ASR,AMRITSAR JN,20:15:00,None,2,,NR,Punjab
12081,Kozhikode - Trivandrum Jan Shatabdi,ERS,ERNAKULAM JN,09:46:00,09:46:00,1,,SR,Kerala
12081,Kozhikode - Trivandrum Jan Shatabdi,TVC,TRIVANDRUM CENTRAL,13:45:00,None,1,,SR,Kerala
12707,Andhra Pradesh Sampark Kranti Express,GTL,GUNTAKAL JN,11:31:00,11:31:00,1,,SCR,Andhra Pradesh
12707,Andhra Pradesh Sampark Kranti Express,SC,SECUNDERABAD JN,17:25:00,17:55:00,1,,SCR,Telangana
12707,Andhra Pradesh Sampark Kranti Express,NGP,NAGPUR,02:00:00,02:10:00,2,,SECR,Maharashtra
12707,Andhra Pradesh Sampark Kranti Express,ET,ITARSI JN,06:47:00,06:47:00,2,,WCR,Madhya Pradesh
12707,Andhra Pradesh Sampark Kranti Express,BPL,BHOPAL JN,08:10:00,08:20:00,2,,WCR,Madhya Pradesh
12707,Andhra Pradesh Sampark Kranti Express,JHS,JHANSI JN,12:00:00,12:10:00,2,,NCR,Uttar Pradesh
12707,Andhra Pradesh Sampark Kranti Express,GWL,GWALIOR JN,13:36:00,13:36:00,2,,NCR,Madhya Pradesh
12707,Andhra Pradesh Sampark Kranti Express,AGC,AGRA CANTT,15:19:00,15:19:00,2,,NCR,Uttar Pradesh
12707,Andhra Pradesh Sampark Kranti Express,NZM,DELHI H NIZAMUDDIN,18:00:00,None,2,,NR,Delhi
06002,Kollam-Chennai Central SF Special,ERS,ERNAKULAM JN,15:07:00,15:07:00,1,,SR,Kerala
06002,Kollam-Chennai Central SF Special,CBE,COIMBATORE JN,19:45:00,19:50:00,1,,SR,Tamil Nadu
06002,Kollam-Chennai Central SF Special,MAS,CHENNAI CENTRAL,03:40:00,None,2,,SR,Tamil Nadu
06010,KollamChennai Central SF Special,ERS,ERNAKULAM JN,00:13:00,00:13:00,2,,SR,Kerala
06010,KollamChennai Central SF Special,CBE,COIMBATORE JN,05:05:00,05:10:00,2,,SR,Tamil Nadu
06010,KollamChennai Central SF Special,MAS,CHENNAI CENTRAL,12:40:00,None,2,,SR,Tamil Nadu
06004,Kollam-Chennai Central Special,ERS,ERNAKULAM JN,21:08:00,21:08:00,1,,SR,Kerala
06004,Kollam-Chennai Central Special,CBE,COIMBATORE JN,01:40:00,01:45:00,2,,SR,Tamil Nadu
06004,Kollam-Chennai Central Special,MAS,CHENNAI CENTRAL,10:45:00,None,2,,SR,Tamil Nadu
06008,KollamChennai Central SF Special,ERS,ERNAKULAM JN,15:07:00,15:07:00,1,,SR,Kerala
06008,KollamChennai Central SF Special,CBE,COIMBATORE JN,19:45:00,19:50:00,1,,SR,Tamil Nadu
06008,KollamChennai Central SF Special,MAS,CHENNAI CENTRAL,03:40:00,None,2,,SR,Tamil Nadu
06012,Kollam Chennai Central (Weekly) SF Special,ERS,ERNAKULAM JN,15:07:00,15:07:00,1,,SR,Kerala
06012,Kollam Chennai Central (Weekly) SF Special,CBE,COIMBATORE JN,19:45:00,19:50:00,1,,SR,Tamil Nadu
06012,Kollam Chennai Central (Weekly) SF Special,MAS,CHENNAI CENTRAL,03:40:00,None,2,,SR,Tamil Nadu
06006,Kollam-Chennai Central SF Special,ERS,ERNAKULAM JN,21:08:00,21:08:00,1,,SR,Kerala
06006,Kollam-Chennai Central SF Special,CBE,COIMBATORE JN,01:40:00,01:45:00,2,,SR,Tamil Nadu
06006,Kollam-Chennai Central SF Special,MAS,CHENNAI CENTRAL,10:45:00,None,2,,SR,Tamil Nadu
12528,Latur-Mumbai CST Superfast Express,PUNE,PUNE JN,04:10:00,04:15:00,2,,CR,Maharashtra
12528,Latur-Mumbai CST Superfast Express,KYN,KALYAN JN,06:43:00,06:45:00,2,,CR,Maharashtra
12528,Latur-Mumbai CST Superfast Express,DR,MUMBAI DADAR CENTRAL,07:33:00,07:35:00,2,,CR,Maharashtra
12528,Latur-Mumbai CST Superfast Express,CSTM,MUMBAI CST,08:00:00,None,2,,CR,Maharashtra
12207,Kathgodam-Jammu Garib Rath Express,MB,MORADABAD,21:45:00,21:55:00,1,,NR,Uttar Pradesh
12207,Kathgodam-Jammu Garib Rath Express,UMB,AMBALA CANT JN,02:25:00,02:30:00,2,,NR,Haryana
12207,Kathgodam-Jammu Garib Rath Express,LDH,LUDHIANA JN,04:25:00,04:35:00,2,,NR,Punjab
12207,Kathgodam-Jammu Garib Rath Express,JAT,JAMMU TAWI,09:40:00,None,2,,NR,Jammu and Kashmir
15234,DARBHANGA - KOLKATA CHITPUR Maithili Exp,ASN,ASANSOL JN,23:15:00,23:25:00,1,,ER,West Bengal
15234,DARBHANGA - KOLKATA CHITPUR Maithili Exp,BWN,BARDDHAMAN JN,01:10:00,01:15:00,2,,ER,West Bengal
12577,DARBHANGA - MYSORE BAGMATI SF Exp,MYS,MYSORE JN,None,None,,,SWR,Karnataka
12577,DARBHANGA - MYSORE BAGMATI SF Exp,PNBE,PATNA JN,20:00:00,20:10:00,1,,ECR,Bihar
12577,DARBHANGA - MYSORE BAGMATI SF Exp,MGS,MUGHAL SARAI JN,23:35:00,23:55:00,1,,ECR,Uttar Pradesh
12577,DARBHANGA - MYSORE BAGMATI SF Exp,JBP,JABALPUR,08:40:00,08:50:00,2,,WCR,Madhya Pradesh
12577,DARBHANGA - MYSORE BAGMATI SF Exp,ET,ITARSI JN,12:55:00,13:15:00,2,,WCR,Madhya Pradesh
12577,DARBHANGA - MYSORE BAGMATI SF Exp,NGP,NAGPUR,18:20:00,18:45:00,2,,SECR,Maharashtra
12577,DARBHANGA - MYSORE BAGMATI SF Exp,BZA,VIJAYAWADA JN,07:10:00,07:30:00,3,,SCR,Andhra Pradesh
12577,DARBHANGA - MYSORE BAGMATI SF Exp,MAS,CHENNAI CENTRAL,14:20:00,14:45:00,3,,SR,Tamil Nadu
12577,DARBHANGA - MYSORE BAGMATI SF Exp,SBC,BANGALORE CITY JN,20:55:00,None,3,,SWR,Karnataka
12962,Avantika Express,RTM,RATLAM JN,19:20:00,19:30:00,1,,WR,Madhya Pradesh
12962,Avantika Express,BRC,VADODARA JN,23:50:00,00:15:00,1,,WR,Gujarat
12962,Avantika Express,ST,SURAT,02:10:00,02:15:00,2,,WR,Gujarat
12962,Avantika Express,BCT,Mumbai Central,06:35:00,None,2,,WR,Maharashtra
12257,Yesvantapur Kochuveli Garib Rath Express,CBE,COIMBATORE JN,03:50:00,03:55:00,2,,SR,Tamil Nadu
12257,Yesvantapur Kochuveli Garib Rath Express,ERS,ERNAKULAM JN,07:59:00,07:59:00,2,,SR,Kerala
08568,Shirdi-Visakhapatnam Weekly Special,AWB,AURANGABAD,23:17:00,23:22:00,1,,SCR,Maharashtra
08568,Shirdi-Visakhapatnam Weekly Special,NZB,NIZAMABAD,05:58:00,06:00:00,2,,SCR,Andhra Pradesh
08568,Shirdi-Visakhapatnam Weekly Special,SC,SECUNDERABAD JN,09:45:00,10:00:00,2,,SCR,Telangana
08568,Shirdi-Visakhapatnam Weekly Special,BZA,VIJAYAWADA JN,16:00:00,16:20:00,2,,SCR,Andhra Pradesh
08568,Shirdi-Visakhapatnam Weekly Special,VSKP,VISHAKAPATNAM,22:45:00,None,2,,ECoR,Andhra Pradesh
24887,Haridwar-Barmer Link Express,UMB,AMBALA CANT JN,22:35:00,23:45:00,1,,NR,Haryana
24887,Haridwar-Barmer Link Express,BKN,BIKANER JN,10:50:00,11:05:00,2,,NWR,Rajasthan
24887,Haridwar-Barmer Link Express,JU,JODHPUR JN,15:55:00,16:10:00,2,,NWR,Rajasthan
11123,Barauni-Gwalior Mail,MFP,MUZAFFARPUR JN,21:25:00,21:35:00,1,,ECR,Bihar
11123,Barauni-Gwalior Mail,LKO,LUCKNOW,11:35:00,11:50:00,2,,NER,Uttar Pradesh
11123,Barauni-Gwalior Mail,CNB,KANPUR CENTRAL,13:35:00,13:45:00,2,,NCR,Uttar Pradesh
11123,Barauni-Gwalior Mail,JHS,JHANSI JN,18:30:00,18:55:00,2,,NCR,Uttar Pradesh
11123,Barauni-Gwalior Mail,GWL,GWALIOR JN,21:00:00,None,2,,NCR,Madhya Pradesh
12206,Dehradun-NewDelhi AC Express,GZB,GHAZIABAD,04:28:00,04:30:00,2,,NR,Uttar Pradesh
12206,Dehradun-NewDelhi AC Express,NDLS,NEW DELHI,05:05:00,None,2,,NR,Delhi
55322,RAMNAGAR - VARANASI Passenger,MB,MORADABAD,22:57:00,00:35:00,1,,NR,Uttar Pradesh
55322,RAMNAGAR - VARANASI Passenger,BE,BAREILLY,02:00:00,02:05:00,2,,NER,Uttar Pradesh
55322,RAMNAGAR - VARANASI Passenger,LKO,LUCKNOW,07:30:00,07:55:00,2,,NER,Uttar Pradesh
14708,MUMBAI BANDRA - BIKANER Ranakpur Exp,ST,SURAT,19:50:00,19:55:00,1,,WR,Gujarat
14708,MUMBAI BANDRA - BIKANER Ranakpur Exp,BRC,VADODARA JN,21:50:00,21:55:00,1,,WR,Gujarat
14708,MUMBAI BANDRA - BIKANER Ranakpur Exp,ADI,AHMEDABAD JN,00:01:00,00:25:00,2,,WR,Gujarat
14708,MUMBAI BANDRA - BIKANER Ranakpur Exp,JU,JODHPUR JN,09:55:00,10:05:00,2,,NWR,Rajasthan
14708,MUMBAI BANDRA - BIKANER Ranakpur Exp,BKN,BIKANER JN,15:35:00,None,2,,NWR,Rajasthan
15023,GORAKHPUR - YESVANTPUR Exp,CNB,KANPUR CENTRAL,17:55:00,18:05:00,1,,NCR,Uttar Pradesh
15023,GORAKHPUR - YESVANTPUR Exp,JHS,JHANSI JN,22:00:00,22:20:00,1,,NCR,Uttar Pradesh
15023,GORAKHPUR - YESVANTPUR Exp,BPL,BHOPAL JN,03:05:00,03:10:00,2,,WCR,Madhya Pradesh
15023,GORAKHPUR - YESVANTPUR Exp,ET,ITARSI JN,05:10:00,05:30:00,2,,WCR,Madhya Pradesh
15023,GORAKHPUR - YESVANTPUR Exp,NGP,NAGPUR,10:35:00,10:45:00,2,,SECR,Maharashtra
12168,VARANASI - MUMBAI LTT SF Exp,JBP,JABALPUR,19:40:00,19:50:00,1,,WCR,Madhya Pradesh
12168,VARANASI - MUMBAI LTT SF Exp,ET,ITARSI JN,00:20:00,00:30:00,2,,WCR,Madhya Pradesh
12168,VARANASI - MUMBAI LTT SF Exp,KYN,KALYAN JN,11:30:00,11:35:00,2,,CR,Maharashtra
19131,MUMBAI BANDRA - BHUJ Kutch Exp,ST,SURAT,21:40:00,21:45:00,1,,WR,Gujarat
19131,MUMBAI BANDRA - BHUJ Kutch Exp,BRC,VADODARA JN,23:54:00,23:59:00,1,,WR,Gujarat
19131,MUMBAI BANDRA - BHUJ Kutch Exp,ADI,AHMEDABAD JN,01:45:00,02:05:00,2,,WR,Gujarat
22405,Bhagalpur - Delhi AnandVihar T. Garib Rath Express,PNBE,PATNA JN,19:05:00,19:15:00,1,,ECR,Bihar
22405,Bhagalpur - Delhi AnandVihar T. Garib Rath Express,MGS,MUGHAL SARAI JN,22:42:00,23:02:00,1,,ECR,Uttar Pradesh
22405,Bhagalpur - Delhi AnandVihar T. Garib Rath Express,ALD,ALLAHABAD JN,00:52:00,00:55:00,2,,NCR,Uttar Pradesh
22405,Bhagalpur - Delhi AnandVihar T. Garib Rath Express,CNB,KANPUR CENTRAL,02:55:00,03:00:00,2,,NCR,Uttar Pradesh
22405,Bhagalpur - Delhi AnandVihar T. Garib Rath Express,TDL,TUNDLA JN,05:15:00,05:17:00,2,,NCR,Uttar Pradesh
22405,Bhagalpur - Delhi AnandVihar T. Garib Rath Express,ALJN,ALIGARH JN,06:05:00,06:07:00,2,,NCR,Uttar Pradesh
22405,Bhagalpur - Delhi AnandVihar T. Garib Rath Express,GZB,GHAZIABAD,08:11:00,08:11:00,2,,NR,Uttar Pradesh
12670,CHHAPRA - CHENNAI CENTRAL Ganga Kaveri Exp,ALD,ALLAHABAD JN,04:10:00,04:40:00,2,,NCR,Uttar Pradesh
12670,CHHAPRA - CHENNAI CENTRAL Ganga Kaveri Exp,JBP,JABALPUR,10:40:00,10:50:00,2,,WCR,Madhya Pradesh
12670,CHHAPRA - CHENNAI CENTRAL Ganga Kaveri Exp,ET,ITARSI JN,14:30:00,14:50:00,2,,WCR,Madhya Pradesh
12670,CHHAPRA - CHENNAI CENTRAL Ganga Kaveri Exp,NGP,NAGPUR,19:35:00,19:45:00,2,,SECR,Maharashtra
12670,CHHAPRA - CHENNAI CENTRAL Ganga Kaveri Exp,BZA,VIJAYAWADA JN,07:10:00,07:30:00,3,,SCR,Andhra Pradesh
12670,CHHAPRA - CHENNAI CENTRAL Ganga Kaveri Exp,MAS,CHENNAI CENTRAL,14:25:00,None,3,,SR,Tamil Nadu
12058,Una-New Delhi Janshatabdi,CDG,CHANDIGARH,07:23:00,07:33:00,1,,NR,Chandigarh
12058,Una-New Delhi Janshatabdi,UMB,AMBALA CANT JN,08:30:00,08:45:00,1,,NR,Haryana
12058,Una-New Delhi Janshatabdi,NDLS,NEW DELHI,12:00:00,None,1,,NR,Delhi
12064,Una Chandigarh Haridwar Link Jan Shatabdi,CDG,CHANDIGARH,07:23:00,07:33:00,1,,NR,Chandigarh
12064,Una Chandigarh Haridwar Link Jan Shatabdi,UMB,AMBALA CANT JN,08:30:00,11:05:00,1,,NR,Haryana
12334,Vibhuti Express,MGS,MUGHAL SARAI JN,18:50:00,19:00:00,1,,ECR,Uttar Pradesh
12334,Vibhuti Express,PNBE,PATNA JN,22:25:00,22:35:00,1,,ECR,Bihar
12334,Vibhuti Express,ASN,ASANSOL JN,04:33:00,04:43:00,2,,ER,West Bengal
12334,Vibhuti Express,BWN,BARDDHAMAN JN,06:28:00,06:33:00,2,,ER,West Bengal
12334,Vibhuti Express,HWH,HOWRAH JN,07:55:00,None,2,,ER,West Bengal
12132,Sainagar Shirdi-Mumbai Dadar Express,KYN,KALYAN JN,14:45:00,14:50:00,1,,CR,Maharashtra
12132,Sainagar Shirdi-Mumbai Dadar Express,DR,MUMBAI DADAR CENTRAL,16:05:00,None,1,,CR,Maharashtra
12475,Hapa - Jammu Tawi Sarvodaya SF Express,ADI,AHMEDABAD JN,11:10:00,11:35:00,1,,WR,Gujarat
12475,Hapa - Jammu Tawi Sarvodaya SF Express,BRC,VADODARA JN,13:32:00,13:50:00,1,,WR,Gujarat
12475,Hapa - Jammu Tawi Sarvodaya SF Express,RTM,RATLAM JN,17:50:00,18:10:00,1,,WR,Madhya Pradesh
12475,Hapa - Jammu Tawi Sarvodaya SF Express,KOTA,KOTA JN,21:40:00,21:50:00,1,,WCR,Rajasthan
12475,Hapa - Jammu Tawi Sarvodaya SF Express,NZM,DELHI H NIZAMUDDIN,04:11:00,04:13:00,2,,NR,Delhi
12475,Hapa - Jammu Tawi Sarvodaya SF Express,NDLS,NEW DELHI,04:30:00,04:50:00,2,,NR,Delhi
12475,Hapa - Jammu Tawi Sarvodaya SF Express,UMB,AMBALA CANT JN,07:55:00,08:05:00,2,,NR,Haryana
12475,Hapa - Jammu Tawi Sarvodaya SF Express,LDH,LUDHIANA JN,09:40:00,10:00:00,2,,NR,Punjab
12475,Hapa - Jammu Tawi Sarvodaya SF Express,JAT,JAMMU TAWI,14:45:00,None,2,,NR,Jammu and Kashmir
15022,Bhojpuri Express,MGS,MUGHAL SARAI JN,19:25:00,19:45:00,1,,ECR,Uttar Pradesh
15022,Bhojpuri Express,GAYA,GAYA JN,22:15:00,22:20:00,1,,ECR,Bihar
15022,Bhojpuri Express,TATA,TATANAGAR JN,05:40:00,05:55:00,2,,SER,Jharkhand
15005,Rapti Ganga Express,LKO,LUCKNOW,02:50:00,03:00:00,2,,NER,Uttar Pradesh
15005,Rapti Ganga Express,BE,BAREILLY,06:45:00,06:50:00,2,,NER,Uttar Pradesh
15005,Rapti Ganga Express,MB,MORADABAD,08:30:00,08:40:00,2,,NR,Uttar Pradesh
14863,Marudhar Express,LKO,LUCKNOW,00:05:00,00:30:00,2,,NER,Uttar Pradesh
14863,Marudhar Express,CNB,KANPUR CENTRAL,01:55:00,02:00:00,2,,NCR,Uttar Pradesh
14863,Marudhar Express,TDL,TUNDLA JN,05:08:00,05:13:00,2,,NCR,Uttar Pradesh
14863,Marudhar Express,JP,JAIPUR,11:15:00,11:30:00,2,,NWR,Rajasthan
14863,Marudhar Express,JU,JODHPUR JN,17:00:00,None,2,,NWR,Rajasthan
12366,Ranchi Patna Jan Shatabdi Express,GAYA,GAYA JN,20:00:00,20:20:00,1,,ECR,Bihar
12366,Ranchi Patna Jan Shatabdi Express,PNBE,PATNA JN,22:15:00,None,1,,ECR,Bihar
12210,Kathgodam-Kanpur Garib Rath,BE,BAREILLY,22:45:00,22:50:00,1,,NER,Uttar Pradesh
12210,Kathgodam-Kanpur Garib Rath,LKO,LUCKNOW,02:40:00,02:40:00,2,,NER,Uttar Pradesh
12210,Kathgodam-Kanpur Garib Rath,CNB,KANPUR CENTRAL,04:30:00,None,2,,NCR,Uttar Pradesh
15109,Budhpurnima Express,PNBE,PATNA JN,02:10:00,02:20:00,2,,ECR,Bihar
15109,Budhpurnima Express,GAYA,GAYA JN,04:25:00,04:35:00,2,,ECR,Bihar
15109,Budhpurnima Express,MGS,MUGHAL SARAI JN,07:40:00,07:55:00,2,,ECR,Uttar Pradesh
12943,Valsad-Kanpur Udyogkarmi Express,ET,ITARSI JN,08:50:00,09:00:00,2,,WCR,Madhya Pradesh
12943,Valsad-Kanpur Udyogkarmi Express,BPL,BHOPAL JN,10:45:00,10:50:00,2,,WCR,Madhya Pradesh
12943,Valsad-Kanpur Udyogkarmi Express,JHS,JHANSI JN,15:00:00,15:20:00,2,,NCR,Uttar Pradesh
12943,Valsad-Kanpur Udyogkarmi Express,CNB,KANPUR CENTRAL,19:30:00,None,2,,NCR,Uttar Pradesh
15612,Kamakhya-Mumbai LTT Karmabhoomi Express,NJP,NEW JALPAIGURI,03:05:00,03:20:00,2,,NFR,West Bengal
15612,Kamakhya-Mumbai LTT Karmabhoomi Express,BWN,BARDDHAMAN JN,12:27:00,12:30:00,2,,ER,West Bengal
15612,Kamakhya-Mumbai LTT Karmabhoomi Express,HWH,HOWRAH JN,14:15:00,14:35:00,2,,ER,West Bengal
15612,Kamakhya-Mumbai LTT Karmabhoomi Express,TATA,TATANAGAR JN,18:05:00,18:10:00,2,,SER,Jharkhand
15612,Kamakhya-Mumbai LTT Karmabhoomi Express,ROU,ROURKELA,20:25:00,20:45:00,2,,SER,Odisha
15612,Kamakhya-Mumbai LTT Karmabhoomi Express,BSP,BILASPUR JN,01:00:00,01:15:00,3,,SECR,Chhattisgarh
15612,Kamakhya-Mumbai LTT Karmabhoomi Express,R,RAIPUR JN,02:50:00,03:00:00,3,,SECR,Chhattisgarh
15612,Kamakhya-Mumbai LTT Karmabhoomi Express,NGP,NAGPUR,08:20:00,08:30:00,3,,SECR,Maharashtra
15612,Kamakhya-Mumbai LTT Karmabhoomi Express,KYN,KALYAN JN,22:10:00,22:15:00,3,,CR,Maharashtra
19310,Shanti Express,RTM,RATLAM JN,02:20:00,02:30:00,2,,WR,Madhya Pradesh
19310,Shanti Express,BRC,VADODARA JN,06:25:00,06:50:00,2,,WR,Gujarat
19310,Shanti Express,ADI,AHMEDABAD JN,08:45:00,08:55:00,2,,WR,Gujarat
19113,Bhilad Vadodara Express,ST,SURAT,18:09:00,18:12:00,1,,WR,Gujarat
19113,Bhilad Vadodara Express,BRC,VADODARA JN,20:45:00,None,1,,WR,Gujarat
15015,GORAKHPUR - YESVANTPUR Exp,CNB,KANPUR CENTRAL,13:17:00,13:22:00,1,,NCR,Uttar Pradesh
15015,GORAKHPUR - YESVANTPUR Exp,JHS,JHANSI JN,16:45:00,17:05:00,1,,NCR,Uttar Pradesh
15015,GORAKHPUR - YESVANTPUR Exp,BPL,BHOPAL JN,21:50:00,22:00:00,1,,WCR,Madhya Pradesh
15015,GORAKHPUR - YESVANTPUR Exp,ET,ITARSI JN,23:45:00,23:55:00,1,,WCR,Madhya Pradesh
15015,GORAKHPUR - YESVANTPUR Exp,NGP,NAGPUR,04:35:00,04:45:00,2,,SECR,Maharashtra
15015,GORAKHPUR - YESVANTPUR Exp,SC,SECUNDERABAD JN,15:10:00,15:20:00,2,,SCR,Telangana
15015,GORAKHPUR - YESVANTPUR Exp,GTL,GUNTAKAL JN,23:55:00,00:05:00,2,,SCR,Andhra Pradesh
12756,Sangrami Expres,CTC,CUTTACK,18:00:00,18:05:00,1,,ECoR,Odisha
12756,Sangrami Expres,BBS,BHUBANESWAR,19:02:00,19:02:00,1,,ECoR,Odisha
12756,Sangrami Expres,BZA,VIJAYAWADA JN,08:30:00,08:50:00,2,,SCR,Andhra Pradesh
12756,Sangrami Expres,MAS,CHENNAI CENTRAL,17:00:00,None,2,,SR,Tamil Nadu
22447,Khajuraho Nizamuddin Express,JHS,JHANSI JN,23:10:00,23:30:00,1,,NCR,Uttar Pradesh
22447,Khajuraho Nizamuddin Express,GWL,GWALIOR JN,00:48:00,00:48:00,2,,NCR,Madhya Pradesh
22447,Khajuraho Nizamuddin Express,AGC,AGRA CANTT,02:20:00,02:25:00,2,,NCR,Uttar Pradesh
22447,Khajuraho Nizamuddin Express,NZM,DELHI H NIZAMUDDIN,05:30:00,None,2,,NR,Delhi
22407,Varanasi-Delhi Anand Vihar Terminus Garib Rath,LKO,LUCKNOW,01:20:00,01:30:00,2,,NER,Uttar Pradesh
22407,Varanasi-Delhi Anand Vihar Terminus Garib Rath,BE,BAREILLY,05:05:00,05:10:00,2,,NER,Uttar Pradesh
22407,Varanasi-Delhi Anand Vihar Terminus Garib Rath,MB,MORADABAD,06:45:00,06:55:00,2,,NR,Uttar Pradesh
22407,Varanasi-Delhi Anand Vihar Terminus Garib Rath,GZB,GHAZIABAD,09:44:00,09:44:00,2,,NR,Uttar Pradesh
12022,Barbil Howrah Janshatabdi,TATA,TATANAGAR JN,17:00:00,17:10:00,1,,SER,Jharkhand
12022,Barbil Howrah Janshatabdi,HWH,HOWRAH JN,20:50:00,None,1,,ER,West Bengal
13188,Rampurhat- Sealdah Express,BWN,BARDDHAMAN JN,16:17:00,16:19:00,1,,ER,West Bengal
13188,Rampurhat- Sealdah Express,SDAH,KOLKATA SEALDAH,18:45:00,None,1,,ER,West Bengal
17213,Narasapur-Nagarsol Express,BZA,VIJAYAWADA JN,13:45:00,14:05:00,1,,SCR,Andhra Pradesh
17213,Narasapur-Nagarsol Express,SC,SECUNDERABAD JN,20:10:00,20:35:00,1,,SCR,Telangana
17213,Narasapur-Nagarsol Express,NZB,NIZAMABAD,23:25:00,23:27:00,1,,SCR,Andhra Pradesh
17213,Narasapur-Nagarsol Express,AWB,AURANGABAD,06:25:00,06:30:00,2,,SCR,Maharashtra
19039,Awadh Express,ST,SURAT,03:03:00,03:08:00,2,,WR,Gujarat
19039,Awadh Express,BRC,VADODARA JN,05:05:00,05:22:00,2,,WR,Gujarat
19039,Awadh Express,RTM,RATLAM JN,09:40:00,10:00:00,2,,WR,Madhya Pradesh
19039,Awadh Express,KOTA,KOTA JN,14:40:00,14:50:00,2,,WCR,Rajasthan
19039,Awadh Express,TDL,TUNDLA JN,23:50:00,23:58:00,2,,NCR,Uttar Pradesh
19039,Awadh Express,CNB,KANPUR CENTRAL,04:35:00,04:45:00,3,,NCR,Uttar Pradesh
19039,Awadh Express,MFP,MUZAFFARPUR JN,21:50:00,None,3,,ECR,Bihar
12719,AJMER - HYDERABAD DECCAN SF Exp,RTM,RATLAM JN,00:25:00,00:50:00,2,,WR,Madhya Pradesh
12719,AJMER - HYDERABAD DECCAN SF Exp,BPL,BHOPAL JN,06:15:00,06:25:00,2,,WCR,Madhya Pradesh
12719,AJMER - HYDERABAD DECCAN SF Exp,ET,ITARSI JN,08:15:00,08:20:00,2,,WCR,Madhya Pradesh
12719,AJMER - HYDERABAD DECCAN SF Exp,NZB,NIZAMABAD,21:38:00,21:40:00,2,,SCR,Andhra Pradesh
12719,AJMER - HYDERABAD DECCAN SF Exp,SC,SECUNDERABAD JN,00:05:00,00:10:00,3,,SCR,Telangana
12719,AJMER - HYDERABAD DECCAN SF Exp,HYB,HYDERABAD DECCAN,00:30:00,None,3,,SCR,Andhra Pradesh
12971,Bhavnagar Express,ST,SURAT,01:35:00,01:40:00,2,,WR,Gujarat
12971,Bhavnagar Express,BRC,VADODARA JN,03:25:00,03:30:00,2,,WR,Gujarat
12971,Bhavnagar Express,ADI,AHMEDABAD JN,05:25:00,05:45:00,2,,WR,Gujarat
15211,DARBHANGA - AMRITSAR Jan Nayak Exp,MFP,MUZAFFARPUR JN,20:10:00,20:18:00,1,,ECR,Bihar
15211,DARBHANGA - AMRITSAR Jan Nayak Exp,BE,BAREILLY,13:20:00,13:25:00,2,,NER,Uttar Pradesh
15211,DARBHANGA - AMRITSAR Jan Nayak Exp,MB,MORADABAD,14:55:00,15:05:00,2,,NR,Uttar Pradesh
15211,DARBHANGA - AMRITSAR Jan Nayak Exp,UMB,AMBALA CANT JN,20:50:00,21:00:00,2,,NR,Haryana
15211,DARBHANGA - AMRITSAR Jan Nayak Exp,LDH,LUDHIANA JN,22:55:00,23:00:00,2,,NR,Punjab
15211,DARBHANGA - AMRITSAR Jan Nayak Exp,ASR,AMRITSAR JN,01:45:00,None,3,,NR,Punjab
22111,Bhusaval Nagpur (Triweekly) Express,ET,ITARSI JN,10:50:00,11:15:00,1,,WCR,Madhya Pradesh
22111,Bhusaval Nagpur (Triweekly) Express,NGP,NAGPUR,16:00:00,None,1,,SECR,Maharashtra
16382,Kanniyakumari-Mumbai CST Express,TVC,TRIVANDRUM CENTRAL,07:50:00,08:00:00,1,,SR,Kerala
16382,Kanniyakumari-Mumbai CST Express,ERS,ERNAKULAM JN,13:11:00,13:11:00,1,,SR,Kerala
16382,Kanniyakumari-Mumbai CST Express,CBE,COIMBATORE JN,18:00:00,18:05:00,1,,SR,Tamil Nadu
16382,Kanniyakumari-Mumbai CST Express,GTL,GUNTAKAL JN,10:55:00,11:15:00,2,,SCR,Andhra Pradesh
16382,Kanniyakumari-Mumbai CST Express,SUR,SOLAPUR JN,20:10:00,20:20:00,2,,CR,Maharashtra
16382,Kanniyakumari-Mumbai CST Express,PUNE,PUNE JN,00:40:00,00:50:00,3,,CR,Maharashtra
16382,Kanniyakumari-Mumbai CST Express,KYN,KALYAN JN,03:39:00,03:40:00,3,,CR,Maharashtra
16382,Kanniyakumari-Mumbai CST Express,DR,MUMBAI DADAR CENTRAL,04:29:00,04:30:00,3,,CR,Maharashtra
16382,Kanniyakumari-Mumbai CST Express,CSTM,MUMBAI CST,04:50:00,None,3,,CR,Maharashtra
19260,BHAVNAGAR - KOCHUVELI Exp,ADI,AHMEDABAD JN,11:05:00,11:25:00,1,,WR,Gujarat
19260,BHAVNAGAR - KOCHUVELI Exp,BRC,VADODARA JN,13:25:00,13:35:00,1,,WR,Gujarat
19260,BHAVNAGAR - KOCHUVELI Exp,ST,SURAT,15:35:00,15:45:00,1,,WR,Gujarat
19260,BHAVNAGAR - KOCHUVELI Exp,PNVL,PANVEL,22:00:00,22:05:00,1,,CR,Maharashtra
19260,BHAVNAGAR - KOCHUVELI Exp,MAO,MADGAON,07:30:00,07:40:00,2,,KR,Goa
14005,Lichhavi Express,MFP,MUZAFFARPUR JN,05:55:00,06:05:00,2,,ECR,Bihar
14005,Lichhavi Express,ALD,ALLAHABAD JN,19:10:00,19:35:00,2,,NCR,Uttar Pradesh
14005,Lichhavi Express,CNB,KANPUR CENTRAL,22:00:00,22:05:00,2,,NCR,Uttar Pradesh
14005,Lichhavi Express,TDL,TUNDLA JN,01:20:00,01:20:00,3,,NCR,Uttar Pradesh
14005,Lichhavi Express,ALJN,ALIGARH JN,02:25:00,02:25:00,3,,NCR,Uttar Pradesh
14005,Lichhavi Express,GZB,GHAZIABAD,03:50:00,03:52:00,3,,NR,Uttar Pradesh
12427,REWA - DELHI ANAND VIHAR SF Exp,ALD,ALLAHABAD JN,20:35:00,21:00:00,1,,NCR,Uttar Pradesh
12427,REWA - DELHI ANAND VIHAR SF Exp,CNB,KANPUR CENTRAL,23:30:00,23:35:00,1,,NCR,Uttar Pradesh
12427,REWA - DELHI ANAND VIHAR SF Exp,TDL,TUNDLA JN,02:41:00,02:41:00,2,,NCR,Uttar Pradesh
12427,REWA - DELHI ANAND VIHAR SF Exp,ALJN,ALIGARH JN,03:40:00,03:45:00,2,,NCR,Uttar Pradesh
12427,REWA - DELHI ANAND VIHAR SF Exp,GZB,GHAZIABAD,05:58:00,06:00:00,2,,NR,Uttar Pradesh
12349,Bhagalpur-NewDelhi Weekly SF Express,PNBE,PATNA JN,22:25:00,22:35:00,1,,ECR,Bihar
12349,Bhagalpur-NewDelhi Weekly SF Express,MGS,MUGHAL SARAI JN,01:48:00,01:48:00,2,,ECR,Uttar Pradesh
12349,Bhagalpur-NewDelhi Weekly SF Express,ALD,ALLAHABAD JN,04:08:00,04:20:00,2,,NCR,Uttar Pradesh
12349,Bhagalpur-NewDelhi Weekly SF Express,CNB,KANPUR CENTRAL,06:45:00,06:50:00,2,,NCR,Uttar Pradesh
12349,Bhagalpur-NewDelhi Weekly SF Express,TDL,TUNDLA JN,10:05:00,10:05:00,2,,NCR,Uttar Pradesh
12349,Bhagalpur-NewDelhi Weekly SF Express,ALJN,ALIGARH JN,11:11:00,11:11:00,2,,NCR,Uttar Pradesh
12349,Bhagalpur-NewDelhi Weekly SF Express,GZB,GHAZIABAD,12:40:00,12:40:00,2,,NR,Uttar Pradesh
12349,Bhagalpur-NewDelhi Weekly SF Express,NDLS,NEW DELHI,13:00:00,None,2,,NR,Delhi
12539,YESVANTPUR - LUCKNOW SF Exp,BZA,VIJAYAWADA JN,22:55:00,23:05:00,1,,SCR,Andhra Pradesh
12539,YESVANTPUR - LUCKNOW SF Exp,NGP,NAGPUR,10:20:00,10:30:00,2,,SECR,Maharashtra
12539,YESVANTPUR - LUCKNOW SF Exp,ET,ITARSI JN,15:40:00,15:50:00,2,,WCR,Madhya Pradesh
12539,YESVANTPUR - LUCKNOW SF Exp,JBP,JABALPUR,19:15:00,19:25:00,2,,WCR,Madhya Pradesh
12539,YESVANTPUR - LUCKNOW SF Exp,ALD,ALLAHABAD JN,02:10:00,02:35:00,3,,NCR,Uttar Pradesh
12539,YESVANTPUR - LUCKNOW SF Exp,LKO,LUCKNOW,08:50:00,None,3,,NER,Uttar Pradesh
53140,Chittranjan-KolkataChitpur Passenger,ASN,ASANSOL JN,09:10:00,09:15:00,1,,ER,West Bengal
53140,Chittranjan-KolkataChitpur Passenger,BWN,BARDDHAMAN JN,11:05:00,11:07:00,1,,ER,West Bengal
12215,Delhi Sarai Rohilla-Mumbai BandraT Garib Rath,JP,JAIPUR,14:10:00,14:25:00,1,,NWR,Rajasthan
12215,Delhi Sarai Rohilla-Mumbai BandraT Garib Rath,ADI,AHMEDABAD JN,01:20:00,01:30:00,2,,WR,Gujarat
12215,Delhi Sarai Rohilla-Mumbai BandraT Garib Rath,BRC,VADODARA JN,03:04:00,03:09:00,2,,WR,Gujarat
12215,Delhi Sarai Rohilla-Mumbai BandraT Garib Rath,ST,SURAT,04:43:00,04:46:00,2,,WR,Gujarat
14011,Kathgodam-Anand Vihar AC Express,MB,MORADABAD,18:30:00,18:40:00,1,,NR,Uttar Pradesh
14011,Kathgodam-Anand Vihar AC Express,GZB,GHAZIABAD,20:53:00,20:55:00,1,,NR,Uttar Pradesh
19657,Indore Jn - Udaipur Express,RTM,RATLAM JN,11:50:00,12:20:00,1,,WR,Madhya Pradesh
19657,Indore Jn - Udaipur Express,UDZ,UDAIPUR CITY,19:00:00,None,1,,NWR,Rajasthan
12825,Jharkhand Sampark Kranti Express,GAYA,GAYA JN,05:38:00,05:38:00,2,,ECR,Bihar
12825,Jharkhand Sampark Kranti Express,MGS,MUGHAL SARAI JN,08:40:00,09:00:00,2,,ECR,Uttar Pradesh
12825,Jharkhand Sampark Kranti Express,ALD,ALLAHABAD JN,11:04:00,11:04:00,2,,NCR,Uttar Pradesh
12825,Jharkhand Sampark Kranti Express,CNB,KANPUR CENTRAL,13:40:00,13:55:00,2,,NCR,Uttar Pradesh
12825,Jharkhand Sampark Kranti Express,TDL,TUNDLA JN,17:36:00,17:36:00,2,,NCR,Uttar Pradesh
12825,Jharkhand Sampark Kranti Express,ALJN,ALIGARH JN,18:50:00,18:50:00,2,,NCR,Uttar Pradesh
12825,Jharkhand Sampark Kranti Express,GZB,GHAZIABAD,20:32:00,20:32:00,2,,NR,Uttar Pradesh
12825,Jharkhand Sampark Kranti Express,NDLS,NEW DELHI,20:50:00,None,2,,NR,Delhi
12913,Indore-Nagpur Weekly Express,BPL,BHOPAL JN,01:39:00,01:39:00,2,,WCR,Madhya Pradesh
12913,Indore-Nagpur Weekly Express,ET,ITARSI JN,03:15:00,03:15:00,2,,WCR,Madhya Pradesh
12913,Indore-Nagpur Weekly Express,NGP,NAGPUR,08:25:00,None,2,,SECR,Maharashtra
19051,VALSAD - MUZAFFARPUR Shramik Exp,MFP,MUZAFFARPUR JN,None,None,,,ECR,Bihar
19051,VALSAD - MUZAFFARPUR Shramik Exp,ET,ITARSI JN,08:54:00,08:54:00,2,,WCR,Madhya Pradesh
19051,VALSAD - MUZAFFARPUR Shramik Exp,JBP,JABALPUR,12:30:00,12:40:00,2,,WCR,Madhya Pradesh
12435,DIBRUGARH TOWN - NEW DELHI Rajdhani Exp,GHY,GUWAHATI,05:05:00,05:55:00,2,,NFR,Assam
12435,DIBRUGARH TOWN - NEW DELHI Rajdhani Exp,NJP,NEW JALPAIGURI,12:05:00,12:15:00,2,,NFR,West Bengal
12435,DIBRUGARH TOWN - NEW DELHI Rajdhani Exp,LKO,LUCKNOW,06:00:00,06:10:00,3,,NER,Uttar Pradesh
12435,DIBRUGARH TOWN - NEW DELHI Rajdhani Exp,BE,BAREILLY,09:27:00,09:30:00,3,,NER,Uttar Pradesh
12435,DIBRUGARH TOWN - NEW DELHI Rajdhani Exp,MB,MORADABAD,10:55:00,11:00:00,3,,NR,Uttar Pradesh
12435,DIBRUGARH TOWN - NEW DELHI Rajdhani Exp,GZB,GHAZIABAD,13:21:00,13:21:00,3,,NR,Uttar Pradesh
12435,DIBRUGARH TOWN - NEW DELHI Rajdhani Exp,NDLS,NEW DELHI,13:45:00,None,3,,NR,Delhi
19568,OKHA - TUTICORIN Exp,ADI,AHMEDABAD JN,09:40:00,10:00:00,1,,WR,Gujarat
19568,OKHA - TUTICORIN Exp,BRC,VADODARA JN,12:05:00,12:15:00,1,,WR,Gujarat
19568,OKHA - TUTICORIN Exp,ST,SURAT,14:20:00,14:30:00,1,,WR,Gujarat
19568,OKHA - TUTICORIN Exp,KYN,KALYAN JN,19:40:00,19:45:00,1,,CR,Maharashtra
19568,OKHA - TUTICORIN Exp,PUNE,PUNE JN,22:25:00,22:30:00,1,,CR,Maharashtra
19568,OKHA - TUTICORIN Exp,SUR,SOLAPUR JN,02:50:00,03:00:00,2,,CR,Maharashtra
19568,OKHA - TUTICORIN Exp,GTL,GUNTAKAL JN,09:40:00,09:55:00,2,,SCR,Andhra Pradesh
12509,BENGALURU - GUWAHATI (Kaziranga) SF Express,MAS,CHENNAI CENTRAL,05:40:00,06:20:00,2,,SR,Tamil Nadu
12509,BENGALURU - GUWAHATI (Kaziranga) SF Express,BZA,VIJAYAWADA JN,13:05:00,13:20:00,2,,SCR,Andhra Pradesh
12509,BENGALURU - GUWAHATI (Kaziranga) SF Express,VSKP,VISHAKAPATNAM,19:25:00,19:45:00,2,,ECoR,Andhra Pradesh
12509,BENGALURU - GUWAHATI (Kaziranga) SF Express,BBS,BHUBANESWAR,02:15:00,02:25:00,3,,ECoR,Odisha
12509,BENGALURU - GUWAHATI (Kaziranga) SF Express,CTC,CUTTACK,03:11:00,03:16:00,3,,ECoR,Odisha
12509,BENGALURU - GUWAHATI (Kaziranga) SF Express,HWH,HOWRAH JN,10:55:00,11:15:00,3,,ER,West Bengal
12509,BENGALURU - GUWAHATI (Kaziranga) SF Express,BWN,BARDDHAMAN JN,12:36:00,12:36:00,3,,ER,West Bengal
12509,BENGALURU - GUWAHATI (Kaziranga) SF Express,NJP,NEW JALPAIGURI,21:30:00,21:45:00,3,,NFR,West Bengal
12509,BENGALURU - GUWAHATI (Kaziranga) SF Express,GHY,GUWAHATI,05:50:00,None,4,,NFR,Assam
23010,Doon Express,MB,MORADABAD,01:55:00,02:10:00,2,,NR,Uttar Pradesh
23010,Doon Express,BE,BAREILLY,03:56:00,04:01:00,2,,NER,Uttar Pradesh
23010,Doon Express,LKO,LUCKNOW,08:20:00,08:35:00,2,,NER,Uttar Pradesh
23010,Doon Express,MGS,MUGHAL SARAI JN,17:10:00,17:35:00,2,,ECR,Uttar Pradesh
23010,Doon Express,GAYA,GAYA JN,21:17:00,21:27:00,2,,ECR,Bihar
23010,Doon Express,DHN,DHANBAD JN,01:10:00,01:20:00,3,,ECR,Jharkhand
23010,Doon Express,ASN,ASANSOL JN,02:20:00,02:25:00,3,,ER,West Bengal
23010,Doon Express,BWN,BARDDHAMAN JN,04:22:00,04:27:00,3,,ER,West Bengal
23010,Doon Express,HWH,HOWRAH JN,06:55:00,None,3,,ER,West Bengal
12344,Darjeeling Mail,NJP,NEW JALPAIGURI,18:40:00,20:00:00,1,,NFR,West Bengal
12344,Darjeeling Mail,BWN,BARDDHAMAN JN,04:08:00,04:11:00,2,,ER,West Bengal
12344,Darjeeling Mail,SDAH,KOLKATA SEALDAH,06:00:00,None,2,,ER,West Bengal
12348,Rampur Hat-Howrah SF Express,BWN,BARDDHAMAN JN,18:35:00,18:37:00,1,,ER,West Bengal
12348,Rampur Hat-Howrah SF Express,HWH,HOWRAH JN,20:15:00,None,1,,ER,West Bengal
04011,Sainagar Shirdi - H. Nizamuddin (Weekly) Special,ET,ITARSI JN,21:15:00,21:25:00,1,,WCR,Madhya Pradesh
04011,Sainagar Shirdi - H. Nizamuddin (Weekly) Special,BPL,BHOPAL JN,23:20:00,23:30:00,1,,WCR,Madhya Pradesh
04011,Sainagar Shirdi - H. Nizamuddin (Weekly) Special,JHS,JHANSI JN,04:30:00,04:40:00,2,,NCR,Uttar Pradesh
04011,Sainagar Shirdi - H. Nizamuddin (Weekly) Special,GWL,GWALIOR JN,06:15:00,06:20:00,2,,NCR,Madhya Pradesh
04011,Sainagar Shirdi - H. Nizamuddin (Weekly) Special,AGC,AGRA CANTT,08:45:00,08:50:00,2,,NCR,Uttar Pradesh
04011,Sainagar Shirdi - H. Nizamuddin (Weekly) Special,NZM,DELHI H NIZAMUDDIN,12:55:00,None,2,,NR,Delhi
12018,Dehradun-New Delhi Shatabdi,GZB,GHAZIABAD,22:03:00,22:05:00,1,,NR,Uttar Pradesh
12018,Dehradun-New Delhi Shatabdi,NDLS,NEW DELHI,22:45:00,None,1,,NR,Delhi
19710,KAMAKHYA - JAIPUR Kavi Guru Exp,NJP,NEW JALPAIGURI,03:35:00,03:50:00,2,,NFR,West Bengal
19710,KAMAKHYA - JAIPUR Kavi Guru Exp,MFP,MUZAFFARPUR JN,12:48:00,12:53:00,2,,ECR,Bihar
19710,KAMAKHYA - JAIPUR Kavi Guru Exp,LKO,LUCKNOW,02:30:00,02:40:00,3,,NER,Uttar Pradesh
19710,KAMAKHYA - JAIPUR Kavi Guru Exp,CNB,KANPUR CENTRAL,04:15:00,04:25:00,3,,NCR,Uttar Pradesh
19710,KAMAKHYA - JAIPUR Kavi Guru Exp,JP,JAIPUR,17:55:00,None,3,,NWR,Rajasthan
06202,Sainagar Shirdi - Mysore Special,SUR,SOLAPUR JN,08:38:00,08:40:00,2,,CR,Maharashtra
06202,Sainagar Shirdi - Mysore Special,GTL,GUNTAKAL JN,20:40:00,20:45:00,2,,SCR,Andhra Pradesh
06202,Sainagar Shirdi - Mysore Special,SBC,BANGALORE CITY JN,03:50:00,04:00:00,3,,SWR,Karnataka
06202,Sainagar Shirdi - Mysore Special,MYS,MYSORE JN,07:10:00,None,3,,SWR,Karnataka
09733,Hanumangarh Kota Special,BKN,BIKANER JN,22:25:00,22:35:00,1,,NWR,Rajasthan
09733,Hanumangarh Kota Special,JP,JAIPUR,05:15:00,05:25:00,2,,NWR,Rajasthan
09733,Hanumangarh Kota Special,KOTA,KOTA JN,09:30:00,None,2,,WCR,Rajasthan
13508,Gorakhpur-Asansol Express,MFP,MUZAFFARPUR JN,04:00:00,04:15:00,2,,ECR,Bihar
13508,Gorakhpur-Asansol Express,ASN,ASANSOL JN,11:15:00,None,2,,ER,West Bengal
29019,Nimach Kota Link Exp,KOTA,KOTA JN,18:50:00,19:30:00,1,,WCR,Rajasthan
29019,Nimach Kota Link Exp,NZM,DELHI H NIZAMUDDIN,05:25:00,05:50:00,2,,NR,Delhi
29019,Nimach Kota Link Exp,GZB,GHAZIABAD,06:33:00,06:35:00,2,,NR,Uttar Pradesh
19707,Aravalli Express,ST,SURAT,01:20:00,01:25:00,2,,WR,Gujarat
19707,Aravalli Express,BRC,VADODARA JN,03:16:00,03:21:00,2,,WR,Gujarat
19707,Aravalli Express,ADI,AHMEDABAD JN,05:15:00,05:35:00,2,,WR,Gujarat
19707,Aravalli Express,JP,JAIPUR,18:45:00,None,2,,NWR,Rajasthan
14019,Chhindwara Delhi SR (Biweekly) Kanhan valley Express,ET,ITARSI JN,14:55:00,15:10:00,1,,WCR,Madhya Pradesh
14019,Chhindwara Delhi SR (Biweekly) Kanhan valley Express,BPL,BHOPAL JN,17:00:00,17:10:00,1,,WCR,Madhya Pradesh
14019,Chhindwara Delhi SR (Biweekly) Kanhan valley Express,JHS,JHANSI JN,22:25:00,22:35:00,1,,NCR,Uttar Pradesh
14019,Chhindwara Delhi SR (Biweekly) Kanhan valley Express,GWL,GWALIOR JN,23:50:00,23:55:00,1,,NCR,Madhya Pradesh
14019,Chhindwara Delhi SR (Biweekly) Kanhan valley Express,AGC,AGRA CANTT,02:05:00,02:10:00,2,,NCR,Uttar Pradesh
14019,Chhindwara Delhi SR (Biweekly) Kanhan valley Express,NZM,DELHI H NIZAMUDDIN,05:32:00,05:32:00,2,,NR,Delhi
11040,Maharashtra Express,NGP,NAGPUR,10:35:00,10:55:00,1,,SECR,Maharashtra
11040,Maharashtra Express,PUNE,PUNE JN,04:40:00,04:50:00,2,,CR,Maharashtra
11040,Maharashtra Express,KOP,C SHAHU M RAJ KOLHAPUR TERM,12:45:00,None,2,,CR,Maharashtra
12254,BHAGALPUR - YESVANTPUR Anga SF Exp,VSKP,VISHAKAPATNAM,None,None,,,ECoR,Andhra Pradesh
12254,BHAGALPUR - YESVANTPUR Anga SF Exp,ASN,ASANSOL JN,20:10:00,20:15:00,1,,ER,West Bengal
12254,BHAGALPUR - YESVANTPUR Anga SF Exp,BWN,BARDDHAMAN JN,21:37:00,21:39:00,1,,ER,West Bengal
12254,BHAGALPUR - YESVANTPUR Anga SF Exp,HWH,HOWRAH JN,23:05:00,23:30:00,1,,ER,West Bengal
12254,BHAGALPUR - YESVANTPUR Anga SF Exp,CTC,CUTTACK,05:20:00,05:25:00,2,,ECoR,Odisha
12254,BHAGALPUR - YESVANTPUR Anga SF Exp,BBS,BHUBANESWAR,06:00:00,06:05:00,2,,ECoR,Odisha
12254,BHAGALPUR - YESVANTPUR Anga SF Exp,BZA,VIJAYAWADA JN,18:45:00,19:05:00,2,,SCR,Andhra Pradesh
12477,Jamnagar - Jammu Tawi SF Sindhu Express,ADI,AHMEDABAD JN,11:10:00,11:35:00,1,,WR,Gujarat
12477,Jamnagar - Jammu Tawi SF Sindhu Express,BRC,VADODARA JN,13:32:00,13:50:00,1,,WR,Gujarat
12477,Jamnagar - Jammu Tawi SF Sindhu Express,RTM,RATLAM JN,17:50:00,18:10:00,1,,WR,Madhya Pradesh
12477,Jamnagar - Jammu Tawi SF Sindhu Express,KOTA,KOTA JN,21:40:00,21:50:00,1,,WCR,Rajasthan
12477,Jamnagar - Jammu Tawi SF Sindhu Express,NZM,DELHI H NIZAMUDDIN,04:11:00,04:13:00,2,,NR,Delhi
12477,Jamnagar - Jammu Tawi SF Sindhu Express,NDLS,NEW DELHI,04:30:00,04:50:00,2,,NR,Delhi
12477,Jamnagar - Jammu Tawi SF Sindhu Express,UMB,AMBALA CANT JN,07:55:00,08:05:00,2,,NR,Haryana
12477,Jamnagar - Jammu Tawi SF Sindhu Express,LDH,LUDHIANA JN,09:40:00,10:00:00,2,,NR,Punjab
12477,Jamnagar - Jammu Tawi SF Sindhu Express,JAT,JAMMU TAWI,14:45:00,None,2,,NR,Jammu and Kashmir
12556,Gorakhdham Express,NDLS,NEW DELHI,20:10:00,20:25:00,1,,NR,Delhi
12556,Gorakhdham Express,GZB,GHAZIABAD,20:49:00,20:49:00,1,,NR,Uttar Pradesh
12556,Gorakhdham Express,ALJN,ALIGARH JN,22:28:00,22:28:00,1,,NCR,Uttar Pradesh
12556,Gorakhdham Express,TDL,TUNDLA JN,23:41:00,23:41:00,1,,NCR,Uttar Pradesh
12556,Gorakhdham Express,CNB,KANPUR CENTRAL,03:10:00,03:15:00,2,,NCR,Uttar Pradesh
12556,Gorakhdham Express,LKO,LUCKNOW,04:45:00,05:00:00,2,,NER,Uttar Pradesh
16335,GANDHIDHAM - NAGERCOIL Weekly Exp,ADI,AHMEDABAD JN,11:05:00,11:25:00,1,,WR,Gujarat
16335,GANDHIDHAM - NAGERCOIL Weekly Exp,BRC,VADODARA JN,13:25:00,13:35:00,1,,WR,Gujarat
16335,GANDHIDHAM - NAGERCOIL Weekly Exp,ST,SURAT,15:35:00,15:45:00,1,,WR,Gujarat
16335,GANDHIDHAM - NAGERCOIL Weekly Exp,PNVL,PANVEL,22:00:00,22:05:00,1,,CR,Maharashtra
16335,GANDHIDHAM - NAGERCOIL Weekly Exp,MAO,MADGAON,07:30:00,07:40:00,2,,KR,Goa
16335,GANDHIDHAM - NAGERCOIL Weekly Exp,TVC,TRIVANDRUM CENTRAL,03:00:00,03:10:00,3,,SR,Kerala
17206,Kakinada-Sainagar Shirdi Express,BZA,VIJAYAWADA JN,10:29:00,10:30:00,1,,SCR,Andhra Pradesh
17206,Kakinada-Sainagar Shirdi Express,SC,SECUNDERABAD JN,16:25:00,16:40:00,1,,SCR,Telangana
17206,Kakinada-Sainagar Shirdi Express,AWB,AURANGABAD,04:55:00,05:00:00,2,,SCR,Maharashtra
18451,HATIA - PURI Tapaswini Exp,ROU,ROURKELA,19:15:00,19:20:00,1,,SER,Odisha
18451,HATIA - PURI Tapaswini Exp,CTC,CUTTACK,04:05:00,04:10:00,2,,ECoR,Odisha
18451,HATIA - PURI Tapaswini Exp,BBS,BHUBANESWAR,04:45:00,04:50:00,2,,ECoR,Odisha
18451,HATIA - PURI Tapaswini Exp,PURI,PURI,07:15:00,None,2,,ECoR,Odisha
12660,Shalimar-Nagercoil Gurudev Express,CTC,CUTTACK,05:50:00,05:55:00,2,,ECoR,Odisha
12660,Shalimar-Nagercoil Gurudev Express,BBS,BHUBANESWAR,06:40:00,06:45:00,2,,ECoR,Odisha
12660,Shalimar-Nagercoil Gurudev Express,VSKP,VISHAKAPATNAM,14:20:00,14:40:00,2,,ECoR,Andhra Pradesh
12660,Shalimar-Nagercoil Gurudev Express,BZA,VIJAYAWADA JN,20:40:00,20:55:00,2,,SCR,Andhra Pradesh
12660,Shalimar-Nagercoil Gurudev Express,CBE,COIMBATORE JN,11:25:00,11:30:00,3,,SR,Tamil Nadu
12660,Shalimar-Nagercoil Gurudev Express,ERS,ERNAKULAM JN,15:48:00,15:48:00,3,,SR,Kerala
12660,Shalimar-Nagercoil Gurudev Express,TVC,TRIVANDRUM CENTRAL,20:00:00,20:10:00,3,,SR,Kerala
15668,KAMAKHYA - GANDHIDHAM Exp,NJP,NEW JALPAIGURI,18:10:00,18:25:00,1,,NFR,West Bengal
15668,KAMAKHYA - GANDHIDHAM Exp,PNBE,PATNA JN,04:50:00,05:05:00,2,,ECR,Bihar
15668,KAMAKHYA - GANDHIDHAM Exp,MGS,MUGHAL SARAI JN,09:05:00,09:25:00,2,,ECR,Uttar Pradesh
15668,KAMAKHYA - GANDHIDHAM Exp,LKO,LUCKNOW,17:10:00,17:35:00,2,,NER,Uttar Pradesh
15668,KAMAKHYA - GANDHIDHAM Exp,CNB,KANPUR CENTRAL,19:20:00,19:30:00,2,,NCR,Uttar Pradesh
15668,KAMAKHYA - GANDHIDHAM Exp,TDL,TUNDLA JN,23:35:00,23:45:00,2,,NCR,Uttar Pradesh
15668,KAMAKHYA - GANDHIDHAM Exp,KOTA,KOTA JN,06:10:00,06:20:00,3,,WCR,Rajasthan
15668,KAMAKHYA - GANDHIDHAM Exp,RTM,RATLAM JN,10:20:00,10:40:00,3,,WR,Madhya Pradesh
15668,KAMAKHYA - GANDHIDHAM Exp,BRC,VADODARA JN,16:30:00,17:00:00,3,,WR,Gujarat
15668,KAMAKHYA - GANDHIDHAM Exp,ADI,AHMEDABAD JN,19:00:00,19:20:00,3,,WR,Gujarat
12979,Mumbai Bandra (T.) - Jaipur (Tri-weekly) SF Exp,ST,SURAT,20:30:00,20:35:00,1,,WR,Gujarat
12979,Mumbai Bandra (T.) - Jaipur (Tri-weekly) SF Exp,BRC,VADODARA JN,22:24:00,22:42:00,1,,WR,Gujarat
12979,Mumbai Bandra (T.) - Jaipur (Tri-weekly) SF Exp,RTM,RATLAM JN,02:50:00,03:00:00,2,,WR,Madhya Pradesh
12979,Mumbai Bandra (T.) - Jaipur (Tri-weekly) SF Exp,KOTA,KOTA JN,06:30:00,06:40:00,2,,WCR,Rajasthan
12979,Mumbai Bandra (T.) - Jaipur (Tri-weekly) SF Exp,JP,JAIPUR,10:30:00,None,2,,NWR,Rajasthan
15227,YESVANTPUR - MUZAFFARPUR Weekly Exp,MAS,CHENNAI CENTRAL,09:30:00,09:55:00,2,,SR,Tamil Nadu
15227,YESVANTPUR - MUZAFFARPUR Weekly Exp,BZA,VIJAYAWADA JN,16:45:00,17:00:00,2,,SCR,Andhra Pradesh
15227,YESVANTPUR - MUZAFFARPUR Weekly Exp,VSKP,VISHAKAPATNAM,23:05:00,23:25:00,2,,ECoR,Andhra Pradesh
15227,YESVANTPUR - MUZAFFARPUR Weekly Exp,BBS,BHUBANESWAR,06:32:00,06:37:00,3,,ECoR,Odisha
15227,YESVANTPUR - MUZAFFARPUR Weekly Exp,CTC,CUTTACK,07:22:00,07:27:00,3,,ECoR,Odisha
15227,YESVANTPUR - MUZAFFARPUR Weekly Exp,HWH,HOWRAH JN,13:55:00,14:15:00,3,,ER,West Bengal
15227,YESVANTPUR - MUZAFFARPUR Weekly Exp,BWN,BARDDHAMAN JN,15:35:00,15:35:00,3,,ER,West Bengal
15227,YESVANTPUR - MUZAFFARPUR Weekly Exp,MFP,MUZAFFARPUR JN,04:00:00,None,4,,ECR,Bihar
11471,Indore-Jabalpur Overnight Express,BPL,BHOPAL JN,22:40:00,22:50:00,1,,WCR,Madhya Pradesh
11471,Indore-Jabalpur Overnight Express,ET,ITARSI JN,00:50:00,01:20:00,2,,WCR,Madhya Pradesh
11471,Indore-Jabalpur Overnight Express,JBP,JABALPUR,05:40:00,None,2,,WCR,Madhya Pradesh
13150,Kanchan Kanya Express,NJP,NEW JALPAIGURI,20:15:00,20:30:00,1,,NFR,West Bengal
13150,Kanchan Kanya Express,BWN,BARDDHAMAN JN,06:14:00,06:19:00,2,,ER,West Bengal
13150,Kanchan Kanya Express,SDAH,KOLKATA SEALDAH,08:15:00,None,2,,ER,West Bengal
18182,Chhapra-Tata Express,MFP,MUZAFFARPUR JN,16:30:00,16:40:00,1,,ECR,Bihar
18182,Chhapra-Tata Express,ASN,ASANSOL JN,01:30:00,02:00:00,2,,ER,West Bengal
18182,Chhapra-Tata Express,TATA,TATANAGAR JN,06:40:00,None,2,,SER,Jharkhand
16525,KANNIYAKUMARI - BANGALORE Island Exp,TVC,TRIVANDRUM CENTRAL,12:45:00,12:55:00,1,,SR,Kerala
16525,KANNIYAKUMARI - BANGALORE Island Exp,CBE,COIMBATORE JN,22:50:00,22:55:00,1,,SR,Tamil Nadu
16525,KANNIYAKUMARI - BANGALORE Island Exp,SBC,BANGALORE CITY JN,06:55:00,None,2,,SWR,Karnataka
17603-Slip,Prasanthi Nilayam Express,GTL,GUNTAKAL JN,03:30:00,04:10:00,2,,SCR,Andhra Pradesh
17603-Slip,Prasanthi Nilayam Express,UBL,HUBLI JN,09:40:00,None,2,,SWR,Karnataka
18413,Paradip Puri InterCity Express,CTC,CUTTACK,19:40:00,20:10:00,1,,ECoR,Odisha
18413,Paradip Puri InterCity Express,BBS,BHUBANESWAR,20:40:00,20:45:00,1,,ECoR,Odisha
18413,Paradip Puri InterCity Express,PURI,PURI,22:45:00,None,1,,ECoR,Odisha
12423,DIBRUGARH TOWN - NEW DELHI Rajdhani Exp,GHY,GUWAHATI,06:15:00,07:05:00,2,,NFR,Assam
12423,DIBRUGARH TOWN - NEW DELHI Rajdhani Exp,NJP,NEW JALPAIGURI,13:05:00,13:15:00,2,,NFR,West Bengal
12423,DIBRUGARH TOWN - NEW DELHI Rajdhani Exp,PNBE,PATNA JN,21:40:00,21:50:00,2,,ECR,Bihar
12423,DIBRUGARH TOWN - NEW DELHI Rajdhani Exp,MGS,MUGHAL SARAI JN,01:00:00,01:10:00,3,,ECR,Uttar Pradesh
12423,DIBRUGARH TOWN - NEW DELHI Rajdhani Exp,ALD,ALLAHABAD JN,02:52:00,02:55:00,3,,NCR,Uttar Pradesh
12423,DIBRUGARH TOWN - NEW DELHI Rajdhani Exp,CNB,KANPUR CENTRAL,05:00:00,05:08:00,3,,NCR,Uttar Pradesh
12423,DIBRUGARH TOWN - NEW DELHI Rajdhani Exp,TDL,TUNDLA JN,07:47:00,07:47:00,3,,NCR,Uttar Pradesh
12423,DIBRUGARH TOWN - NEW DELHI Rajdhani Exp,ALJN,ALIGARH JN,08:41:00,08:41:00,3,,NCR,Uttar Pradesh
12423,DIBRUGARH TOWN - NEW DELHI Rajdhani Exp,GZB,GHAZIABAD,09:54:00,09:54:00,3,,NR,Uttar Pradesh
12423,DIBRUGARH TOWN - NEW DELHI Rajdhani Exp,NDLS,NEW DELHI,10:10:00,None,3,,NR,Delhi
19037,Awadh Express,ST,SURAT,03:03:00,03:08:00,2,,WR,Gujarat
19037,Awadh Express,BRC,VADODARA JN,05:05:00,05:22:00,2,,WR,Gujarat
19037,Awadh Express,RTM,RATLAM JN,09:40:00,10:00:00,2,,WR,Madhya Pradesh
19037,Awadh Express,KOTA,KOTA JN,14:40:00,14:50:00,2,,WCR,Rajasthan
19037,Awadh Express,TDL,TUNDLA JN,23:50:00,23:58:00,2,,NCR,Uttar Pradesh
19037,Awadh Express,CNB,KANPUR CENTRAL,04:35:00,04:45:00,3,,NCR,Uttar Pradesh
18417,Jharsuguda-Bhubaneswar Rajya Rani Express,CTC,CUTTACK,05:40:00,05:45:00,2,,ECoR,Odisha
18417,Jharsuguda-Bhubaneswar Rajya Rani Express,BBS,BHUBANESWAR,07:35:00,None,2,,ECoR,Odisha
58529,Durg Visakhapatnam Passenger,R,RAIPUR JN,19:20:00,19:40:00,1,,SECR,Chhattisgarh
58529,Durg Visakhapatnam Passenger,VSKP,VISHAKAPATNAM,12:15:00,None,2,,ECoR,Andhra Pradesh
14015,Sadbhavna Express,MFP,MUZAFFARPUR JN,03:45:00,04:15:00,1,,ECR,Bihar
14015,Sadbhavna Express,LKO,LUCKNOW,18:40:00,18:50:00,1,,NER,Uttar Pradesh
14015,Sadbhavna Express,BE,BAREILLY,23:00:00,23:00:00,1,,NER,Uttar Pradesh
14015,Sadbhavna Express,MB,MORADABAD,01:20:00,01:30:00,2,,NR,Uttar Pradesh
14015,Sadbhavna Express,GZB,GHAZIABAD,04:00:00,04:02:00,2,,NR,Uttar Pradesh
15620,KAMAKHYA - GAYA Weekly Exp,NJP,NEW JALPAIGURI,15:25:00,15:40:00,1,,NFR,West Bengal
15620,KAMAKHYA - GAYA Weekly Exp,GAYA,GAYA JN,05:35:00,None,2,,ECR,Bihar
19269,Porbandar Muzaffarpur Express,ADI,AHMEDABAD JN,00:20:00,00:50:00,2,,WR,Gujarat
19269,Porbandar Muzaffarpur Express,JP,JAIPUR,13:35:00,13:50:00,2,,NWR,Rajasthan
19269,Porbandar Muzaffarpur Express,GZB,GHAZIABAD,21:04:00,21:04:00,2,,NR,Uttar Pradesh
19269,Porbandar Muzaffarpur Express,MB,MORADABAD,23:50:00,00:05:00,2,,NR,Uttar Pradesh
19269,Porbandar Muzaffarpur Express,BE,BAREILLY,01:25:00,01:30:00,3,,NER,Uttar Pradesh
19269,Porbandar Muzaffarpur Express,LKO,LUCKNOW,05:20:00,05:55:00,3,,NER,Uttar Pradesh
19269,Porbandar Muzaffarpur Express,MFP,MUZAFFARPUR JN,18:10:00,None,3,,ECR,Bihar
09406,Yeshwantpur-Ahmedabad Special,GTL,GUNTAKAL JN,11:45:00,11:50:00,1,,SCR,Andhra Pradesh
09406,Yeshwantpur-Ahmedabad Special,SUR,SOLAPUR JN,22:15:00,22:25:00,1,,CR,Maharashtra
09406,Yeshwantpur-Ahmedabad Special,PUNE,PUNE JN,03:40:00,04:00:00,2,,CR,Maharashtra
09406,Yeshwantpur-Ahmedabad Special,KYN,KALYAN JN,06:48:00,06:50:00,2,,CR,Maharashtra
09406,Yeshwantpur-Ahmedabad Special,ST,SURAT,11:20:00,11:25:00,2,,WR,Gujarat
09406,Yeshwantpur-Ahmedabad Special,BRC,VADODARA JN,13:10:00,13:15:00,2,,WR,Gujarat
09406,Yeshwantpur-Ahmedabad Special,ADI,AHMEDABAD JN,15:10:00,None,2,,WR,Gujarat
16341,Guruvayur-Ernakulam-Trivandrum Intercity Express,ERS,ERNAKULAM JN,05:40:00,05:50:00,1,,SR,Kerala
16341,Guruvayur-Ernakulam-Trivandrum Intercity Express,TVC,TRIVANDRUM CENTRAL,10:05:00,None,1,,SR,Kerala
18618,Ranchi-Howrah Intercity,TATA,TATANAGAR JN,10:05:00,10:15:00,1,,SER,Jharkhand
18618,Ranchi-Howrah Intercity,HWH,HOWRAH JN,14:20:00,None,1,,ER,West Bengal
22853,Kolkata Shalimar-Visakhapatnam Superfast express,CTC,CUTTACK,00:18:00,00:23:00,2,,ECoR,Odisha
22853,Kolkata Shalimar-Visakhapatnam Superfast express,BBS,BHUBANESWAR,01:00:00,01:05:00,2,,ECoR,Odisha
22853,Kolkata Shalimar-Visakhapatnam Superfast express,VSKP,VISHAKAPATNAM,08:20:00,None,2,,ECoR,Andhra Pradesh
13403,Vananchal Express,DHN,DHANBAD JN,18:50:00,19:00:00,1,,ECR,Jharkhand
13403,Vananchal Express,ASN,ASANSOL JN,20:02:00,20:07:00,1,,ER,West Bengal
22996,Ajmer Bandra SF Express,RTM,RATLAM JN,03:40:00,03:50:00,2,,WR,Madhya Pradesh
22996,Ajmer Bandra SF Express,BRC,VADODARA JN,07:50:00,08:08:00,2,,WR,Gujarat
22996,Ajmer Bandra SF Express,ST,SURAT,10:08:00,10:13:00,2,,WR,Gujarat
12564,Faizabad-Mumbai LTT SF Express,ALD,ALLAHABAD JN,06:30:00,07:00:00,2,,NCR,Uttar Pradesh
12564,Faizabad-Mumbai LTT SF Express,ET,ITARSI JN,16:50:00,17:10:00,2,,WCR,Madhya Pradesh
12564,Faizabad-Mumbai LTT SF Express,KYN,KALYAN JN,04:05:00,04:10:00,3,,CR,Maharashtra
14083,Sikkim Mahananda Express,NJP,NEW JALPAIGURI,10:45:00,11:05:00,1,,NFR,West Bengal
14083,Sikkim Mahananda Express,PNBE,PATNA JN,23:20:00,23:45:00,1,,ECR,Bihar
14083,Sikkim Mahananda Express,MGS,MUGHAL SARAI JN,03:45:00,04:05:00,2,,ECR,Uttar Pradesh
14083,Sikkim Mahananda Express,ALD,ALLAHABAD JN,06:30:00,06:35:00,2,,NCR,Uttar Pradesh
14083,Sikkim Mahananda Express,CNB,KANPUR CENTRAL,09:10:00,09:20:00,2,,NCR,Uttar Pradesh
14083,Sikkim Mahananda Express,TDL,TUNDLA JN,13:35:00,13:45:00,2,,NCR,Uttar Pradesh
14083,Sikkim Mahananda Express,ALJN,ALIGARH JN,15:00:00,15:05:00,2,,NCR,Uttar Pradesh
14083,Sikkim Mahananda Express,GZB,GHAZIABAD,17:30:00,17:49:00,2,,NR,Uttar Pradesh
14865,Marudhar Express,LKO,LUCKNOW,00:05:00,00:30:00,2,,NER,Uttar Pradesh
14865,Marudhar Express,CNB,KANPUR CENTRAL,01:55:00,02:00:00,2,,NCR,Uttar Pradesh
14865,Marudhar Express,TDL,TUNDLA JN,05:08:00,05:13:00,2,,NCR,Uttar Pradesh
14865,Marudhar Express,JP,JAIPUR,11:15:00,11:30:00,2,,NWR,Rajasthan
14865,Marudhar Express,JU,JODHPUR JN,17:00:00,None,2,,NWR,Rajasthan
12688,Dehradun Chennai Express,GZB,GHAZIABAD,13:11:00,13:15:00,1,,NR,Uttar Pradesh
12688,Dehradun Chennai Express,NZM,DELHI H NIZAMUDDIN,14:25:00,14:50:00,1,,NR,Delhi
12688,Dehradun Chennai Express,AGC,AGRA CANTT,18:30:00,18:35:00,1,,NCR,Uttar Pradesh
12688,Dehradun Chennai Express,GWL,GWALIOR JN,20:09:00,20:12:00,1,,NCR,Madhya Pradesh
12688,Dehradun Chennai Express,JHS,JHANSI JN,21:35:00,21:45:00,1,,NCR,Uttar Pradesh
12688,Dehradun Chennai Express,BPL,BHOPAL JN,01:40:00,01:50:00,2,,WCR,Madhya Pradesh
12688,Dehradun Chennai Express,ET,ITARSI JN,03:25:00,03:25:00,2,,WCR,Madhya Pradesh
12688,Dehradun Chennai Express,NGP,NAGPUR,08:30:00,08:40:00,2,,SECR,Maharashtra
12688,Dehradun Chennai Express,BZA,VIJAYAWADA JN,19:05:00,19:20:00,2,,SCR,Andhra Pradesh
12688,Dehradun Chennai Express,MAS,CHENNAI CENTRAL,02:15:00,None,3,,SR,Tamil Nadu
14009,Patalkot Express,ET,ITARSI JN,14:55:00,15:10:00,1,,WCR,Madhya Pradesh
14009,Patalkot Express,BPL,BHOPAL JN,17:00:00,17:10:00,1,,WCR,Madhya Pradesh
14009,Patalkot Express,JHS,JHANSI JN,22:25:00,22:35:00,1,,NCR,Uttar Pradesh
14009,Patalkot Express,GWL,GWALIOR JN,23:50:00,23:55:00,1,,NCR,Madhya Pradesh
14009,Patalkot Express,AGC,AGRA CANTT,02:05:00,02:10:00,2,,NCR,Uttar Pradesh
14009,Patalkot Express,NZM,DELHI H NIZAMUDDIN,05:32:00,05:32:00,2,,NR,Delhi
14164,Sangam Express,ALJN,ALIGARH JN,22:47:00,23:05:00,1,,NCR,Uttar Pradesh
14164,Sangam Express,TDL,TUNDLA JN,00:15:00,00:20:00,2,,NCR,Uttar Pradesh
14164,Sangam Express,CNB,KANPUR CENTRAL,04:10:00,04:20:00,2,,NCR,Uttar Pradesh
14164,Sangam Express,ALD,ALLAHABAD JN,08:10:00,None,2,,NCR,Uttar Pradesh
17307,Basava Express,GTL,GUNTAKAL JN,23:00:00,23:05:00,1,,SCR,Andhra Pradesh
17307,Basava Express,SUR,SOLAPUR JN,07:05:00,07:20:00,2,,CR,Maharashtra
17603-Slip2,Kacheguda-Vasco Prashanti Nilayam Slip,GTL,GUNTAKAL JN,03:30:00,04:10:00,2,,SCR,Andhra Pradesh
17603-Slip2,Kacheguda-Vasco Prashanti Nilayam Slip,UBL,HUBLI JN,08:50:00,09:00:00,2,,SWR,Karnataka
15036,Uttarakhand Sampark Kranti Express,MB,MORADABAD,11:55:00,12:20:00,1,,NR,Uttar Pradesh
15036,Uttarakhand Sampark Kranti Express,GZB,GHAZIABAD,14:57:00,14:57:00,1,,NR,Uttar Pradesh
08055,Shalimar-Tirupati Special,CTC,CUTTACK,21:32:00,21:34:00,1,,ECoR,Odisha
08055,Shalimar-Tirupati Special,BBS,BHUBANESWAR,22:05:00,22:15:00,1,,ECoR,Odisha
08055,Shalimar-Tirupati Special,VSKP,VISHAKAPATNAM,04:40:00,05:00:00,2,,ECoR,Andhra Pradesh
08055,Shalimar-Tirupati Special,BZA,VIJAYAWADA JN,10:40:00,11:00:00,2,,SCR,Andhra Pradesh
12730,Nanded-Pune SuperFast Express,AWB,AURANGABAD,01:20:00,01:22:00,2,,SCR,Maharashtra
12730,Nanded-Pune SuperFast Express,PUNE,PUNE JN,09:20:00,None,2,,CR,Maharashtra
12288,DEHRADUN - KOCHUVELI SF Express,GZB,GHAZIABAD,12:25:00,12:30:00,1,,NR,Uttar Pradesh
12288,DEHRADUN - KOCHUVELI SF Express,NZM,DELHI H NIZAMUDDIN,13:15:00,14:00:00,1,,NR,Delhi
12288,DEHRADUN - KOCHUVELI SF Express,KOTA,KOTA JN,19:45:00,19:55:00,1,,WCR,Rajasthan
12288,DEHRADUN - KOCHUVELI SF Express,RTM,RATLAM JN,00:02:00,00:02:00,2,,WR,Madhya Pradesh
12288,DEHRADUN - KOCHUVELI SF Express,BRC,VADODARA JN,04:00:00,04:20:00,2,,WR,Gujarat
12288,DEHRADUN - KOCHUVELI SF Express,ST,SURAT,06:25:00,06:30:00,2,,WR,Gujarat
12288,DEHRADUN - KOCHUVELI SF Express,PNVL,PANVEL,12:25:00,12:30:00,2,,CR,Maharashtra
12288,DEHRADUN - KOCHUVELI SF Express,MAO,MADGAON,21:40:00,21:50:00,2,,KR,Goa
15045,Gorakhpur-Okha Express,CNB,KANPUR CENTRAL,12:05:00,12:20:00,1,,NCR,Uttar Pradesh
15045,Gorakhpur-Okha Express,TDL,TUNDLA JN,16:24:00,16:24:00,1,,NCR,Uttar Pradesh
15045,Gorakhpur-Okha Express,AGC,AGRA CANTT,17:25:00,17:35:00,1,,NCR,Uttar Pradesh
15045,Gorakhpur-Okha Express,GWL,GWALIOR JN,19:15:00,19:20:00,1,,NCR,Madhya Pradesh
15045,Gorakhpur-Okha Express,JHS,JHANSI JN,21:20:00,21:35:00,1,,NCR,Uttar Pradesh
15045,Gorakhpur-Okha Express,RTM,RATLAM JN,10:50:00,11:10:00,2,,WR,Madhya Pradesh
15045,Gorakhpur-Okha Express,BRC,VADODARA JN,15:10:00,15:40:00,2,,WR,Gujarat
15045,Gorakhpur-Okha Express,ADI,AHMEDABAD JN,17:55:00,18:15:00,2,,WR,Gujarat
17308,Basava Express,SUR,SOLAPUR JN,19:10:00,19:20:00,1,,CR,Maharashtra
17308,Basava Express,GTL,GUNTAKAL JN,03:20:00,03:25:00,2,,SCR,Andhra Pradesh
15048,Purvanchal Express,MFP,MUZAFFARPUR JN,17:25:00,17:33:00,1,,ECR,Bihar
15048,Purvanchal Express,ASN,ASANSOL JN,00:15:00,00:25:00,2,,ER,West Bengal
15048,Purvanchal Express,BWN,BARDDHAMAN JN,01:53:00,01:55:00,2,,ER,West Bengal
51028,Pandharpur-Mumbai Fast Passenger,PUNE,PUNE JN,22:55:00,23:05:00,1,,CR,Maharashtra
51028,Pandharpur-Mumbai Fast Passenger,KYN,KALYAN JN,02:55:00,03:00:00,2,,CR,Maharashtra
51028,Pandharpur-Mumbai Fast Passenger,DR,MUMBAI DADAR CENTRAL,03:48:00,03:50:00,2,,CR,Maharashtra
51028,Pandharpur-Mumbai Fast Passenger,CSTM,MUMBAI CST,04:10:00,None,2,,CR,Maharashtra
11040-Slip,Gondia-Solapur Maharashtra Express Slip,NGP,NAGPUR,10:35:00,10:55:00,1,,SECR,Maharashtra
11040-Slip,Gondia-Solapur Maharashtra Express Slip,SUR,SOLAPUR JN,08:50:00,None,2,,CR,Maharashtra
12069,Raigarh-Gondia Jan Shatabdi,BSP,BILASPUR JN,08:40:00,08:55:00,1,,SECR,Chhattisgarh
12069,Raigarh-Gondia Jan Shatabdi,R,RAIPUR JN,10:35:00,10:40:00,1,,SECR,Chhattisgarh
19049,MUMBAI BANDRA T - PATNA Exp,ET,ITARSI JN,08:51:00,08:51:00,2,,WCR,Madhya Pradesh
19049,MUMBAI BANDRA T - PATNA Exp,JBP,JABALPUR,12:30:00,12:40:00,2,,WCR,Madhya Pradesh
19049,MUMBAI BANDRA T - PATNA Exp,MGS,MUGHAL SARAI JN,23:30:00,23:45:00,2,,ECR,Uttar Pradesh
19049,MUMBAI BANDRA T - PATNA Exp,PNBE,PATNA JN,03:30:00,None,3,,ECR,Bihar
19115,MUMBAI BANDRA - BHUJ Sayaji Nagari Exp,ST,SURAT,19:03:00,19:06:00,1,,WR,Gujarat
19115,MUMBAI BANDRA - BHUJ Sayaji Nagari Exp,BRC,VADODARA JN,21:26:00,21:31:00,1,,WR,Gujarat
19115,MUMBAI BANDRA - BHUJ Sayaji Nagari Exp,ADI,AHMEDABAD JN,23:45:00,23:59:00,1,,WR,Gujarat
15644,KAMAKHYA - PURI Weekly Spl,NJP,NEW JALPAIGURI,08:25:00,08:40:00,2,,NFR,West Bengal
15644,KAMAKHYA - PURI Weekly Spl,HWH,HOWRAH JN,22:30:00,23:15:00,2,,ER,West Bengal
15644,KAMAKHYA - PURI Weekly Spl,CTC,CUTTACK,05:20:00,05:25:00,3,,ECoR,Odisha
15644,KAMAKHYA - PURI Weekly Spl,BBS,BHUBANESWAR,06:00:00,06:05:00,3,,ECoR,Odisha
15644,KAMAKHYA - PURI Weekly Spl,PURI,PURI,07:45:00,None,3,,ECoR,Odisha
16316,KOCHUVELI - BANGALORE Exp,ERS,ERNAKULAM JN,20:25:00,20:35:00,1,,SR,Kerala
16316,KOCHUVELI - BANGALORE Exp,CBE,COIMBATORE JN,00:55:00,01:00:00,2,,SR,Tamil Nadu
16316,KOCHUVELI - BANGALORE Exp,SBC,BANGALORE CITY JN,08:35:00,None,2,,SWR,Karnataka
12517,KOLKATA - GUWAHATI Garib Rath Exp,NJP,NEW JALPAIGURI,07:45:00,08:00:00,2,,NFR,West Bengal
12517,KOLKATA - GUWAHATI Garib Rath Exp,GHY,GUWAHATI,15:40:00,None,2,,NFR,Assam
12905,PORBANDAR - HOWRAH SF Exp,ADI,AHMEDABAD JN,15:15:00,15:40:00,1,,WR,Gujarat
12905,PORBANDAR - HOWRAH SF Exp,BRC,VADODARA JN,17:20:00,17:25:00,1,,WR,Gujarat
12905,PORBANDAR - HOWRAH SF Exp,ST,SURAT,19:35:00,19:45:00,1,,WR,Gujarat
12905,PORBANDAR - HOWRAH SF Exp,NGP,NAGPUR,09:50:00,10:00:00,2,,SECR,Maharashtra
12905,PORBANDAR - HOWRAH SF Exp,R,RAIPUR JN,14:20:00,14:30:00,2,,SECR,Chhattisgarh
12905,PORBANDAR - HOWRAH SF Exp,BSP,BILASPUR JN,16:10:00,16:25:00,2,,SECR,Chhattisgarh
12905,PORBANDAR - HOWRAH SF Exp,ROU,ROURKELA,20:40:00,20:55:00,2,,SER,Odisha
12905,PORBANDAR - HOWRAH SF Exp,TATA,TATANAGAR JN,23:28:00,23:35:00,2,,SER,Jharkhand
12905,PORBANDAR - HOWRAH SF Exp,HWH,HOWRAH JN,03:35:00,None,3,,ER,West Bengal
17610,PURNA - PATNA Exp,NGP,NAGPUR,04:15:00,04:25:00,2,,SECR,Maharashtra
17610,PURNA - PATNA Exp,ET,ITARSI JN,09:00:00,09:10:00,2,,WCR,Madhya Pradesh
17610,PURNA - PATNA Exp,JBP,JABALPUR,12:30:00,12:40:00,2,,WCR,Madhya Pradesh
17610,PURNA - PATNA Exp,MGS,MUGHAL SARAI JN,23:30:00,23:45:00,2,,ECR,Uttar Pradesh
17610,PURNA - PATNA Exp,PNBE,PATNA JN,03:30:00,None,3,,ECR,Bihar
14310,Ujjaini Express,GZB,GHAZIABAD,12:25:00,12:30:00,1,,NR,Uttar Pradesh
14310,Ujjaini Express,NZM,DELHI H NIZAMUDDIN,13:15:00,13:45:00,1,,NR,Delhi
14310,Ujjaini Express,AGC,AGRA CANTT,16:55:00,17:00:00,1,,NCR,Uttar Pradesh
14310,Ujjaini Express,GWL,GWALIOR JN,18:40:00,18:50:00,1,,NCR,Madhya Pradesh
14310,Ujjaini Express,JHS,JHANSI JN,21:20:00,21:35:00,1,,NCR,Uttar Pradesh
06501,Yesvantpur - Ahmedabad Garib Rath Special,UBL,HUBLI JN,14:05:00,14:15:00,1,,SWR,Karnataka
06501,Yesvantpur - Ahmedabad Garib Rath Special,SUR,SOLAPUR JN,23:45:00,23:55:00,1,,CR,Maharashtra
06501,Yesvantpur - Ahmedabad Garib Rath Special,PUNE,PUNE JN,04:55:00,05:15:00,2,,CR,Maharashtra
06501,Yesvantpur - Ahmedabad Garib Rath Special,KYN,KALYAN JN,07:47:00,07:50:00,2,,CR,Maharashtra
06501,Yesvantpur - Ahmedabad Garib Rath Special,ST,SURAT,12:10:00,12:20:00,2,,WR,Gujarat
06501,Yesvantpur - Ahmedabad Garib Rath Special,BRC,VADODARA JN,14:10:00,14:20:00,2,,WR,Gujarat
06501,Yesvantpur - Ahmedabad Garib Rath Special,ADI,AHMEDABAD JN,16:10:00,None,2,,WR,Gujarat
11016,Kushinagar Express,LKO,LUCKNOW,00:25:00,00:40:00,2,,NER,Uttar Pradesh
11016,Kushinagar Express,CNB,KANPUR CENTRAL,02:15:00,02:25:00,2,,NCR,Uttar Pradesh
11016,Kushinagar Express,JHS,JHANSI JN,07:05:00,07:25:00,2,,NCR,Uttar Pradesh
11016,Kushinagar Express,BPL,BHOPAL JN,12:00:00,12:05:00,2,,WCR,Madhya Pradesh
11016,Kushinagar Express,ET,ITARSI JN,14:00:00,14:10:00,2,,WCR,Madhya Pradesh
11016,Kushinagar Express,KYN,KALYAN JN,03:10:00,03:15:00,3,,CR,Maharashtra
12925,Paschim Express,ST,SURAT,15:42:00,15:47:00,1,,WR,Gujarat
12925,Paschim Express,BRC,VADODARA JN,17:48:00,18:06:00,1,,WR,Gujarat
12925,Paschim Express,RTM,RATLAM JN,22:00:00,22:25:00,1,,WR,Madhya Pradesh
12925,Paschim Express,KOTA,KOTA JN,02:15:00,02:25:00,2,,WCR,Rajasthan
12925,Paschim Express,NZM,DELHI H NIZAMUDDIN,10:03:00,10:05:00,2,,NR,Delhi
12925,Paschim Express,NDLS,NEW DELHI,10:40:00,11:15:00,2,,NR,Delhi
12925,Paschim Express,UMB,AMBALA CANT JN,14:40:00,14:50:00,2,,NR,Haryana
12925,Paschim Express,LDH,LUDHIANA JN,16:40:00,16:45:00,2,,NR,Punjab
12925,Paschim Express,ASR,AMRITSAR JN,19:15:00,None,2,,NR,Punjab
17207,Sainagar Shiridi Vijayawada Express,AWB,AURANGABAD,20:45:00,20:50:00,1,,SCR,Maharashtra
17207,Sainagar Shiridi Vijayawada Express,SC,SECUNDERABAD JN,09:20:00,09:30:00,2,,SCR,Telangana
17207,Sainagar Shiridi Vijayawada Express,BZA,VIJAYAWADA JN,15:25:00,None,2,,SCR,Andhra Pradesh
17001,Sainagar Shirdi Secunderabad Express,AWB,AURANGABAD,20:45:00,20:50:00,1,,SCR,Maharashtra
17001,Sainagar Shirdi Secunderabad Express,SC,SECUNDERABAD JN,09:20:00,None,2,,SCR,Telangana
22835,Shalimar-Puri Express,CTC,CUTTACK,03:05:00,03:10:00,2,,ECoR,Odisha
22835,Shalimar-Puri Express,BBS,BHUBANESWAR,03:50:00,03:55:00,2,,ECoR,Odisha
22835,Shalimar-Puri Express,PURI,PURI,05:55:00,None,2,,ECoR,Odisha
16531,Garib Nawaz Express,ADI,AHMEDABAD JN,14:30:00,14:55:00,1,,WR,Gujarat
16531,Garib Nawaz Express,BRC,VADODARA JN,16:42:00,16:52:00,1,,WR,Gujarat
16531,Garib Nawaz Express,ST,SURAT,19:05:00,19:15:00,1,,WR,Gujarat
16531,Garib Nawaz Express,KYN,KALYAN JN,01:05:00,01:10:00,2,,CR,Maharashtra
16531,Garib Nawaz Express,PUNE,PUNE JN,04:10:00,04:20:00,2,,CR,Maharashtra
16531,Garib Nawaz Express,UBL,HUBLI JN,16:45:00,16:55:00,2,,SWR,Karnataka
16531,Garib Nawaz Express,GTL,GUNTAKAL JN,22:25:00,22:30:00,2,,SCR,Andhra Pradesh
13022,Mithila Express,MFP,MUZAFFARPUR JN,13:30:00,13:40:00,1,,ECR,Bihar
13022,Mithila Express,ASN,ASANSOL JN,23:32:00,23:42:00,1,,ER,West Bengal
13022,Mithila Express,BWN,BARDDHAMAN JN,01:36:00,01:41:00,2,,ER,West Bengal
13022,Mithila Express,HWH,HOWRAH JN,04:00:00,None,2,,ER,West Bengal
29060,Surat InterCity Express,ADI,AHMEDABAD JN,10:30:00,10:50:00,1,,WR,Gujarat
29060,Surat InterCity Express,BRC,VADODARA JN,12:40:00,12:45:00,1,,WR,Gujarat
29060,Surat InterCity Express,ST,SURAT,14:55:00,None,1,,WR,Gujarat
08472,Tirupati - Bhubaneswar Weekly Special,BZA,VIJAYAWADA JN,22:05:00,22:15:00,1,,SCR,Andhra Pradesh
08472,Tirupati - Bhubaneswar Weekly Special,VSKP,VISHAKAPATNAM,05:00:00,05:20:00,2,,ECoR,Andhra Pradesh
08472,Tirupati - Bhubaneswar Weekly Special,BBS,BHUBANESWAR,14:00:00,None,2,,ECoR,Odisha
13020,Bagh Express,BE,BAREILLY,01:40:00,01:50:00,2,,NER,Uttar Pradesh
13020,Bagh Express,LKO,LUCKNOW,05:55:00,05:55:00,2,,NER,Uttar Pradesh
13020,Bagh Express,MFP,MUZAFFARPUR JN,21:15:00,21:25:00,2,,ECR,Bihar
13020,Bagh Express,ASN,ASANSOL JN,08:25:00,08:45:00,3,,ER,West Bengal
13020,Bagh Express,BWN,BARDDHAMAN JN,10:31:00,10:36:00,3,,ER,West Bengal
13020,Bagh Express,HWH,HOWRAH JN,12:40:00,None,3,,ER,West Bengal
12203,Saharsa Amritsar Garib Rath,MFP,MUZAFFARPUR JN,19:05:00,19:10:00,1,,ECR,Bihar
12203,Saharsa Amritsar Garib Rath,LKO,LUCKNOW,06:00:00,06:10:00,2,,NER,Uttar Pradesh
12203,Saharsa Amritsar Garib Rath,BE,BAREILLY,09:27:00,09:30:00,2,,NER,Uttar Pradesh
12203,Saharsa Amritsar Garib Rath,MB,MORADABAD,10:55:00,11:00:00,2,,NR,Uttar Pradesh
12203,Saharsa Amritsar Garib Rath,GZB,GHAZIABAD,13:20:00,13:20:00,2,,NR,Uttar Pradesh
12203,Saharsa Amritsar Garib Rath,NDLS,NEW DELHI,13:45:00,14:00:00,2,,NR,Delhi
12203,Saharsa Amritsar Garib Rath,UMB,AMBALA CANT JN,16:40:00,16:45:00,2,,NR,Haryana
12203,Saharsa Amritsar Garib Rath,LDH,LUDHIANA JN,18:20:00,18:25:00,2,,NR,Punjab
12203,Saharsa Amritsar Garib Rath,ASR,AMRITSAR JN,20:45:00,None,2,,NR,Punjab
12868,Puducherry-Howrah (Aurobindo) Express,BZA,VIJAYAWADA JN,02:40:00,03:00:00,2,,SCR,Andhra Pradesh
12868,Puducherry-Howrah (Aurobindo) Express,BBS,BHUBANESWAR,15:05:00,15:20:00,2,,ECoR,Odisha
12868,Puducherry-Howrah (Aurobindo) Express,CTC,CUTTACK,15:46:00,15:46:00,2,,ECoR,Odisha
12868,Puducherry-Howrah (Aurobindo) Express,HWH,HOWRAH JN,22:25:00,None,2,,ER,West Bengal
13052,Hool Express,BWN,BARDDHAMAN JN,16:07:00,16:09:00,1,,ER,West Bengal
13052,Hool Express,HWH,HOWRAH JN,18:25:00,None,1,,ER,West Bengal
12056,Dehradun Jan Shatabdi Express,GZB,GHAZIABAD,10:17:00,10:20:00,1,,NR,Uttar Pradesh
12056,Dehradun Jan Shatabdi Express,NDLS,NEW DELHI,11:15:00,None,1,,NR,Delhi
12485,H S NANDED - SHRI GANGANAGAR Exp,ET,ITARSI JN,12:15:00,12:25:00,2,,WCR,Madhya Pradesh
12485,H S NANDED - SHRI GANGANAGAR Exp,BPL,BHOPAL JN,14:00:00,14:05:00,2,,WCR,Madhya Pradesh
12485,H S NANDED - SHRI GANGANAGAR Exp,JHS,JHANSI JN,18:20:00,18:32:00,2,,NCR,Uttar Pradesh
12485,H S NANDED - SHRI GANGANAGAR Exp,GWL,GWALIOR JN,19:50:00,19:55:00,2,,NCR,Madhya Pradesh
12485,H S NANDED - SHRI GANGANAGAR Exp,AGC,AGRA CANTT,22:05:00,22:10:00,2,,NCR,Uttar Pradesh
12485,H S NANDED - SHRI GANGANAGAR Exp,NZM,DELHI H NIZAMUDDIN,01:11:00,01:11:00,3,,NR,Delhi
12485,H S NANDED - SHRI GANGANAGAR Exp,NDLS,NEW DELHI,01:15:00,01:40:00,3,,NR,Delhi
18478,Utkal Express,GZB,GHAZIABAD,10:53:00,10:55:00,1,,NR,Uttar Pradesh
18478,Utkal Express,NZM,DELHI H NIZAMUDDIN,11:40:00,12:05:00,1,,NR,Delhi
18478,Utkal Express,AGC,AGRA CANTT,15:50:00,16:00:00,1,,NCR,Uttar Pradesh
18478,Utkal Express,GWL,GWALIOR JN,17:40:00,17:45:00,1,,NCR,Madhya Pradesh
18478,Utkal Express,JHS,JHANSI JN,19:18:00,19:28:00,1,,NCR,Uttar Pradesh
18478,Utkal Express,BSP,BILASPUR JN,10:50:00,11:20:00,2,,SECR,Chhattisgarh
18478,Utkal Express,CTC,CUTTACK,03:50:00,03:55:00,3,,ECoR,Odisha
18478,Utkal Express,BBS,BHUBANESWAR,04:30:00,04:35:00,3,,ECoR,Odisha
18478,Utkal Express,PURI,PURI,06:35:00,None,3,,ECoR,Odisha
12890,YESVANTPUR - TATANAGAR SF Exp,BZA,VIJAYAWADA JN,21:35:00,21:55:00,1,,SCR,Andhra Pradesh
12890,YESVANTPUR - TATANAGAR SF Exp,VSKP,VISHAKAPATNAM,04:15:00,04:35:00,2,,ECoR,Andhra Pradesh
12890,YESVANTPUR - TATANAGAR SF Exp,ROU,ROURKELA,16:25:00,16:30:00,2,,SER,Odisha
12890,YESVANTPUR - TATANAGAR SF Exp,TATA,TATANAGAR JN,19:00:00,None,2,,SER,Jharkhand
15721,Paharia Express,HWH,HOWRAH JN,21:05:00,21:55:00,1,,ER,West Bengal
15721,Paharia Express,NJP,NEW JALPAIGURI,08:45:00,None,2,,NFR,West Bengal
19325,Indore Amritsar (Weekly) Express,GWL,GWALIOR JN,04:35:00,04:45:00,2,,NCR,Madhya Pradesh
19325,Indore Amritsar (Weekly) Express,AGC,AGRA CANTT,07:00:00,07:10:00,2,,NCR,Uttar Pradesh
19325,Indore Amritsar (Weekly) Express,NZM,DELHI H NIZAMUDDIN,11:10:00,11:30:00,2,,NR,Delhi
19325,Indore Amritsar (Weekly) Express,GZB,GHAZIABAD,12:05:00,12:10:00,2,,NR,Uttar Pradesh
19325,Indore Amritsar (Weekly) Express,UMB,AMBALA CANT JN,16:30:00,16:40:00,2,,NR,Haryana
19325,Indore Amritsar (Weekly) Express,LDH,LUDHIANA JN,18:20:00,18:25:00,2,,NR,Punjab
19325,Indore Amritsar (Weekly) Express,ASR,AMRITSAR JN,20:45:00,None,2,,NR,Punjab
17205,Sainagar Shirdi-Kakinada Express,AWB,AURANGABAD,20:45:00,20:50:00,1,,SCR,Maharashtra
17205,Sainagar Shirdi-Kakinada Express,SC,SECUNDERABAD JN,09:20:00,09:30:00,2,,SCR,Telangana
17205,Sainagar Shirdi-Kakinada Express,BZA,VIJAYAWADA JN,15:20:00,15:40:00,2,,SCR,Andhra Pradesh
14609,Hemkunt Express,UMB,AMBALA CANT JN,21:15:00,21:25:00,1,,NR,Haryana
14609,Hemkunt Express,LDH,LUDHIANA JN,23:05:00,23:15:00,1,,NR,Punjab
14609,Hemkunt Express,JAT,JAMMU TAWI,04:30:00,None,2,,NR,Jammu and Kashmir
15236,Darbhanga-Howrah Express,ASN,ASANSOL JN,23:15:00,23:25:00,1,,ER,West Bengal
15236,Darbhanga-Howrah Express,BWN,BARDDHAMAN JN,01:10:00,01:15:00,2,,ER,West Bengal
15236,Darbhanga-Howrah Express,HWH,HOWRAH JN,03:00:00,None,2,,ER,West Bengal
14003,New Farakka-New Delhi Express,PNBE,PATNA JN,18:10:00,18:20:00,1,,ECR,Bihar
14003,New Farakka-New Delhi Express,MGS,MUGHAL SARAI JN,23:05:00,23:15:00,1,,ECR,Uttar Pradesh
14003,New Farakka-New Delhi Express,LKO,LUCKNOW,05:35:00,05:50:00,2,,NER,Uttar Pradesh
14003,New Farakka-New Delhi Express,BE,BAREILLY,09:40:00,09:45:00,2,,NER,Uttar Pradesh
14003,New Farakka-New Delhi Express,MB,MORADABAD,11:10:00,11:20:00,2,,NR,Uttar Pradesh
14003,New Farakka-New Delhi Express,GZB,GHAZIABAD,13:40:00,13:42:00,2,,NR,Uttar Pradesh
14003,New Farakka-New Delhi Express,NDLS,NEW DELHI,14:25:00,None,2,,NR,Delhi
12925-Slip,Paschim Express Slip,ST,SURAT,15:42:00,15:47:00,1,,WR,Gujarat
12925-Slip,Paschim Express Slip,BRC,VADODARA JN,17:48:00,18:06:00,1,,WR,Gujarat
12925-Slip,Paschim Express Slip,RTM,RATLAM JN,22:00:00,22:25:00,1,,WR,Madhya Pradesh
12925-Slip,Paschim Express Slip,KOTA,KOTA JN,02:15:00,02:25:00,2,,WCR,Rajasthan
12925-Slip,Paschim Express Slip,NZM,DELHI H NIZAMUDDIN,10:03:00,10:05:00,2,,NR,Delhi
12925-Slip,Paschim Express Slip,NDLS,NEW DELHI,10:40:00,11:15:00,2,,NR,Delhi
12925-Slip,Paschim Express Slip,UMB,AMBALA CANT JN,14:40:00,14:50:00,2,,NR,Haryana
12925-Slip,Paschim Express Slip,LDH,LUDHIANA JN,16:40:00,16:45:00,2,,NR,Punjab
12925-Slip,Paschim Express Slip,ASR,AMRITSAR JN,19:15:00,None,2,,NR,Punjab
51030,Bijapur Mumbai Fast Passenger,SUR,SOLAPUR JN,17:40:00,17:50:00,1,,CR,Maharashtra
51030,Bijapur Mumbai Fast Passenger,PUNE,PUNE JN,22:55:00,23:05:00,1,,CR,Maharashtra
51030,Bijapur Mumbai Fast Passenger,KYN,KALYAN JN,02:55:00,03:00:00,2,,CR,Maharashtra
51030,Bijapur Mumbai Fast Passenger,DR,MUMBAI DADAR CENTRAL,03:49:00,03:50:00,2,,CR,Maharashtra
51030,Bijapur Mumbai Fast Passenger,CSTM,MUMBAI CST,04:10:00,None,2,,CR,Maharashtra
17618,Tapovan Express,AWB,AURANGABAD,14:30:00,14:35:00,1,,SCR,Maharashtra
17618,Tapovan Express,KYN,KALYAN JN,20:50:00,20:55:00,1,,CR,Maharashtra
17618,Tapovan Express,DR,MUMBAI DADAR CENTRAL,21:40:00,21:42:00,1,,CR,Maharashtra
17618,Tapovan Express,CSTM,MUMBAI CST,22:05:00,None,1,,CR,Maharashtra
09051,Valsad-Varanasi Weekly Special,ET,ITARSI JN,09:10:00,09:30:00,2,,WCR,Madhya Pradesh
09051,Valsad-Varanasi Weekly Special,JBP,JABALPUR,12:50:00,13:00:00,2,,WCR,Madhya Pradesh
14662,Barmer-Delhi MALANI Express,JU,JODHPUR JN,22:30:00,23:20:00,1,,NWR,Rajasthan
14662,Barmer-Delhi MALANI Express,JP,JAIPUR,04:50:00,05:00:00,2,,NWR,Rajasthan
19566,Uttranchal Express,GZB,GHAZIABAD,12:25:00,12:30:00,1,,NR,Uttar Pradesh
19566,Uttranchal Express,NDLS,NEW DELHI,13:10:00,13:30:00,1,,NR,Delhi
19566,Uttranchal Express,JP,JAIPUR,19:00:00,19:20:00,1,,NWR,Rajasthan
18609,RANCHI - MUMBAI LTT Exp,GAYA,GAYA JN,03:10:00,03:15:00,2,,ECR,Bihar
18609,RANCHI - MUMBAI LTT Exp,MGS,MUGHAL SARAI JN,06:45:00,07:05:00,2,,ECR,Uttar Pradesh
18609,RANCHI - MUMBAI LTT Exp,ALD,ALLAHABAD JN,11:50:00,12:20:00,2,,NCR,Uttar Pradesh
18609,RANCHI - MUMBAI LTT Exp,JBP,JABALPUR,19:20:00,19:30:00,2,,WCR,Madhya Pradesh
18609,RANCHI - MUMBAI LTT Exp,ET,ITARSI JN,23:35:00,23:50:00,2,,WCR,Madhya Pradesh
18609,RANCHI - MUMBAI LTT Exp,KYN,KALYAN JN,10:55:00,11:00:00,3,,CR,Maharashtra
16324,Shalimar Tiruvananthapuram Express,CTC,CUTTACK,05:50:00,05:55:00,2,,ECoR,Odisha
16324,Shalimar Tiruvananthapuram Express,BBS,BHUBANESWAR,06:40:00,06:45:00,2,,ECoR,Odisha
16324,Shalimar Tiruvananthapuram Express,VSKP,VISHAKAPATNAM,14:20:00,14:40:00,2,,ECoR,Andhra Pradesh
16324,Shalimar Tiruvananthapuram Express,BZA,VIJAYAWADA JN,20:40:00,20:55:00,2,,SCR,Andhra Pradesh
16324,Shalimar Tiruvananthapuram Express,MAS,CHENNAI CENTRAL,03:55:00,04:15:00,3,,SR,Tamil Nadu
16324,Shalimar Tiruvananthapuram Express,CBE,COIMBATORE JN,12:35:00,12:40:00,3,,SR,Tamil Nadu
16324,Shalimar Tiruvananthapuram Express,ERS,ERNAKULAM JN,17:25:00,17:35:00,3,,SR,Kerala
16324,Shalimar Tiruvananthapuram Express,TVC,TRIVANDRUM CENTRAL,22:30:00,None,3,,SR,Kerala
58434,Berhampur Cuttack Fast Passenger,BBS,BHUBANESWAR,10:30:00,10:35:00,1,,ECoR,Odisha
58434,Berhampur Cuttack Fast Passenger,CTC,CUTTACK,11:45:00,None,1,,ECoR,Odisha
12253,YESVANTPUR - BHAGALPUR Anga SF Exp,VSKP,VISHAKAPATNAM,None,None,,,ECoR,Andhra Pradesh
12253,YESVANTPUR - BHAGALPUR Anga SF Exp,BZA,VIJAYAWADA JN,02:40:00,03:00:00,2,,SCR,Andhra Pradesh
12253,YESVANTPUR - BHAGALPUR Anga SF Exp,BBS,BHUBANESWAR,15:05:00,15:20:00,2,,ECoR,Odisha
12253,YESVANTPUR - BHAGALPUR Anga SF Exp,CTC,CUTTACK,15:55:00,16:00:00,2,,ECoR,Odisha
12253,YESVANTPUR - BHAGALPUR Anga SF Exp,HWH,HOWRAH JN,22:25:00,23:00:00,2,,ER,West Bengal
12253,YESVANTPUR - BHAGALPUR Anga SF Exp,BWN,BARDDHAMAN JN,00:19:00,00:19:00,3,,ER,West Bengal
12253,YESVANTPUR - BHAGALPUR Anga SF Exp,ASN,ASANSOL JN,01:45:00,01:50:00,3,,ER,West Bengal
12487,Seemanchal Express,PNBE,PATNA JN,05:10:00,05:20:00,2,,ECR,Bihar
12487,Seemanchal Express,MGS,MUGHAL SARAI JN,09:20:00,09:40:00,2,,ECR,Uttar Pradesh
12487,Seemanchal Express,ALD,ALLAHABAD JN,11:50:00,11:55:00,2,,NCR,Uttar Pradesh
12487,Seemanchal Express,CNB,KANPUR CENTRAL,14:15:00,14:25:00,2,,NCR,Uttar Pradesh
12487,Seemanchal Express,TDL,TUNDLA JN,17:06:00,17:09:00,2,,NCR,Uttar Pradesh
12487,Seemanchal Express,ALJN,ALIGARH JN,18:31:00,18:31:00,2,,NCR,Uttar Pradesh
12487,Seemanchal Express,GZB,GHAZIABAD,20:20:00,20:22:00,2,,NR,Uttar Pradesh
12110,Panchavati Express,KYN,KALYAN JN,09:38:00,09:40:00,1,,CR,Maharashtra
12110,Panchavati Express,DR,MUMBAI DADAR CENTRAL,10:23:00,10:25:00,1,,CR,Maharashtra
12110,Panchavati Express,CSTM,MUMBAI CST,10:45:00,None,1,,CR,Maharashtra
15014,Ranikhet Express,MB,MORADABAD,23:55:00,00:30:00,1,,NR,Uttar Pradesh
15014,Ranikhet Express,GZB,GHAZIABAD,03:05:00,03:10:00,2,,NR,Uttar Pradesh
12401,Magadh Express,PNBE,PATNA JN,17:45:00,18:10:00,1,,ECR,Bihar
12401,Magadh Express,MGS,MUGHAL SARAI JN,22:10:00,22:20:00,1,,ECR,Uttar Pradesh
12401,Magadh Express,ALD,ALLAHABAD JN,00:40:00,00:45:00,2,,NCR,Uttar Pradesh
12401,Magadh Express,CNB,KANPUR CENTRAL,03:20:00,03:25:00,2,,NCR,Uttar Pradesh
12401,Magadh Express,TDL,TUNDLA JN,06:30:00,06:35:00,2,,NCR,Uttar Pradesh
12401,Magadh Express,ALJN,ALIGARH JN,09:25:00,09:30:00,2,,NCR,Uttar Pradesh
12401,Magadh Express,GZB,GHAZIABAD,11:20:00,11:20:00,2,,NR,Uttar Pradesh
12401,Magadh Express,NDLS,NEW DELHI,11:45:00,None,2,,NR,Delhi
64491,Palwal NDLS Ladies Special,NZM,DELHI H NIZAMUDDIN,09:31:00,09:32:00,1,,NR,Delhi
64491,Palwal NDLS Ladies Special,NDLS,NEW DELHI,09:55:00,None,1,,NR,Delhi
16344,Amrita Express,ERS,ERNAKULAM JN,01:43:00,01:43:00,2,,SR,Kerala
16344,Amrita Express,TVC,TRIVANDRUM CENTRAL,06:20:00,None,2,,SR,Kerala
12447,UP Sampark Kranti Express,JHS,JHANSI JN,23:10:00,23:30:00,1,,NCR,Uttar Pradesh
12447,UP Sampark Kranti Express,GWL,GWALIOR JN,00:48:00,00:48:00,2,,NCR,Madhya Pradesh
12447,UP Sampark Kranti Express,AGC,AGRA CANTT,02:20:00,02:25:00,2,,NCR,Uttar Pradesh
12447,UP Sampark Kranti Express,NZM,DELHI H NIZAMUDDIN,05:30:00,None,2,,NR,Delhi
54512,Nangal Dam Ambala Passenger,CDG,CHANDIGARH,17:30:00,18:35:00,1,,NR,Chandigarh
54512,Nangal Dam Ambala Passenger,UMB,AMBALA CANT JN,19:45:00,None,1,,NR,Haryana
12465,Indore-Jodhpur Ranthambhore Express,KOTA,KOTA JN,12:20:00,12:30:00,1,,WCR,Rajasthan
12465,Indore-Jodhpur Ranthambhore Express,JP,JAIPUR,16:45:00,17:00:00,1,,NWR,Rajasthan
12465,Indore-Jodhpur Ranthambhore Express,JU,JODHPUR JN,22:00:00,None,1,,NWR,Rajasthan
24512,Khurja Allahabad Link Express,MB,MORADABAD,23:30:00,23:40:00,1,,NR,Uttar Pradesh
24512,Khurja Allahabad Link Express,BE,BAREILLY,01:05:00,01:10:00,2,,NER,Uttar Pradesh
24512,Khurja Allahabad Link Express,LKO,LUCKNOW,05:10:00,05:25:00,2,,NER,Uttar Pradesh
24512,Khurja Allahabad Link Express,ALD,ALLAHABAD JN,09:55:00,None,2,,NCR,Uttar Pradesh
18402,Okha Puri Weekly Express,ADI,AHMEDABAD JN,17:25:00,18:00:00,1,,WR,Gujarat
18402,Okha Puri Weekly Express,BRC,VADODARA JN,19:45:00,19:50:00,1,,WR,Gujarat
18402,Okha Puri Weekly Express,ST,SURAT,22:00:00,22:10:00,1,,WR,Gujarat
18402,Okha Puri Weekly Express,BZA,VIJAYAWADA JN,19:05:00,19:25:00,2,,SCR,Andhra Pradesh
18402,Okha Puri Weekly Express,VSKP,VISHAKAPATNAM,02:00:00,02:20:00,3,,ECoR,Andhra Pradesh
18402,Okha Puri Weekly Express,PURI,PURI,10:45:00,None,3,,ECoR,Odisha
12545,RAXAUL - MUMBAI LTT Karmabhoomi Exp,PNBE,PATNA JN,01:05:00,01:15:00,2,,ECR,Bihar
12545,RAXAUL - MUMBAI LTT Karmabhoomi Exp,MGS,MUGHAL SARAI JN,05:15:00,05:35:00,2,,ECR,Uttar Pradesh
12545,RAXAUL - MUMBAI LTT Karmabhoomi Exp,JBP,JABALPUR,13:45:00,13:55:00,2,,WCR,Madhya Pradesh
12545,RAXAUL - MUMBAI LTT Karmabhoomi Exp,ET,ITARSI JN,18:00:00,18:10:00,2,,WCR,Madhya Pradesh
12545,RAXAUL - MUMBAI LTT Karmabhoomi Exp,KYN,KALYAN JN,05:05:00,05:10:00,3,,CR,Maharashtra
11091,BHUJ - PUNE Ahimsa Exp,ADI,AHMEDABAD JN,15:10:00,16:00:00,1,,WR,Gujarat
11091,BHUJ - PUNE Ahimsa Exp,BRC,VADODARA JN,17:50:00,17:55:00,1,,WR,Gujarat
11091,BHUJ - PUNE Ahimsa Exp,ST,SURAT,20:00:00,20:10:00,1,,WR,Gujarat
11091,BHUJ - PUNE Ahimsa Exp,KYN,KALYAN JN,01:45:00,01:50:00,2,,CR,Maharashtra
11091,BHUJ - PUNE Ahimsa Exp,PUNE,PUNE JN,04:45:00,None,2,,CR,Maharashtra
12134,MANGALORE - MUMBAI CST Exp,MAO,MADGAON,18:50:00,19:00:00,1,,KR,Goa
12134,MANGALORE - MUMBAI CST Exp,PNVL,PANVEL,02:38:00,02:40:00,2,,CR,Maharashtra
12134,MANGALORE - MUMBAI CST Exp,DR,MUMBAI DADAR CENTRAL,04:11:00,04:11:00,2,,CR,Maharashtra
12134,MANGALORE - MUMBAI CST Exp,CSTM,MUMBAI CST,04:25:00,None,2,,CR,Maharashtra
19109,Gujarat Queen Express,ST,SURAT,05:38:00,05:43:00,1,,WR,Gujarat
19109,Gujarat Queen Express,BRC,VADODARA JN,08:02:00,08:07:00,1,,WR,Gujarat
19109,Gujarat Queen Express,ADI,AHMEDABAD JN,10:15:00,None,1,,WR,Gujarat
24034,Jammu Mail,LDH,LUDHIANA JN,23:40:00,23:50:00,1,,NR,Punjab
24034,Jammu Mail,UMB,AMBALA CANT JN,01:40:00,01:50:00,2,,NR,Haryana
15101,Chhapra-Mumbai Jansadharan Express,CNB,KANPUR CENTRAL,07:55:00,08:00:00,2,,NCR,Uttar Pradesh
15101,Chhapra-Mumbai Jansadharan Express,JHS,JHANSI JN,11:45:00,12:00:00,2,,NCR,Uttar Pradesh
15101,Chhapra-Mumbai Jansadharan Express,BPL,BHOPAL JN,16:10:00,16:15:00,2,,WCR,Madhya Pradesh
15101,Chhapra-Mumbai Jansadharan Express,ET,ITARSI JN,18:25:00,18:30:00,2,,WCR,Madhya Pradesh
15101,Chhapra-Mumbai Jansadharan Express,KYN,KALYAN JN,05:19:00,05:19:00,3,,CR,Maharashtra
15101,Chhapra-Mumbai Jansadharan Express,DR,MUMBAI DADAR CENTRAL,06:19:00,06:19:00,3,,CR,Maharashtra
15101,Chhapra-Mumbai Jansadharan Express,CSTM,MUMBAI CST,06:30:00,None,3,,CR,Maharashtra
18420,Darbhanga-Puri Weekly Express,ASN,ASANSOL JN,15:00:00,15:20:00,1,,ER,West Bengal
18420,Darbhanga-Puri Weekly Express,CTC,CUTTACK,00:18:00,00:23:00,2,,ECoR,Odisha
18420,Darbhanga-Puri Weekly Express,BBS,BHUBANESWAR,01:00:00,01:05:00,2,,ECoR,Odisha
18420,Darbhanga-Puri Weekly Express,PURI,PURI,03:20:00,None,2,,ECoR,Odisha
14095,Himalayan Queen,UMB,AMBALA CANT JN,09:45:00,09:50:00,1,,NR,Haryana
14095,Himalayan Queen,CDG,CHANDIGARH,10:27:00,10:35:00,1,,NR,Chandigarh
13028,Kaviguru Express,BWN,BARDDHAMAN JN,11:40:00,11:42:00,1,,ER,West Bengal
13028,Kaviguru Express,HWH,HOWRAH JN,13:55:00,None,1,,ER,West Bengal
24033,Jammu Mail,UMB,AMBALA CANT JN,00:30:00,00:40:00,2,,NR,Haryana
24033,Jammu Mail,LDH,LUDHIANA JN,02:25:00,02:35:00,2,,NR,Punjab
19264,Delhi SaraiRohilla-Porbandar Express,JP,JAIPUR,13:30:00,13:40:00,1,,NWR,Rajasthan
19264,Delhi SaraiRohilla-Porbandar Express,ADI,AHMEDABAD JN,02:55:00,03:20:00,2,,WR,Gujarat
07105,Ajmer - Hyderabad Special,KOTA,KOTA JN,06:10:00,06:30:00,2,,WCR,Rajasthan
07105,Ajmer - Hyderabad Special,BPL,BHOPAL JN,14:40:00,14:50:00,2,,WCR,Madhya Pradesh
07105,Ajmer - Hyderabad Special,ET,ITARSI JN,17:00:00,17:10:00,2,,WCR,Madhya Pradesh
07105,Ajmer - Hyderabad Special,AWB,AURANGABAD,02:30:00,02:35:00,3,,SCR,Maharashtra
07105,Ajmer - Hyderabad Special,NZB,NIZAMABAD,09:35:00,09:37:00,3,,SCR,Andhra Pradesh
07105,Ajmer - Hyderabad Special,SC,SECUNDERABAD JN,13:00:00,13:10:00,3,,SCR,Telangana
07105,Ajmer - Hyderabad Special,HYB,HYDERABAD DECCAN,14:00:00,None,3,,SCR,Andhra Pradesh
15635,OKHA - GUWAHATI EXP,ADI,AHMEDABAD JN,21:05:00,21:30:00,1,,WR,Gujarat
15635,OKHA - GUWAHATI EXP,BRC,VADODARA JN,23:35:00,00:05:00,1,,WR,Gujarat
15635,OKHA - GUWAHATI EXP,RTM,RATLAM JN,03:45:00,04:05:00,2,,WR,Madhya Pradesh
15635,OKHA - GUWAHATI EXP,KOTA,KOTA JN,07:30:00,07:40:00,2,,WCR,Rajasthan
15635,OKHA - GUWAHATI EXP,TDL,TUNDLA JN,14:45:00,14:55:00,2,,NCR,Uttar Pradesh
15635,OKHA - GUWAHATI EXP,CNB,KANPUR CENTRAL,19:00:00,19:30:00,2,,NCR,Uttar Pradesh
15635,OKHA - GUWAHATI EXP,LKO,LUCKNOW,20:50:00,21:15:00,2,,NER,Uttar Pradesh
15635,OKHA - GUWAHATI EXP,MGS,MUGHAL SARAI JN,07:00:00,07:20:00,3,,ECR,Uttar Pradesh
15635,OKHA - GUWAHATI EXP,PNBE,PATNA JN,10:40:00,10:55:00,3,,ECR,Bihar
15635,OKHA - GUWAHATI EXP,NJP,NEW JALPAIGURI,21:55:00,22:10:00,3,,NFR,West Bengal
15635,OKHA - GUWAHATI EXP,GHY,GUWAHATI,07:05:00,None,4,,NFR,Assam
12405,Gondwana Express,NGP,NAGPUR,12:15:00,13:05:00,1,,SECR,Maharashtra
12405,Gondwana Express,ET,ITARSI JN,17:55:00,18:00:00,1,,WCR,Madhya Pradesh
12405,Gondwana Express,BPL,BHOPAL JN,19:55:00,20:00:00,1,,WCR,Madhya Pradesh
12405,Gondwana Express,JHS,JHANSI JN,01:01:00,01:13:00,2,,NCR,Uttar Pradesh
12405,Gondwana Express,GWL,GWALIOR JN,02:40:00,02:43:00,2,,NCR,Madhya Pradesh
12405,Gondwana Express,AGC,AGRA CANTT,04:15:00,04:18:00,2,,NCR,Uttar Pradesh
12405,Gondwana Express,NZM,DELHI H NIZAMUDDIN,07:25:00,None,2,,NR,Delhi
16128,GURUVAYUR - CHENNAI EGMORE Exp,ERS,ERNAKULAM JN,23:05:00,23:15:00,1,,SR,Kerala
16128,GURUVAYUR - CHENNAI EGMORE Exp,TVC,TRIVANDRUM CENTRAL,03:35:00,03:45:00,2,,SR,Kerala
16128,GURUVAYUR - CHENNAI EGMORE Exp,MS,CHENNAI EGMORE,21:15:00,None,2,,SR,Tamil Nadu
14114,Link Express,MB,MORADABAD,18:25:00,18:35:00,1,,NR,Uttar Pradesh
14114,Link Express,ALJN,ALIGARH JN,22:30:00,23:05:00,1,,NCR,Uttar Pradesh
14114,Link Express,TDL,TUNDLA JN,00:15:00,00:20:00,2,,NCR,Uttar Pradesh
14114,Link Express,CNB,KANPUR CENTRAL,04:10:00,04:20:00,2,,NCR,Uttar Pradesh
14114,Link Express,ALD,ALLAHABAD JN,08:10:00,None,2,,NCR,Uttar Pradesh
14318,DEHRADUN - INDORE Exp,GZB,GHAZIABAD,12:25:00,12:30:00,1,,NR,Uttar Pradesh
14318,DEHRADUN - INDORE Exp,NZM,DELHI H NIZAMUDDIN,13:15:00,13:45:00,1,,NR,Delhi
14318,DEHRADUN - INDORE Exp,AGC,AGRA CANTT,16:55:00,17:00:00,1,,NCR,Uttar Pradesh
14318,DEHRADUN - INDORE Exp,GWL,GWALIOR JN,18:40:00,18:50:00,1,,NCR,Madhya Pradesh
59705,Suratgarh Jaipur Passenger,BKN,BIKANER JN,10:20:00,10:45:00,1,,NWR,Rajasthan
59705,Suratgarh Jaipur Passenger,JP,JAIPUR,22:00:00,None,1,,NWR,Rajasthan
15667,GANDHIDHAM - KAMAKHYA Exp,ADI,AHMEDABAD JN,21:05:00,21:30:00,1,,WR,Gujarat
15667,GANDHIDHAM - KAMAKHYA Exp,BRC,VADODARA JN,23:35:00,00:05:00,1,,WR,Gujarat
15667,GANDHIDHAM - KAMAKHYA Exp,RTM,RATLAM JN,03:45:00,04:05:00,2,,WR,Madhya Pradesh
15667,GANDHIDHAM - KAMAKHYA Exp,KOTA,KOTA JN,07:30:00,07:40:00,2,,WCR,Rajasthan
15667,GANDHIDHAM - KAMAKHYA Exp,TDL,TUNDLA JN,14:45:00,14:55:00,2,,NCR,Uttar Pradesh
15667,GANDHIDHAM - KAMAKHYA Exp,CNB,KANPUR CENTRAL,19:00:00,19:30:00,2,,NCR,Uttar Pradesh
15667,GANDHIDHAM - KAMAKHYA Exp,LKO,LUCKNOW,20:50:00,21:15:00,2,,NER,Uttar Pradesh
15667,GANDHIDHAM - KAMAKHYA Exp,MGS,MUGHAL SARAI JN,07:00:00,07:20:00,3,,ECR,Uttar Pradesh
15667,GANDHIDHAM - KAMAKHYA Exp,PNBE,PATNA JN,10:40:00,10:55:00,3,,ECR,Bihar
15667,GANDHIDHAM - KAMAKHYA Exp,NJP,NEW JALPAIGURI,21:55:00,22:10:00,3,,NFR,West Bengal
19017,Saurashtra Janata Express,ST,SURAT,22:00:00,22:05:00,1,,WR,Gujarat
19017,Saurashtra Janata Express,BRC,VADODARA JN,00:07:00,00:12:00,2,,WR,Gujarat
19017,Saurashtra Janata Express,ADI,AHMEDABAD JN,02:10:00,02:30:00,2,,WR,Gujarat
22905,Okha Howrah Triweekly SF Express,ADI,AHMEDABAD JN,15:15:00,15:40:00,1,,WR,Gujarat
22905,Okha Howrah Triweekly SF Express,BRC,VADODARA JN,17:25:00,17:30:00,1,,WR,Gujarat
22905,Okha Howrah Triweekly SF Express,ST,SURAT,19:35:00,19:45:00,1,,WR,Gujarat
22905,Okha Howrah Triweekly SF Express,NGP,NAGPUR,09:50:00,10:00:00,2,,SECR,Maharashtra
22905,Okha Howrah Triweekly SF Express,R,RAIPUR JN,14:20:00,14:30:00,2,,SECR,Chhattisgarh
22905,Okha Howrah Triweekly SF Express,BSP,BILASPUR JN,16:10:00,16:25:00,2,,SECR,Chhattisgarh
22905,Okha Howrah Triweekly SF Express,ROU,ROURKELA,20:40:00,21:00:00,2,,SER,Odisha
22905,Okha Howrah Triweekly SF Express,TATA,TATANAGAR JN,23:30:00,23:37:00,2,,SER,Jharkhand
22905,Okha Howrah Triweekly SF Express,HWH,HOWRAH JN,03:35:00,None,3,,ER,West Bengal
16337,OKHA - ERNAKULAM Exp,ADI,AHMEDABAD JN,11:05:00,11:25:00,1,,WR,Gujarat
16337,OKHA - ERNAKULAM Exp,BRC,VADODARA JN,13:25:00,13:35:00,1,,WR,Gujarat
16337,OKHA - ERNAKULAM Exp,ST,SURAT,15:35:00,15:45:00,1,,WR,Gujarat
16337,OKHA - ERNAKULAM Exp,PNVL,PANVEL,22:00:00,22:05:00,1,,CR,Maharashtra
16337,OKHA - ERNAKULAM Exp,MAO,MADGAON,07:30:00,07:40:00,2,,KR,Goa
16337,OKHA - ERNAKULAM Exp,ERS,ERNAKULAM JN,22:40:00,None,2,,SR,Kerala
12950,K SANTRAGANCHI - PORBANDAR Kavi Guru SF Exp,ROU,ROURKELA,06:00:00,06:15:00,2,,SER,Odisha
12950,K SANTRAGANCHI - PORBANDAR Kavi Guru SF Exp,BSP,BILASPUR JN,10:50:00,11:15:00,2,,SECR,Chhattisgarh
12950,K SANTRAGANCHI - PORBANDAR Kavi Guru SF Exp,R,RAIPUR JN,12:50:00,13:00:00,2,,SECR,Chhattisgarh
12950,K SANTRAGANCHI - PORBANDAR Kavi Guru SF Exp,NGP,NAGPUR,17:50:00,18:00:00,2,,SECR,Maharashtra
12950,K SANTRAGANCHI - PORBANDAR Kavi Guru SF Exp,ST,SURAT,07:45:00,07:50:00,3,,WR,Gujarat
12950,K SANTRAGANCHI - PORBANDAR Kavi Guru SF Exp,BRC,VADODARA JN,09:35:00,09:45:00,3,,WR,Gujarat
12950,K SANTRAGANCHI - PORBANDAR Kavi Guru SF Exp,ADI,AHMEDABAD JN,11:30:00,11:50:00,3,,WR,Gujarat
19569,Okha Varanasi Express,ADI,AHMEDABAD JN,23:00:00,23:25:00,1,,WR,Gujarat
19569,Okha Varanasi Express,BRC,VADODARA JN,01:30:00,01:55:00,2,,WR,Gujarat
19569,Okha Varanasi Express,RTM,RATLAM JN,05:55:00,06:10:00,2,,WR,Madhya Pradesh
19569,Okha Varanasi Express,KOTA,KOTA JN,09:50:00,10:00:00,2,,WCR,Rajasthan
19569,Okha Varanasi Express,TDL,TUNDLA JN,16:50:00,16:55:00,2,,NCR,Uttar Pradesh
19569,Okha Varanasi Express,CNB,KANPUR CENTRAL,19:55:00,20:05:00,2,,NCR,Uttar Pradesh
19569,Okha Varanasi Express,ALD,ALLAHABAD JN,01:15:00,02:00:00,3,,NCR,Uttar Pradesh
12651,MADURAI - DELHI H NIZAMUDDIN Tamil Nadu S Kranti,MS,CHENNAI EGMORE,08:50:00,09:05:00,2,,SR,Tamil Nadu
12651,MADURAI - DELHI H NIZAMUDDIN Tamil Nadu S Kranti,BZA,VIJAYAWADA JN,15:55:00,16:10:00,2,,SCR,Andhra Pradesh
12651,MADURAI - DELHI H NIZAMUDDIN Tamil Nadu S Kranti,NGP,NAGPUR,02:00:00,02:10:00,3,,SECR,Maharashtra
12651,MADURAI - DELHI H NIZAMUDDIN Tamil Nadu S Kranti,ET,ITARSI JN,06:47:00,06:47:00,3,,WCR,Madhya Pradesh
12651,MADURAI - DELHI H NIZAMUDDIN Tamil Nadu S Kranti,BPL,BHOPAL JN,08:10:00,08:20:00,3,,WCR,Madhya Pradesh
12651,MADURAI - DELHI H NIZAMUDDIN Tamil Nadu S Kranti,JHS,JHANSI JN,12:00:00,12:10:00,3,,NCR,Uttar Pradesh
12651,MADURAI - DELHI H NIZAMUDDIN Tamil Nadu S Kranti,GWL,GWALIOR JN,13:36:00,13:36:00,3,,NCR,Madhya Pradesh
12651,MADURAI - DELHI H NIZAMUDDIN Tamil Nadu S Kranti,AGC,AGRA CANTT,15:19:00,15:19:00,3,,NCR,Uttar Pradesh
12651,MADURAI - DELHI H NIZAMUDDIN Tamil Nadu S Kranti,NZM,DELHI H NIZAMUDDIN,18:00:00,None,3,,NR,Delhi
12891,Baripada- Bhubaneswar Express,CTC,CUTTACK,09:18:00,09:20:00,1,,ECoR,Odisha
12891,Baripada- Bhubaneswar Express,BBS,BHUBANESWAR,10:00:00,None,1,,ECoR,Odisha
12949,PORBANDAR - K SANTRAGANCHI Kavi Guru SF Exp,ADI,AHMEDABAD JN,15:55:00,16:15:00,1,,WR,Gujarat
12949,PORBANDAR - K SANTRAGANCHI Kavi Guru SF Exp,BRC,VADODARA JN,18:00:00,18:05:00,1,,WR,Gujarat
12949,PORBANDAR - K SANTRAGANCHI Kavi Guru SF Exp,ST,SURAT,20:00:00,20:10:00,1,,WR,Gujarat
12949,PORBANDAR - K SANTRAGANCHI Kavi Guru SF Exp,NGP,NAGPUR,10:50:00,11:05:00,2,,SECR,Maharashtra
12949,PORBANDAR - K SANTRAGANCHI Kavi Guru SF Exp,R,RAIPUR JN,15:30:00,15:40:00,2,,SECR,Chhattisgarh
12949,PORBANDAR - K SANTRAGANCHI Kavi Guru SF Exp,BSP,BILASPUR JN,17:30:00,17:45:00,2,,SECR,Chhattisgarh
12949,PORBANDAR - K SANTRAGANCHI Kavi Guru SF Exp,ROU,ROURKELA,22:25:00,22:40:00,2,,SER,Odisha
14033,Jammu Mail,UMB,AMBALA CANT JN,00:30:00,00:40:00,2,,NR,Haryana
14033,Jammu Mail,LDH,LUDHIANA JN,02:25:00,02:35:00,2,,NR,Punjab
14033,Jammu Mail,PTK,PATHANKOT,06:50:00,07:12:00,2,,NR,Punjab
14033,Jammu Mail,JAT,JAMMU TAWI,09:55:00,10:10:00,2,,NR,Jammu and Kashmir
16734,Okha-Rameswaram Express,ADI,AHMEDABAD JN,15:15:00,15:40:00,1,,WR,Gujarat
16734,Okha-Rameswaram Express,BRC,VADODARA JN,17:20:00,17:30:00,1,,WR,Gujarat
16734,Okha-Rameswaram Express,ST,SURAT,19:35:00,19:45:00,1,,WR,Gujarat
16734,Okha-Rameswaram Express,AWB,AURANGABAD,07:20:00,07:25:00,2,,SCR,Maharashtra
16734,Okha-Rameswaram Express,NZB,NIZAMABAD,14:30:00,14:32:00,2,,SCR,Andhra Pradesh
12817,Jharkhand Swarna Jayanti SF Express,GAYA,GAYA JN,21:35:00,21:40:00,1,,ECR,Bihar
12817,Jharkhand Swarna Jayanti SF Express,MGS,MUGHAL SARAI JN,02:00:00,02:20:00,2,,ECR,Uttar Pradesh
12817,Jharkhand Swarna Jayanti SF Express,ALD,ALLAHABAD JN,04:35:00,04:45:00,2,,NCR,Uttar Pradesh
12817,Jharkhand Swarna Jayanti SF Express,CNB,KANPUR CENTRAL,07:20:00,07:25:00,2,,NCR,Uttar Pradesh
12817,Jharkhand Swarna Jayanti SF Express,TDL,TUNDLA JN,10:56:00,10:56:00,2,,NCR,Uttar Pradesh
12817,Jharkhand Swarna Jayanti SF Express,ALJN,ALIGARH JN,12:07:00,12:07:00,2,,NCR,Uttar Pradesh
12817,Jharkhand Swarna Jayanti SF Express,GZB,GHAZIABAD,13:44:00,13:44:00,2,,NR,Uttar Pradesh
18622,Patliputra Express,DHN,DHANBAD JN,03:25:00,03:50:00,2,,ECR,Jharkhand
18622,Patliputra Express,PNBE,PATNA JN,12:25:00,None,2,,ECR,Bihar
12862,LINK SUPERFAST EXPRESS,BZA,VIJAYAWADA JN,06:45:00,07:05:00,1,,SCR,Andhra Pradesh
12862,LINK SUPERFAST EXPRESS,VSKP,VISHAKAPATNAM,13:30:00,None,1,,ECoR,Andhra Pradesh
12877,Ranchi-New Delhi Garib Rath,MGS,MUGHAL SARAI JN,01:50:00,02:00:00,2,,ECR,Uttar Pradesh
12877,Ranchi-New Delhi Garib Rath,ALD,ALLAHABAD JN,03:42:00,03:44:00,2,,NCR,Uttar Pradesh
12877,Ranchi-New Delhi Garib Rath,CNB,KANPUR CENTRAL,05:45:00,05:50:00,2,,NCR,Uttar Pradesh
12877,Ranchi-New Delhi Garib Rath,TDL,TUNDLA JN,08:30:00,08:30:00,2,,NCR,Uttar Pradesh
12877,Ranchi-New Delhi Garib Rath,ALJN,ALIGARH JN,09:24:00,09:24:00,2,,NCR,Uttar Pradesh
12877,Ranchi-New Delhi Garib Rath,GZB,GHAZIABAD,10:37:00,10:37:00,2,,NR,Uttar Pradesh
12877,Ranchi-New Delhi Garib Rath,NDLS,NEW DELHI,10:50:00,None,2,,NR,Delhi
17049,Machilipatnam Secunderabad Express,BZA,VIJAYAWADA JN,21:55:00,22:20:00,1,,SCR,Andhra Pradesh
17049,Machilipatnam Secunderabad Express,SC,SECUNDERABAD JN,04:45:00,None,2,,SCR,Telangana
12664,Tiruchirappalli-Howrah Express,MS,CHENNAI EGMORE,22:10:00,22:30:00,1,,SR,Tamil Nadu
12664,Tiruchirappalli-Howrah Express,BZA,VIJAYAWADA JN,05:30:00,05:40:00,2,,SCR,Andhra Pradesh
12664,Tiruchirappalli-Howrah Express,VSKP,VISHAKAPATNAM,11:45:00,12:05:00,2,,ECoR,Andhra Pradesh
12664,Tiruchirappalli-Howrah Express,BBS,BHUBANESWAR,18:40:00,18:55:00,2,,ECoR,Odisha
12664,Tiruchirappalli-Howrah Express,CTC,CUTTACK,19:27:00,19:27:00,2,,ECoR,Odisha
12664,Tiruchirappalli-Howrah Express,HWH,HOWRAH JN,03:20:00,None,3,,ER,West Bengal
14795,Ekta Express,UMB,AMBALA CANT JN,09:45:00,09:50:00,1,,NR,Haryana
14795,Ekta Express,CDG,CHANDIGARH,10:27:00,10:35:00,1,,NR,Chandigarh
15027,Maurya Express,DHN,DHANBAD JN,21:50:00,22:10:00,1,,ECR,Jharkhand
15027,Maurya Express,MFP,MUZAFFARPUR JN,08:05:00,08:15:00,2,,ECR,Bihar
58421,Angul Puri Fast Passenger,CTC,CUTTACK,07:13:00,07:13:00,1,,ECoR,Odisha
58421,Angul Puri Fast Passenger,BBS,BHUBANESWAR,09:00:00,09:05:00,1,,ECoR,Odisha
58421,Angul Puri Fast Passenger,PURI,PURI,11:25:00,None,1,,ECoR,Odisha
12511,Rapti Sagar Express,CNB,KANPUR CENTRAL,13:17:00,13:22:00,1,,NCR,Uttar Pradesh
12511,Rapti Sagar Express,JHS,JHANSI JN,16:45:00,17:05:00,1,,NCR,Uttar Pradesh
12511,Rapti Sagar Express,BPL,BHOPAL JN,21:15:00,21:25:00,1,,WCR,Madhya Pradesh
12511,Rapti Sagar Express,ET,ITARSI JN,23:05:00,23:15:00,1,,WCR,Madhya Pradesh
12511,Rapti Sagar Express,NGP,NAGPUR,04:10:00,04:20:00,2,,SECR,Maharashtra
12511,Rapti Sagar Express,BZA,VIJAYAWADA JN,15:50:00,16:05:00,2,,SCR,Andhra Pradesh
12511,Rapti Sagar Express,MAS,CHENNAI CENTRAL,23:20:00,23:45:00,2,,SR,Tamil Nadu
12511,Rapti Sagar Express,CBE,COIMBATORE JN,07:55:00,08:00:00,3,,SR,Tamil Nadu
12511,Rapti Sagar Express,ERS,ERNAKULAM JN,13:10:00,13:20:00,3,,SR,Kerala
12511,Rapti Sagar Express,TVC,TRIVANDRUM CENTRAL,17:50:00,None,3,,SR,Kerala
24227,Varuna Express,LKO,LUCKNOW,09:50:00,10:00:00,1,,NER,Uttar Pradesh
24227,Varuna Express,CNB,KANPUR CENTRAL,11:35:00,None,1,,NCR,Uttar Pradesh
12731,Tirupati-Secunderabad Express,GTL,GUNTAKAL JN,23:45:00,23:50:00,1,,SCR,Andhra Pradesh
12731,Tirupati-Secunderabad Express,SC,SECUNDERABAD JN,07:00:00,None,2,,SCR,Telangana
57562,Manmad - Kacheguda Passenger,AWB,AURANGABAD,07:40:00,07:45:00,1,,SCR,Maharashtra
57562,Manmad - Kacheguda Passenger,NZB,NIZAMABAD,17:10:00,17:15:00,1,,SCR,Andhra Pradesh
15046,Okha-Gorakhpur Express,ADI,AHMEDABAD JN,04:35:00,04:45:00,2,,WR,Gujarat
15046,Okha-Gorakhpur Express,BRC,VADODARA JN,07:15:00,07:45:00,2,,WR,Gujarat
15046,Okha-Gorakhpur Express,RTM,RATLAM JN,11:50:00,12:10:00,2,,WR,Madhya Pradesh
15046,Okha-Gorakhpur Express,JHS,JHANSI JN,03:10:00,03:20:00,3,,NCR,Uttar Pradesh
15046,Okha-Gorakhpur Express,GWL,GWALIOR JN,04:35:00,04:45:00,3,,NCR,Madhya Pradesh
15046,Okha-Gorakhpur Express,AGC,AGRA CANTT,07:00:00,07:10:00,3,,NCR,Uttar Pradesh
15046,Okha-Gorakhpur Express,TDL,TUNDLA JN,07:46:00,07:46:00,3,,NCR,Uttar Pradesh
15046,Okha-Gorakhpur Express,CNB,KANPUR CENTRAL,11:50:00,12:05:00,3,,NCR,Uttar Pradesh
15046,Okha-Gorakhpur Express,LKO,LUCKNOW,13:35:00,14:05:00,3,,NER,Uttar Pradesh
14603,SAHARSA - AMRITSAR Jan Sadharan Exp,MFP,MUZAFFARPUR JN,21:10:00,21:15:00,1,,ECR,Bihar
14603,SAHARSA - AMRITSAR Jan Sadharan Exp,BE,BAREILLY,14:35:00,14:40:00,2,,NER,Uttar Pradesh
14603,SAHARSA - AMRITSAR Jan Sadharan Exp,MB,MORADABAD,16:10:00,16:20:00,2,,NR,Uttar Pradesh
14603,SAHARSA - AMRITSAR Jan Sadharan Exp,UMB,AMBALA CANT JN,22:05:00,22:15:00,2,,NR,Haryana
14603,SAHARSA - AMRITSAR Jan Sadharan Exp,LDH,LUDHIANA JN,00:25:00,00:30:00,3,,NR,Punjab
14603,SAHARSA - AMRITSAR Jan Sadharan Exp,ASR,AMRITSAR JN,02:50:00,None,3,,NR,Punjab
12846,BENGALURU CANTT - BHUBANESWAR SF Exp,BZA,VIJAYAWADA JN,21:35:00,21:55:00,1,,SCR,Andhra Pradesh
12846,BENGALURU CANTT - BHUBANESWAR SF Exp,VSKP,VISHAKAPATNAM,04:15:00,04:35:00,2,,ECoR,Andhra Pradesh
12846,BENGALURU CANTT - BHUBANESWAR SF Exp,BBS,BHUBANESWAR,11:15:00,None,2,,ECoR,Odisha
11089,BHAGAT KI KOTHI - PUNE Exp,ADI,AHMEDABAD JN,15:10:00,16:00:00,1,,WR,Gujarat
11089,BHAGAT KI KOTHI - PUNE Exp,BRC,VADODARA JN,17:50:00,17:55:00,1,,WR,Gujarat
11089,BHAGAT KI KOTHI - PUNE Exp,ST,SURAT,20:00:00,20:10:00,1,,WR,Gujarat
11089,BHAGAT KI KOTHI - PUNE Exp,KYN,KALYAN JN,01:45:00,01:50:00,2,,CR,Maharashtra
11089,BHAGAT KI KOTHI - PUNE Exp,PUNE,PUNE JN,04:45:00,None,2,,CR,Maharashtra
09221,Porbandar Secunderabad Weekly Special,ADI,AHMEDABAD JN,09:40:00,10:00:00,2,,WR,Gujarat
09221,Porbandar Secunderabad Weekly Special,BRC,VADODARA JN,12:05:00,12:15:00,2,,WR,Gujarat
09221,Porbandar Secunderabad Weekly Special,ST,SURAT,14:20:00,14:30:00,2,,WR,Gujarat
09221,Porbandar Secunderabad Weekly Special,KYN,KALYAN JN,19:40:00,19:50:00,2,,CR,Maharashtra
09221,Porbandar Secunderabad Weekly Special,PUNE,PUNE JN,22:25:00,22:30:00,2,,CR,Maharashtra
09221,Porbandar Secunderabad Weekly Special,SUR,SOLAPUR JN,02:50:00,03:00:00,3,,CR,Maharashtra
09221,Porbandar Secunderabad Weekly Special,SC,SECUNDERABAD JN,10:30:00,None,3,,SCR,Telangana
11087,Veraval Pune Express,ADI,AHMEDABAD JN,15:15:00,16:00:00,1,,WR,Gujarat
11087,Veraval Pune Express,BRC,VADODARA JN,17:50:00,17:55:00,1,,WR,Gujarat
11087,Veraval Pune Express,ST,SURAT,20:00:00,20:10:00,1,,WR,Gujarat
11087,Veraval Pune Express,KYN,KALYAN JN,01:45:00,01:50:00,2,,CR,Maharashtra
11087,Veraval Pune Express,PUNE,PUNE JN,04:45:00,None,2,,CR,Maharashtra
12589,Gorakhpur-Secunderabad Express,CNB,KANPUR CENTRAL,13:17:00,13:22:00,1,,NCR,Uttar Pradesh
12589,Gorakhpur-Secunderabad Express,JHS,JHANSI JN,16:45:00,17:05:00,1,,NCR,Uttar Pradesh
12589,Gorakhpur-Secunderabad Express,BPL,BHOPAL JN,21:15:00,21:25:00,1,,WCR,Madhya Pradesh
12589,Gorakhpur-Secunderabad Express,ET,ITARSI JN,23:05:00,23:15:00,1,,WCR,Madhya Pradesh
12589,Gorakhpur-Secunderabad Express,NGP,NAGPUR,04:10:00,04:20:00,2,,SECR,Maharashtra
12589,Gorakhpur-Secunderabad Express,SC,SECUNDERABAD JN,15:10:00,None,2,,SCR,Telangana
19060,Jamnagar-Surat InterCity Express,ADI,AHMEDABAD JN,10:30:00,10:50:00,1,,WR,Gujarat
19060,Jamnagar-Surat InterCity Express,BRC,VADODARA JN,12:40:00,12:45:00,1,,WR,Gujarat
19060,Jamnagar-Surat InterCity Express,ST,SURAT,14:55:00,None,1,,WR,Gujarat
12579,Digha- Puri SamudraKanya Express,CTC,CUTTACK,00:18:00,00:23:00,2,,ECoR,Odisha
12579,Digha- Puri SamudraKanya Express,BBS,BHUBANESWAR,01:00:00,01:05:00,2,,ECoR,Odisha
12579,Digha- Puri SamudraKanya Express,PURI,PURI,03:20:00,None,2,,ECoR,Odisha
12572,Prashanti Nilayam Howrah SF Express,BZA,VIJAYAWADA JN,18:45:00,19:05:00,1,,SCR,Andhra Pradesh
12572,Prashanti Nilayam Howrah SF Express,BBS,BHUBANESWAR,07:40:00,07:45:00,2,,ECoR,Odisha
12572,Prashanti Nilayam Howrah SF Express,CTC,CUTTACK,08:10:00,08:10:00,2,,ECoR,Odisha
12572,Prashanti Nilayam Howrah SF Express,HWH,HOWRAH JN,14:50:00,None,2,,ER,West Bengal
19048,BHAGALPUR - SURAT Tapti Ganga Exp,PNBE,PATNA JN,14:05:00,14:20:00,1,,ECR,Bihar
19048,BHAGALPUR - SURAT Tapti Ganga Exp,MGS,MUGHAL SARAI JN,17:55:00,18:10:00,1,,ECR,Uttar Pradesh
19048,BHAGALPUR - SURAT Tapti Ganga Exp,JBP,JABALPUR,02:25:00,02:35:00,2,,WCR,Madhya Pradesh
19048,BHAGALPUR - SURAT Tapti Ganga Exp,ET,ITARSI JN,06:35:00,06:50:00,2,,WCR,Madhya Pradesh
19048,BHAGALPUR - SURAT Tapti Ganga Exp,ST,SURAT,18:50:00,None,2,,WR,Gujarat
14660,Jaisalmer Delhi Express,JU,JODHPUR JN,22:40:00,23:20:00,1,,NWR,Rajasthan
14660,Jaisalmer Delhi Express,JP,JAIPUR,04:50:00,05:00:00,2,,NWR,Rajasthan
13142,Teesta Torsa Express,NJP,NEW JALPAIGURI,15:45:00,16:00:00,1,,NFR,West Bengal
13142,Teesta Torsa Express,SDAH,KOLKATA SEALDAH,04:35:00,None,2,,ER,West Bengal
16209,Ajmer-Mysore Express,ADI,AHMEDABAD JN,14:30:00,14:55:00,1,,WR,Gujarat
16209,Ajmer-Mysore Express,BRC,VADODARA JN,16:47:00,16:52:00,1,,WR,Gujarat
16209,Ajmer-Mysore Express,ST,SURAT,19:05:00,19:15:00,1,,WR,Gujarat
16209,Ajmer-Mysore Express,KYN,KALYAN JN,01:05:00,01:10:00,2,,CR,Maharashtra
16209,Ajmer-Mysore Express,PUNE,PUNE JN,04:10:00,04:20:00,2,,CR,Maharashtra
16209,Ajmer-Mysore Express,UBL,HUBLI JN,17:30:00,17:40:00,2,,SWR,Karnataka
16209,Ajmer-Mysore Express,SBC,BANGALORE CITY JN,04:00:00,04:30:00,3,,SWR,Karnataka
16209,Ajmer-Mysore Express,MYS,MYSORE JN,07:10:00,None,3,,SWR,Karnataka
16301,Venad Express,ERS,ERNAKULAM JN,17:00:00,17:10:00,1,,SR,Kerala
16301,Venad Express,TVC,TRIVANDRUM CENTRAL,22:10:00,None,1,,SR,Kerala
12591,GORAKHPUR - YESVANTPUR SF Exp,CNB,KANPUR CENTRAL,13:17:00,13:22:00,1,,NCR,Uttar Pradesh
12591,GORAKHPUR - YESVANTPUR SF Exp,JHS,JHANSI JN,16:45:00,17:05:00,1,,NCR,Uttar Pradesh
12591,GORAKHPUR - YESVANTPUR SF Exp,BPL,BHOPAL JN,21:15:00,21:25:00,1,,WCR,Madhya Pradesh
12591,GORAKHPUR - YESVANTPUR SF Exp,ET,ITARSI JN,23:05:00,23:15:00,1,,WCR,Madhya Pradesh
12591,GORAKHPUR - YESVANTPUR SF Exp,NGP,NAGPUR,04:10:00,04:20:00,2,,SECR,Maharashtra
12591,GORAKHPUR - YESVANTPUR SF Exp,SC,SECUNDERABAD JN,15:10:00,15:20:00,2,,SCR,Telangana
12591,GORAKHPUR - YESVANTPUR SF Exp,GTL,GUNTAKAL JN,22:25:00,22:30:00,2,,SCR,Andhra Pradesh
12763,Padmavati Express,BZA,VIJAYAWADA JN,23:25:00,23:35:00,1,,SCR,Andhra Pradesh
12763,Padmavati Express,SC,SECUNDERABAD JN,05:50:00,None,2,,SCR,Telangana
18303,SAMBALPUR - PURI Intercity Exp,BBS,BHUBANESWAR,10:50:00,10:55:00,1,,ECoR,Odisha
18303,SAMBALPUR - PURI Intercity Exp,PURI,PURI,12:45:00,None,1,,ECoR,Odisha
15662,KAMAKHYA - RANCHI Exp,NJP,NEW JALPAIGURI,21:25:00,21:40:00,1,,NFR,West Bengal
15662,KAMAKHYA - RANCHI Exp,ASN,ASANSOL JN,08:55:00,09:00:00,2,,ER,West Bengal
15662,KAMAKHYA - RANCHI Exp,DHN,DHANBAD JN,10:15:00,10:25:00,2,,ECR,Jharkhand
17255,Narasapur Hyderabad Express,BZA,VIJAYAWADA JN,22:20:00,22:35:00,1,,SCR,Andhra Pradesh
17255,Narasapur Hyderabad Express,SC,SECUNDERABAD JN,04:55:00,05:00:00,2,,SCR,Telangana
17255,Narasapur Hyderabad Express,HYB,HYDERABAD DECCAN,05:25:00,None,2,,SCR,Andhra Pradesh
51034,Sainagar Shirdi-Mumbai Fast Passenger(Via Daund),PUNE,PUNE JN,22:55:00,23:05:00,1,,CR,Maharashtra
51034,Sainagar Shirdi-Mumbai Fast Passenger(Via Daund),KYN,KALYAN JN,02:55:00,03:00:00,2,,CR,Maharashtra
51034,Sainagar Shirdi-Mumbai Fast Passenger(Via Daund),DR,MUMBAI DADAR CENTRAL,03:48:00,03:50:00,2,,CR,Maharashtra
51034,Sainagar Shirdi-Mumbai Fast Passenger(Via Daund),CSTM,MUMBAI CST,04:10:00,None,2,,CR,Maharashtra
12737,Gowthami SF Express,BZA,VIJAYAWADA JN,00:15:00,00:30:00,2,,SCR,Andhra Pradesh
12737,Gowthami SF Express,SC,SECUNDERABAD JN,06:35:00,None,2,,SCR,Telangana
05650,Kamakhya - Mumbai LTT (Weekly) Special,NJP,NEW JALPAIGURI,00:45:00,01:00:00,2,,NFR,West Bengal
05650,Kamakhya - Mumbai LTT (Weekly) Special,PNBE,PATNA JN,13:20:00,13:30:00,2,,ECR,Bihar
05650,Kamakhya - Mumbai LTT (Weekly) Special,MGS,MUGHAL SARAI JN,18:00:00,18:20:00,2,,ECR,Uttar Pradesh
05650,Kamakhya - Mumbai LTT (Weekly) Special,ET,ITARSI JN,07:50:00,08:10:00,3,,WCR,Madhya Pradesh
05650,Kamakhya - Mumbai LTT (Weekly) Special,KYN,KALYAN JN,21:45:00,21:50:00,3,,CR,Maharashtra
09562,Okha - Bandra Terminus Weekly Special,ADI,AHMEDABAD JN,21:05:00,21:30:00,1,,WR,Gujarat
09562,Okha - Bandra Terminus Weekly Special,BRC,VADODARA JN,23:15:00,23:20:00,1,,WR,Gujarat
09562,Okha - Bandra Terminus Weekly Special,ST,SURAT,01:20:00,01:22:00,2,,WR,Gujarat
19106,Haridwar-Ahmedabad Mail,GZB,GHAZIABAD,21:03:00,21:05:00,1,,NR,Uttar Pradesh
19106,Haridwar-Ahmedabad Mail,JP,JAIPUR,04:10:00,04:25:00,2,,NWR,Rajasthan
19106,Haridwar-Ahmedabad Mail,ADI,AHMEDABAD JN,16:55:00,None,2,,WR,Gujarat
14853,Marudhar Express,LKO,LUCKNOW,00:05:00,00:30:00,2,,NER,Uttar Pradesh
14853,Marudhar Express,CNB,KANPUR CENTRAL,01:55:00,02:00:00,2,,NCR,Uttar Pradesh
14853,Marudhar Express,TDL,TUNDLA JN,05:08:00,05:13:00,2,,NCR,Uttar Pradesh
14853,Marudhar Express,JP,JAIPUR,11:15:00,11:30:00,2,,NWR,Rajasthan
14853,Marudhar Express,JU,JODHPUR JN,17:00:00,None,2,,NWR,Rajasthan
54412,Meerut NDLS Rewari Passenger,GZB,GHAZIABAD,08:15:00,08:17:00,1,,NR,Uttar Pradesh
54412,Meerut NDLS Rewari Passenger,NDLS,NEW DELHI,09:05:00,09:15:00,1,,NR,Delhi
19019,Bandra T - Dehradun Express,ST,SURAT,04:40:00,04:45:00,2,,WR,Gujarat
19019,Bandra T - Dehradun Express,BRC,VADODARA JN,06:45:00,06:55:00,2,,WR,Gujarat
19019,Bandra T - Dehradun Express,RTM,RATLAM JN,12:40:00,13:00:00,2,,WR,Madhya Pradesh
19019,Bandra T - Dehradun Express,KOTA,KOTA JN,18:50:00,19:30:00,2,,WCR,Rajasthan
19019,Bandra T - Dehradun Express,NZM,DELHI H NIZAMUDDIN,05:15:00,05:40:00,3,,NR,Delhi
19019,Bandra T - Dehradun Express,GZB,GHAZIABAD,06:33:00,06:35:00,3,,NR,Uttar Pradesh
16535,Gol Gumbaz Express,UBL,HUBLI JN,04:30:00,04:45:00,2,,SWR,Karnataka
16535,Gol Gumbaz Express,SUR,SOLAPUR JN,13:25:00,None,2,,CR,Maharashtra
14309,Ujjaini Express,JHS,JHANSI JN,03:10:00,03:20:00,2,,NCR,Uttar Pradesh
14309,Ujjaini Express,GWL,GWALIOR JN,04:35:00,04:45:00,2,,NCR,Madhya Pradesh
14309,Ujjaini Express,AGC,AGRA CANTT,07:00:00,07:10:00,2,,NCR,Uttar Pradesh
14309,Ujjaini Express,NZM,DELHI H NIZAMUDDIN,11:10:00,11:30:00,2,,NR,Delhi
14309,Ujjaini Express,GZB,GHAZIABAD,12:05:00,12:10:00,2,,NR,Uttar Pradesh
19263,Porbandar-Delhi Sarai Rohilla (Biweekly) Express,ADI,AHMEDABAD JN,00:20:00,00:50:00,2,,WR,Gujarat
19263,Porbandar-Delhi Sarai Rohilla (Biweekly) Express,JP,JAIPUR,13:35:00,13:50:00,2,,NWR,Rajasthan
15052,Gorakhpur Kolkata Express,MFP,MUZAFFARPUR JN,17:25:00,17:33:00,1,,ECR,Bihar
15052,Gorakhpur Kolkata Express,ASN,ASANSOL JN,00:15:00,00:25:00,2,,ER,West Bengal
15052,Gorakhpur Kolkata Express,BWN,BARDDHAMAN JN,01:53:00,01:55:00,2,,ER,West Bengal
18309,Nagavali Express,VSKP,VISHAKAPATNAM,19:20:00,19:40:00,1,,ECoR,Andhra Pradesh
18309,Nagavali Express,BZA,VIJAYAWADA JN,01:30:00,01:50:00,2,,SCR,Andhra Pradesh
18309,Nagavali Express,SC,SECUNDERABAD JN,09:00:00,09:20:00,2,,SCR,Telangana
18309,Nagavali Express,NZB,NIZAMABAD,12:15:00,12:20:00,2,,SCR,Andhra Pradesh
18616,HATIA - HOWRAH Kriya Yoga Express,TATA,TATANAGAR JN,None,None,,,SER,Jharkhand
18616,HATIA - HOWRAH Kriya Yoga Express,HWH,HOWRAH JN,06:35:00,None,1,,ER,West Bengal
16507,BHAGAT KI KOTHI - BANGALORE Exp,ADI,AHMEDABAD JN,14:30:00,14:55:00,1,,WR,Gujarat
16507,BHAGAT KI KOTHI - BANGALORE Exp,BRC,VADODARA JN,16:47:00,16:52:00,1,,WR,Gujarat
16507,BHAGAT KI KOTHI - BANGALORE Exp,ST,SURAT,19:05:00,19:15:00,1,,WR,Gujarat
16507,BHAGAT KI KOTHI - BANGALORE Exp,KYN,KALYAN JN,01:05:00,01:10:00,2,,CR,Maharashtra
16507,BHAGAT KI KOTHI - BANGALORE Exp,PUNE,PUNE JN,04:10:00,04:20:00,2,,CR,Maharashtra
16507,BHAGAT KI KOTHI - BANGALORE Exp,UBL,HUBLI JN,17:30:00,17:40:00,2,,SWR,Karnataka
16507,BHAGAT KI KOTHI - BANGALORE Exp,SBC,BANGALORE CITY JN,04:00:00,None,3,,SWR,Karnataka
12972,Bhavnagar Bandra Express,ADI,AHMEDABAD JN,01:55:00,02:15:00,2,,WR,Gujarat
12972,Bhavnagar Bandra Express,BRC,VADODARA JN,03:55:00,04:00:00,2,,WR,Gujarat
12972,Bhavnagar Bandra Express,ST,SURAT,06:00:00,06:05:00,2,,WR,Gujarat
14512,Saharanpur-Allahabad Nauchandi Express,MB,MORADABAD,23:30:00,23:40:00,1,,NR,Uttar Pradesh
14512,Saharanpur-Allahabad Nauchandi Express,BE,BAREILLY,01:05:00,01:10:00,2,,NER,Uttar Pradesh
14512,Saharanpur-Allahabad Nauchandi Express,LKO,LUCKNOW,05:10:00,05:25:00,2,,NER,Uttar Pradesh
14512,Saharanpur-Allahabad Nauchandi Express,ALD,ALLAHABAD JN,09:55:00,None,2,,NCR,Uttar Pradesh
13010,Doon Express,MB,MORADABAD,01:55:00,02:10:00,2,,NR,Uttar Pradesh
13010,Doon Express,BE,BAREILLY,03:56:00,04:01:00,2,,NER,Uttar Pradesh
13010,Doon Express,LKO,LUCKNOW,08:20:00,08:35:00,2,,NER,Uttar Pradesh
13010,Doon Express,MGS,MUGHAL SARAI JN,17:10:00,17:35:00,2,,ECR,Uttar Pradesh
13010,Doon Express,GAYA,GAYA JN,21:17:00,21:27:00,2,,ECR,Bihar
13010,Doon Express,DHN,DHANBAD JN,01:10:00,01:20:00,3,,ECR,Jharkhand
13010,Doon Express,ASN,ASANSOL JN,02:20:00,02:25:00,3,,ER,West Bengal
13010,Doon Express,BWN,BARDDHAMAN JN,04:22:00,04:27:00,3,,ER,West Bengal
13010,Doon Express,HWH,HOWRAH JN,06:55:00,None,3,,ER,West Bengal
12569,Jaynagar-Delhi AnandViharT Garib Rath,PNBE,PATNA JN,19:05:00,19:15:00,1,,ECR,Bihar
12569,Jaynagar-Delhi AnandViharT Garib Rath,MGS,MUGHAL SARAI JN,22:42:00,23:02:00,1,,ECR,Uttar Pradesh
12569,Jaynagar-Delhi AnandViharT Garib Rath,ALD,ALLAHABAD JN,00:52:00,00:55:00,2,,NCR,Uttar Pradesh
12569,Jaynagar-Delhi AnandViharT Garib Rath,CNB,KANPUR CENTRAL,02:55:00,03:00:00,2,,NCR,Uttar Pradesh
12569,Jaynagar-Delhi AnandViharT Garib Rath,TDL,TUNDLA JN,05:22:00,05:22:00,2,,NCR,Uttar Pradesh
12569,Jaynagar-Delhi AnandViharT Garib Rath,ALJN,ALIGARH JN,06:07:00,06:09:00,2,,NCR,Uttar Pradesh
12569,Jaynagar-Delhi AnandViharT Garib Rath,GZB,GHAZIABAD,08:13:00,08:13:00,2,,NR,Uttar Pradesh
12916,Ashram SF Express,JP,JAIPUR,20:25:00,20:35:00,1,,NWR,Rajasthan
12916,Ashram SF Express,ADI,AHMEDABAD JN,07:40:00,None,2,,WR,Gujarat
14123,Pratapgarh Kanpur InterCity Express,LKO,LUCKNOW,08:05:00,08:10:00,1,,NER,Uttar Pradesh
14123,Pratapgarh Kanpur InterCity Express,CNB,KANPUR CENTRAL,09:40:00,None,1,,NCR,Uttar Pradesh
16333,VERAVAL - TRIVANDRUM Exp,ADI,AHMEDABAD JN,11:05:00,11:25:00,1,,WR,Gujarat
16333,VERAVAL - TRIVANDRUM Exp,BRC,VADODARA JN,13:25:00,13:35:00,1,,WR,Gujarat
16333,VERAVAL - TRIVANDRUM Exp,ST,SURAT,15:35:00,15:45:00,1,,WR,Gujarat
16333,VERAVAL - TRIVANDRUM Exp,PNVL,PANVEL,22:00:00,22:05:00,1,,CR,Maharashtra
16333,VERAVAL - TRIVANDRUM Exp,MAO,MADGAON,07:30:00,07:40:00,2,,KR,Goa
16333,VERAVAL - TRIVANDRUM Exp,TVC,TRIVANDRUM CENTRAL,03:10:00,None,3,,SR,Kerala
19132,BHUJ - MUMBAI BANDRA Kutch Exp,ADI,AHMEDABAD JN,02:40:00,03:05:00,2,,WR,Gujarat
19132,BHUJ - MUMBAI BANDRA Kutch Exp,BRC,VADODARA JN,04:55:00,05:00:00,2,,WR,Gujarat
19132,BHUJ - MUMBAI BANDRA Kutch Exp,ST,SURAT,07:00:00,07:05:00,2,,WR,Gujarat
19116,BHUJ - MUMBAI BANDRA Sayaji Nagari Exp,ADI,AHMEDABAD JN,05:05:00,05:25:00,2,,WR,Gujarat
19116,BHUJ - MUMBAI BANDRA Sayaji Nagari Exp,BRC,VADODARA JN,07:20:00,07:25:00,2,,WR,Gujarat
19116,BHUJ - MUMBAI BANDRA Sayaji Nagari Exp,ST,SURAT,09:45:00,09:48:00,2,,WR,Gujarat
18206,Nautanwa-Durg Express,ALD,ALLAHABAD JN,20:35:00,21:08:00,1,,NCR,Uttar Pradesh
18206,Nautanwa-Durg Express,BSP,BILASPUR JN,09:35:00,10:20:00,2,,SECR,Chhattisgarh
18206,Nautanwa-Durg Express,R,RAIPUR JN,12:05:00,12:15:00,2,,SECR,Chhattisgarh
14312,BHUJ - BAREILLY Ala Hazrat Exp,ADI,AHMEDABAD JN,19:50:00,20:25:00,1,,WR,Gujarat
14312,BHUJ - BAREILLY Ala Hazrat Exp,JP,JAIPUR,08:30:00,08:45:00,2,,NWR,Rajasthan
14312,BHUJ - BAREILLY Ala Hazrat Exp,GZB,GHAZIABAD,15:36:00,15:38:00,2,,NR,Uttar Pradesh
14312,BHUJ - BAREILLY Ala Hazrat Exp,MB,MORADABAD,18:30:00,18:40:00,2,,NR,Uttar Pradesh
14312,BHUJ - BAREILLY Ala Hazrat Exp,BE,BAREILLY,20:20:00,None,2,,NER,Uttar Pradesh
03283,Rajendra Nagar-Tatanagar Special,ASN,ASANSOL JN,05:45:00,06:15:00,2,,ER,West Bengal
03283,Rajendra Nagar-Tatanagar Special,TATA,TATANAGAR JN,10:05:00,None,2,,SER,Jharkhand
17210,KAKINADA TOWN -BANGALORE Seshadri Exp,BZA,VIJAYAWADA JN,22:50:00,23:05:00,1,,SCR,Andhra Pradesh
17210,KAKINADA TOWN -BANGALORE Seshadri Exp,SBC,BANGALORE CITY JN,12:35:00,None,2,,SWR,Karnataka
12836,YESVANTPUR - HATIA SF Exp,BZA,VIJAYAWADA JN,21:35:00,21:55:00,1,,SCR,Andhra Pradesh
12836,YESVANTPUR - HATIA SF Exp,VSKP,VISHAKAPATNAM,04:15:00,04:35:00,2,,ECoR,Andhra Pradesh
12836,YESVANTPUR - HATIA SF Exp,ROU,ROURKELA,16:25:00,16:30:00,2,,SER,Odisha
11018,Chalukya Express,UBL,HUBLI JN,15:00:00,15:15:00,1,,SWR,Karnataka
11018,Chalukya Express,PUNE,PUNE JN,02:10:00,02:20:00,2,,CR,Maharashtra
11018,Chalukya Express,KYN,KALYAN JN,04:54:00,04:55:00,2,,CR,Maharashtra
11018,Chalukya Express,DR,MUMBAI DADAR CENTRAL,05:50:00,None,2,,CR,Maharashtra
13154,Malda Town-Sealdah Gour Express,BWN,BARDDHAMAN JN,02:30:00,02:50:00,2,,ER,West Bengal
13154,Malda Town-Sealdah Gour Express,SDAH,KOLKATA SEALDAH,05:20:00,None,2,,ER,West Bengal
13244,Dehri On Sone Patna InterCity Express,GAYA,GAYA JN,07:20:00,07:25:00,1,,ECR,Bihar
13244,Dehri On Sone Patna InterCity Express,PNBE,PATNA JN,10:00:00,None,1,,ECR,Bihar
17406,Krishna Express,NZB,NIZAMABAD,02:10:00,02:15:00,2,,SCR,Andhra Pradesh
17406,Krishna Express,SC,SECUNDERABAD JN,05:45:00,06:05:00,2,,SCR,Telangana
17406,Krishna Express,BZA,VIJAYAWADA JN,12:55:00,13:15:00,2,,SCR,Andhra Pradesh
59050,Viramgam Valsad Passenger,ADI,AHMEDABAD JN,09:25:00,10:15:00,1,,WR,Gujarat
59050,Viramgam Valsad Passenger,BRC,VADODARA JN,14:10:00,14:20:00,1,,WR,Gujarat
59050,Viramgam Valsad Passenger,ST,SURAT,18:50:00,18:55:00,1,,WR,Gujarat
59385,Panchvalley Fast Passenger,BPL,BHOPAL JN,18:00:00,18:15:00,1,,WCR,Madhya Pradesh
59385,Panchvalley Fast Passenger,ET,ITARSI JN,20:40:00,20:45:00,1,,WCR,Madhya Pradesh
47197,Falaknuma Hyderabad MMTS,SC,SECUNDERABAD JN,09:15:00,09:20:00,1,,SCR,Telangana
47197,Falaknuma Hyderabad MMTS,HYB,HYDERABAD DECCAN,09:45:00,None,1,,SCR,Andhra Pradesh
47202,Falaknuma Hyderabad MMTS,SC,SECUNDERABAD JN,20:40:00,20:42:00,1,,SCR,Telangana
47202,Falaknuma Hyderabad MMTS,HYB,HYDERABAD DECCAN,21:10:00,None,1,,SCR,Andhra Pradesh
15024,YESVANTPUR - GORAKHPUR Exp,NGP,NAGPUR,00:45:00,00:55:00,3,,SECR,Maharashtra
15024,YESVANTPUR - GORAKHPUR Exp,ET,ITARSI JN,06:00:00,06:15:00,3,,WCR,Madhya Pradesh
15024,YESVANTPUR - GORAKHPUR Exp,BPL,BHOPAL JN,09:25:00,09:35:00,3,,WCR,Madhya Pradesh
15024,YESVANTPUR - GORAKHPUR Exp,JHS,JHANSI JN,14:00:00,14:20:00,3,,NCR,Uttar Pradesh
15024,YESVANTPUR - GORAKHPUR Exp,CNB,KANPUR CENTRAL,19:05:00,19:15:00,3,,NCR,Uttar Pradesh
47200,Falaknuma Hyderabad MMTS,SC,SECUNDERABAD JN,14:50:00,15:00:00,1,,SCR,Telangana
47200,Falaknuma Hyderabad MMTS,HYB,HYDERABAD DECCAN,15:30:00,None,1,,SCR,Andhra Pradesh
12919,Malwa Express,BPL,BHOPAL JN,17:25:00,17:45:00,1,,WCR,Madhya Pradesh
12919,Malwa Express,JHS,JHANSI JN,21:47:00,21:57:00,1,,NCR,Uttar Pradesh
12919,Malwa Express,GWL,GWALIOR JN,23:27:00,23:32:00,1,,NCR,Madhya Pradesh
12919,Malwa Express,AGC,AGRA CANTT,01:20:00,01:25:00,2,,NCR,Uttar Pradesh
12919,Malwa Express,NZM,DELHI H NIZAMUDDIN,04:35:00,04:37:00,2,,NR,Delhi
12919,Malwa Express,NDLS,NEW DELHI,05:00:00,05:20:00,2,,NR,Delhi
12919,Malwa Express,UMB,AMBALA CANT JN,08:45:00,08:55:00,2,,NR,Haryana
12919,Malwa Express,LDH,LUDHIANA JN,10:40:00,11:00:00,2,,NR,Punjab
12919,Malwa Express,JAT,JAMMU TAWI,15:55:00,None,2,,NR,Jammu and Kashmir
51188,KATNI - BHUSAVAL Passenger,JBP,JABALPUR,00:25:00,00:35:00,2,,WCR,Madhya Pradesh
51188,KATNI - BHUSAVAL Passenger,ET,ITARSI JN,06:20:00,06:45:00,2,,WCR,Madhya Pradesh
54021,Tilak Bridge Passenger,GZB,GHAZIABAD,07:51:00,07:53:00,1,,NR,Uttar Pradesh
54021,Tilak Bridge Passenger,NDLS,NEW DELHI,08:58:00,None,1,,NR,Delhi
12709,Simhapuri SF Express,BZA,VIJAYAWADA JN,01:30:00,01:40:00,2,,SCR,Andhra Pradesh
12709,Simhapuri SF Express,SC,SECUNDERABAD JN,07:45:00,None,2,,SCR,Telangana
57131,Bolarum Hyderabad Passenger,SC,SECUNDERABAD JN,09:45:00,09:50:00,1,,SCR,Telangana
57131,Bolarum Hyderabad Passenger,HYB,HYDERABAD DECCAN,10:15:00,None,1,,SCR,Andhra Pradesh
11094,VARANASI - MUMBAI CST Mahanagari Exp,JBP,JABALPUR,21:20:00,21:30:00,1,,WCR,Madhya Pradesh
11094,VARANASI - MUMBAI CST Mahanagari Exp,ET,ITARSI JN,01:20:00,01:30:00,2,,WCR,Madhya Pradesh
11094,VARANASI - MUMBAI CST Mahanagari Exp,KYN,KALYAN JN,12:55:00,13:00:00,2,,CR,Maharashtra
11094,VARANASI - MUMBAI CST Mahanagari Exp,DR,MUMBAI DADAR CENTRAL,13:48:00,13:50:00,2,,CR,Maharashtra
11094,VARANASI - MUMBAI CST Mahanagari Exp,CSTM,MUMBAI CST,14:15:00,None,2,,CR,Maharashtra
47199,Falaknuma Hyderabad MMTS,SC,SECUNDERABAD JN,14:15:00,14:17:00,1,,SCR,Telangana
47199,Falaknuma Hyderabad MMTS,HYB,HYDERABAD DECCAN,14:45:00,None,1,,SCR,Andhra Pradesh
47201,Falaknuma Hyderabad MMTS,SC,SECUNDERABAD JN,16:35:00,16:37:00,1,,SCR,Telangana
47201,Falaknuma Hyderabad MMTS,HYB,HYDERABAD DECCAN,17:05:00,None,1,,SCR,Andhra Pradesh
16350,Nilambur Road Trivandrum Rajya Rani Express,ERS,ERNAKULAM JN,01:43:00,01:43:00,2,,SR,Kerala
16350,Nilambur Road Trivandrum Rajya Rani Express,TVC,TRIVANDRUM CENTRAL,06:20:00,None,2,,SR,Kerala
13018,Ganadevta Express,BWN,BARDDHAMAN JN,19:37:00,19:42:00,1,,ER,West Bengal
13018,Ganadevta Express,HWH,HOWRAH JN,21:45:00,None,1,,ER,West Bengal
18030,KOLKATA SALIMAR - MUMBAI LTT [Kurla] Exp,TATA,TATANAGAR JN,20:10:00,20:20:00,1,,SER,Jharkhand
18030,KOLKATA SALIMAR - MUMBAI LTT [Kurla] Exp,ROU,ROURKELA,23:02:00,23:12:00,1,,SER,Odisha
18030,KOLKATA SALIMAR - MUMBAI LTT [Kurla] Exp,BSP,BILASPUR JN,04:20:00,04:45:00,2,,SECR,Chhattisgarh
18030,KOLKATA SALIMAR - MUMBAI LTT [Kurla] Exp,R,RAIPUR JN,06:30:00,06:40:00,2,,SECR,Chhattisgarh
18030,KOLKATA SALIMAR - MUMBAI LTT [Kurla] Exp,NGP,NAGPUR,13:15:00,13:40:00,2,,SECR,Maharashtra
18030,KOLKATA SALIMAR - MUMBAI LTT [Kurla] Exp,KYN,KALYAN JN,03:40:00,03:45:00,3,,CR,Maharashtra
13510,Gonda-Asansol Express,MFP,MUZAFFARPUR JN,04:10:00,04:15:00,2,,ECR,Bihar
13510,Gonda-Asansol Express,ASN,ASANSOL JN,11:15:00,None,2,,ER,West Bengal
19026,Bhavnagar Surat (Slip) Express,ADI,AHMEDABAD JN,03:10:00,03:30:00,2,,WR,Gujarat
19026,Bhavnagar Surat (Slip) Express,BRC,VADODARA JN,05:10:00,05:20:00,2,,WR,Gujarat
19026,Bhavnagar Surat (Slip) Express,ST,SURAT,07:40:00,None,2,,WR,Gujarat
12960,BHUJ - MUMBAI DADAR SF Exp,ADI,AHMEDABAD JN,04:20:00,04:40:00,2,,WR,Gujarat
12960,BHUJ - MUMBAI DADAR SF Exp,BRC,VADODARA JN,06:25:00,06:30:00,2,,WR,Gujarat
12960,BHUJ - MUMBAI DADAR SF Exp,ST,SURAT,08:28:00,08:33:00,2,,WR,Gujarat
57129,Bijapur-Bolarum Passenger,SUR,SOLAPUR JN,21:00:00,21:15:00,1,,CR,Maharashtra
57129,Bijapur-Bolarum Passenger,SC,SECUNDERABAD JN,08:00:00,08:05:00,2,,SCR,Telangana
14631,Dehradun Amritsar Express,UMB,AMBALA CANT JN,01:45:00,02:00:00,2,,NR,Haryana
14631,Dehradun Amritsar Express,LDH,LUDHIANA JN,04:11:00,04:21:00,2,,NR,Punjab
14631,Dehradun Amritsar Express,ASR,AMRITSAR JN,07:30:00,None,2,,NR,Punjab
12415,Indore-Nizamuddin Express,KOTA,KOTA JN,22:55:00,23:05:00,1,,WCR,Rajasthan
12415,Indore-Nizamuddin Express,NZM,DELHI H NIZAMUDDIN,05:40:00,None,2,,NR,Delhi
12946,MAHUVA - SURAT SF Exp,ADI,AHMEDABAD JN,None,None,,,WR,Gujarat
12946,MAHUVA - SURAT SF Exp,BRC,VADODARA JN,None,None,,,WR,Gujarat
12946,MAHUVA - SURAT SF Exp,ST,SURAT,18:50:00,None,2,,WR,Gujarat
12225,Kaifiat Express,CNB,KANPUR CENTRAL,00:45:00,00:50:00,2,,NCR,Uttar Pradesh
12225,Kaifiat Express,TDL,TUNDLA JN,03:46:00,03:46:00,2,,NCR,Uttar Pradesh
12225,Kaifiat Express,ALJN,ALIGARH JN,04:45:00,04:50:00,2,,NCR,Uttar Pradesh
12225,Kaifiat Express,GZB,GHAZIABAD,06:40:00,06:40:00,2,,NR,Uttar Pradesh
19168,Sabarmati Express,LKO,LUCKNOW,23:15:00,23:25:00,1,,NER,Uttar Pradesh
19168,Sabarmati Express,CNB,KANPUR CENTRAL,01:02:00,01:10:00,2,,NCR,Uttar Pradesh
19168,Sabarmati Express,JHS,JHANSI JN,05:30:00,05:45:00,2,,NCR,Uttar Pradesh
19168,Sabarmati Express,RTM,RATLAM JN,20:35:00,20:50:00,2,,WR,Madhya Pradesh
19168,Sabarmati Express,BRC,VADODARA JN,01:25:00,01:55:00,3,,WR,Gujarat
19168,Sabarmati Express,ADI,AHMEDABAD JN,04:00:00,None,3,,WR,Gujarat
18239,Gerva Road-Nagpur Express,BSP,BILASPUR JN,20:05:00,20:40:00,1,,SECR,Chhattisgarh
18239,Gerva Road-Nagpur Express,R,RAIPUR JN,22:25:00,22:35:00,1,,SECR,Chhattisgarh
18239,Gerva Road-Nagpur Express,NGP,NAGPUR,05:30:00,None,2,,SECR,Maharashtra
12461,Mandore Express,JP,JAIPUR,02:10:00,02:20:00,2,,NWR,Rajasthan
12461,Mandore Express,JU,JODHPUR JN,07:30:00,None,2,,NWR,Rajasthan
18202,Nautanwa-Durg Nautanwa Express,ALD,ALLAHABAD JN,22:10:00,22:55:00,1,,NCR,Uttar Pradesh
18202,Nautanwa-Durg Nautanwa Express,BSP,BILASPUR JN,11:15:00,11:35:00,2,,SECR,Chhattisgarh
18202,Nautanwa-Durg Nautanwa Express,R,RAIPUR JN,13:10:00,13:20:00,2,,SECR,Chhattisgarh
12486,SHRI GANGANAGAR - H S NANDED Exp,NDLS,NEW DELHI,23:20:00,23:50:00,1,,NR,Delhi
12486,SHRI GANGANAGAR - H S NANDED Exp,NZM,DELHI H NIZAMUDDIN,23:57:00,23:57:00,1,,NR,Delhi
12486,SHRI GANGANAGAR - H S NANDED Exp,AGC,AGRA CANTT,02:50:00,02:55:00,2,,NCR,Uttar Pradesh
12486,SHRI GANGANAGAR - H S NANDED Exp,GWL,GWALIOR JN,04:45:00,04:50:00,2,,NCR,Madhya Pradesh
12486,SHRI GANGANAGAR - H S NANDED Exp,JHS,JHANSI JN,06:15:00,06:27:00,2,,NCR,Uttar Pradesh
12486,SHRI GANGANAGAR - H S NANDED Exp,BPL,BHOPAL JN,10:50:00,11:00:00,2,,WCR,Madhya Pradesh
12486,SHRI GANGANAGAR - H S NANDED Exp,ET,ITARSI JN,12:40:00,12:50:00,2,,WCR,Madhya Pradesh
54292,Partapgarh Varanasi Passenger,MGS,MUGHAL SARAI JN,None,None,1,,ECR,Uttar Pradesh
54292,Partapgarh Varanasi Passenger,GAYA,GAYA JN,None,None,1,,ECR,Bihar
54292,Partapgarh Varanasi Passenger,MGS,MUGHAL SARAI JN,None,None,1,,ECR,Uttar Pradesh
58203,Gevra Raipur Passenger,BSP,BILASPUR JN,08:15:00,08:25:00,1,,SECR,Chhattisgarh
58203,Gevra Raipur Passenger,R,RAIPUR JN,11:10:00,None,1,,SECR,Chhattisgarh
14649,Saryu Yamuna Express,MFP,MUZAFFARPUR JN,11:55:00,12:05:00,1,,ECR,Bihar
14649,Saryu Yamuna Express,LKO,LUCKNOW,01:00:00,01:15:00,2,,NER,Uttar Pradesh
14649,Saryu Yamuna Express,BE,BAREILLY,05:35:00,05:40:00,2,,NER,Uttar Pradesh
14649,Saryu Yamuna Express,MB,MORADABAD,07:20:00,07:30:00,2,,NR,Uttar Pradesh
14649,Saryu Yamuna Express,GZB,GHAZIABAD,11:06:00,11:12:00,2,,NR,Uttar Pradesh
14649,Saryu Yamuna Express,UMB,AMBALA CANT JN,16:05:00,16:15:00,2,,NR,Haryana
14649,Saryu Yamuna Express,LDH,LUDHIANA JN,18:45:00,18:50:00,2,,NR,Punjab
14649,Saryu Yamuna Express,ASR,AMRITSAR JN,22:55:00,None,2,,NR,Punjab
11044,MADURAI - MUMBAI LTT Exp,GTL,GUNTAKAL JN,13:15:00,13:30:00,2,,SCR,Andhra Pradesh
11044,MADURAI - MUMBAI LTT Exp,SUR,SOLAPUR JN,21:15:00,21:25:00,2,,CR,Maharashtra
11044,MADURAI - MUMBAI LTT Exp,PUNE,PUNE JN,02:00:00,02:05:00,3,,CR,Maharashtra
11044,MADURAI - MUMBAI LTT Exp,KYN,KALYAN JN,04:49:00,04:50:00,3,,CR,Maharashtra
17006,RAXAUL - HYDERABAD Deccan Exp,DHN,DHANBAD JN,16:30:00,16:40:00,1,,ECR,Jharkhand
17006,RAXAUL - HYDERABAD Deccan Exp,ROU,ROURKELA,00:35:00,00:45:00,2,,SER,Odisha
17006,RAXAUL - HYDERABAD Deccan Exp,BSP,BILASPUR JN,05:20:00,05:40:00,2,,SECR,Chhattisgarh
17006,RAXAUL - HYDERABAD Deccan Exp,R,RAIPUR JN,07:50:00,08:00:00,2,,SECR,Chhattisgarh
17006,RAXAUL - HYDERABAD Deccan Exp,NGP,NAGPUR,13:40:00,13:50:00,2,,SECR,Maharashtra
17006,RAXAUL - HYDERABAD Deccan Exp,SC,SECUNDERABAD JN,22:40:00,22:50:00,2,,SCR,Telangana
17006,RAXAUL - HYDERABAD Deccan Exp,HYB,HYDERABAD DECCAN,23:10:00,None,2,,SCR,Andhra Pradesh
15707,Amrapali Express,MFP,MUZAFFARPUR JN,05:27:00,05:37:00,2,,ECR,Bihar
15707,Amrapali Express,LKO,LUCKNOW,17:45:00,18:10:00,2,,NER,Uttar Pradesh
15707,Amrapali Express,CNB,KANPUR CENTRAL,19:50:00,20:00:00,2,,NCR,Uttar Pradesh
15707,Amrapali Express,TDL,TUNDLA JN,23:10:00,23:15:00,2,,NCR,Uttar Pradesh
15707,Amrapali Express,ALJN,ALIGARH JN,00:15:00,00:20:00,3,,NCR,Uttar Pradesh
15707,Amrapali Express,GZB,GHAZIABAD,02:05:00,02:07:00,3,,NR,Uttar Pradesh
15707,Amrapali Express,UMB,AMBALA CANT JN,06:50:00,07:00:00,3,,NR,Haryana
15707,Amrapali Express,LDH,LUDHIANA JN,08:55:00,09:05:00,3,,NR,Punjab
15707,Amrapali Express,ASR,AMRITSAR JN,12:10:00,None,3,,NR,Punjab
14673,Shaheed Express,MFP,MUZAFFARPUR JN,11:55:00,12:05:00,1,,ECR,Bihar
14673,Shaheed Express,LKO,LUCKNOW,01:00:00,01:15:00,2,,NER,Uttar Pradesh
14673,Shaheed Express,BE,BAREILLY,05:35:00,05:40:00,2,,NER,Uttar Pradesh
14673,Shaheed Express,MB,MORADABAD,07:20:00,07:30:00,2,,NR,Uttar Pradesh
14673,Shaheed Express,GZB,GHAZIABAD,11:06:00,11:12:00,2,,NR,Uttar Pradesh
14673,Shaheed Express,UMB,AMBALA CANT JN,16:05:00,16:15:00,2,,NR,Haryana
14673,Shaheed Express,LDH,LUDHIANA JN,18:45:00,18:50:00,2,,NR,Punjab
14673,Shaheed Express,ASR,AMRITSAR JN,22:55:00,None,2,,NR,Punjab
14035,Dhauladhar Express,LDH,LUDHIANA JN,04:25:00,04:35:00,2,,NR,Punjab
14035,Dhauladhar Express,PTK,PATHANKOT,08:00:00,None,2,,NR,Punjab
19143,Lokshakti Express,ST,SURAT,00:27:00,00:32:00,2,,WR,Gujarat
19143,Lokshakti Express,BRC,VADODARA JN,02:32:00,02:37:00,2,,WR,Gujarat
19143,Lokshakti Express,ADI,AHMEDABAD JN,04:50:00,None,2,,WR,Gujarat
59307,Indore Jaipur link Express,RTM,RATLAM JN,22:20:00,22:40:00,1,,WR,Madhya Pradesh
59307,Indore Jaipur link Express,JP,JAIPUR,09:25:00,None,2,,NWR,Rajasthan
12391,Shramjeevi Express,PNBE,PATNA JN,10:35:00,10:50:00,1,,ECR,Bihar
12391,Shramjeevi Express,MGS,MUGHAL SARAI JN,14:20:00,14:30:00,1,,ECR,Uttar Pradesh
12391,Shramjeevi Express,LKO,LUCKNOW,20:25:00,20:35:00,1,,NER,Uttar Pradesh
12391,Shramjeevi Express,BE,BAREILLY,23:52:00,23:57:00,1,,NER,Uttar Pradesh
12391,Shramjeevi Express,MB,MORADABAD,01:35:00,01:45:00,2,,NR,Uttar Pradesh
12391,Shramjeevi Express,GZB,GHAZIABAD,04:20:00,04:22:00,2,,NR,Uttar Pradesh
12391,Shramjeevi Express,NDLS,NEW DELHI,05:10:00,None,2,,NR,Delhi
54075,Sitapur Delhi Passenger,BE,BAREILLY,19:50:00,20:00:00,1,,NER,Uttar Pradesh
54075,Sitapur Delhi Passenger,MB,MORADABAD,22:50:00,23:25:00,1,,NR,Uttar Pradesh
54075,Sitapur Delhi Passenger,GZB,GHAZIABAD,02:45:00,02:50:00,2,,NR,Uttar Pradesh
19018,Saurashtra Janata Express,ADI,AHMEDABAD JN,20:10:00,20:35:00,1,,WR,Gujarat
19018,Saurashtra Janata Express,BRC,VADODARA JN,22:50:00,22:55:00,1,,WR,Gujarat
19018,Saurashtra Janata Express,ST,SURAT,01:00:00,01:05:00,2,,WR,Gujarat
13008-Slip,Udyan Abha Toofan Express Slip,UMB,AMBALA CANT JN,03:50:00,04:10:00,2,,NR,Haryana
13008-Slip,Udyan Abha Toofan Express Slip,CDG,CHANDIGARH,05:00:00,05:10:00,2,,NR,Chandigarh
59049,Valsad Viramgam Passenger,ST,SURAT,07:57:00,08:02:00,1,,WR,Gujarat
59049,Valsad Viramgam Passenger,BRC,VADODARA JN,12:00:00,13:30:00,1,,WR,Gujarat
59049,Valsad Viramgam Passenger,ADI,AHMEDABAD JN,17:45:00,18:30:00,1,,WR,Gujarat
59393,Dahod Habibganj Fast Pass,RTM,RATLAM JN,08:25:00,08:35:00,1,,WR,Madhya Pradesh
59393,Dahod Habibganj Fast Pass,BPL,BHOPAL JN,15:50:00,15:55:00,1,,WCR,Madhya Pradesh
12990,Ajmer-Dadar SF Express,ADI,AHMEDABAD JN,04:35:00,04:55:00,2,,WR,Gujarat
12990,Ajmer-Dadar SF Express,BRC,VADODARA JN,07:05:00,07:10:00,2,,WR,Gujarat
12990,Ajmer-Dadar SF Express,ST,SURAT,09:00:00,09:05:00,2,,WR,Gujarat
57564,Nanded Hyderabad Passenger,NZB,NIZAMABAD,01:15:00,01:20:00,2,,SCR,Andhra Pradesh
57564,Nanded Hyderabad Passenger,SC,SECUNDERABAD JN,05:30:00,05:45:00,2,,SCR,Telangana
57564,Nanded Hyderabad Passenger,HYB,HYDERABAD DECCAN,06:30:00,None,2,,SCR,Andhra Pradesh
59822,BHIND - KOTA PASSENGER,GWL,GWALIOR JN,20:35:00,20:45:00,1,,NCR,Madhya Pradesh
59822,BHIND - KOTA PASSENGER,KOTA,KOTA JN,09:15:00,None,2,,WCR,Rajasthan
51116,Dhule Dadar Passenger Composite,KYN,KALYAN JN,02:50:00,02:55:00,2,,CR,Maharashtra
51116,Dhule Dadar Passenger Composite,DR,MUMBAI DADAR CENTRAL,04:00:00,None,2,,CR,Maharashtra
18495,Rameswaram-Bhubaneswar Express,MS,CHENNAI EGMORE,22:10:00,22:30:00,1,,SR,Tamil Nadu
18495,Rameswaram-Bhubaneswar Express,BZA,VIJAYAWADA JN,05:30:00,05:40:00,2,,SCR,Andhra Pradesh
18495,Rameswaram-Bhubaneswar Express,VSKP,VISHAKAPATNAM,11:45:00,12:05:00,2,,ECoR,Andhra Pradesh
18495,Rameswaram-Bhubaneswar Express,BBS,BHUBANESWAR,18:45:00,None,2,,ECoR,Odisha
14317,INDORE - DEHRADUN Exp,GWL,GWALIOR JN,04:35:00,04:45:00,2,,NCR,Madhya Pradesh
14317,INDORE - DEHRADUN Exp,AGC,AGRA CANTT,07:00:00,07:10:00,2,,NCR,Uttar Pradesh
14317,INDORE - DEHRADUN Exp,NZM,DELHI H NIZAMUDDIN,11:10:00,11:30:00,2,,NR,Delhi
14317,INDORE - DEHRADUN Exp,GZB,GHAZIABAD,12:05:00,12:10:00,2,,NR,Uttar Pradesh
14724,Kalindi Express,GZB,GHAZIABAD,22:42:00,22:44:00,1,,NR,Uttar Pradesh
14724,Kalindi Express,ALJN,ALIGARH JN,00:15:00,00:20:00,2,,NCR,Uttar Pradesh
14724,Kalindi Express,TDL,TUNDLA JN,02:00:00,02:10:00,2,,NCR,Uttar Pradesh
14724,Kalindi Express,CNB,KANPUR CENTRAL,11:10:00,None,2,,NCR,Uttar Pradesh
06302,Mangalore-Nagercoil Special,ERS,ERNAKULAM JN,01:08:00,01:08:00,2,,SR,Kerala
06302,Mangalore-Nagercoil Special,TVC,TRIVANDRUM CENTRAL,05:50:00,06:00:00,2,,SR,Kerala
28242,Chirmiri Durg Express Cum Pass,BSP,BILASPUR JN,06:10:00,06:10:00,2,,SECR,Chhattisgarh
28242,Chirmiri Durg Express Cum Pass,R,RAIPUR JN,08:05:00,08:15:00,2,,SECR,Chhattisgarh
58425,Kendujhargarh-Bhubaneswar Fast Passenger,CTC,CUTTACK,11:04:00,11:04:00,1,,ECoR,Odisha
58425,Kendujhargarh-Bhubaneswar Fast Passenger,BBS,BHUBANESWAR,12:25:00,None,1,,ECoR,Odisha
16865,Tea Garden Express,CBE,COIMBATORE JN,00:55:00,01:00:00,2,,SR,Tamil Nadu
16865,Tea Garden Express,ERS,ERNAKULAM JN,06:15:00,None,2,,SR,Kerala
11056,GORAKHPUR - MUMBAI LTT Exp,ALD,ALLAHABAD JN,16:40:00,17:10:00,1,,NCR,Uttar Pradesh
11056,GORAKHPUR - MUMBAI LTT Exp,JBP,JABALPUR,23:20:00,23:30:00,1,,WCR,Madhya Pradesh
11056,GORAKHPUR - MUMBAI LTT Exp,ET,ITARSI JN,03:40:00,03:50:00,2,,WCR,Madhya Pradesh
11056,GORAKHPUR - MUMBAI LTT Exp,KYN,KALYAN JN,15:05:00,15:10:00,2,,CR,Maharashtra
25715,Radhikapur Delhi Link Express,LKO,LUCKNOW,04:40:00,04:55:00,2,,NER,Uttar Pradesh
25715,Radhikapur Delhi Link Express,BE,BAREILLY,08:25:00,08:30:00,2,,NER,Uttar Pradesh
25715,Radhikapur Delhi Link Express,MB,MORADABAD,10:00:00,10:10:00,2,,NR,Uttar Pradesh
25715,Radhikapur Delhi Link Express,GZB,GHAZIABAD,12:44:00,12:44:00,2,,NR,Uttar Pradesh
17430,Rayalaseema Express,GTL,GUNTAKAL JN,22:25:00,22:30:00,1,,SCR,Andhra Pradesh
17430,Rayalaseema Express,HYB,HYDERABAD DECCAN,08:30:00,None,2,,SCR,Andhra Pradesh
17487,Tirumala Express,BZA,VIJAYAWADA JN,03:20:00,03:30:00,2,,SCR,Andhra Pradesh
17487,Tirumala Express,VSKP,VISHAKAPATNAM,10:55:00,None,2,,ECoR,Andhra Pradesh
17415,Haripriya Express,GTL,GUNTAKAL JN,02:50:00,03:00:00,2,,SCR,Andhra Pradesh
17415,Haripriya Express,UBL,HUBLI JN,08:25:00,08:35:00,2,,SWR,Karnataka
17415,Haripriya Express,KOP,C SHAHU M RAJ KOLHAPUR TERM,16:35:00,None,2,,CR,Maharashtra
13012,InterCity Express,BWN,BARDDHAMAN JN,09:17:00,09:19:00,1,,ER,West Bengal
13012,InterCity Express,HWH,HOWRAH JN,11:25:00,None,1,,ER,West Bengal
11465,SOMNATH - JABALPUR Exp (via Bina),ADI,AHMEDABAD JN,18:25:00,18:45:00,1,,WR,Gujarat
11465,SOMNATH - JABALPUR Exp (via Bina),BRC,VADODARA JN,20:35:00,21:00:00,1,,WR,Gujarat
11465,SOMNATH - JABALPUR Exp (via Bina),RTM,RATLAM JN,01:50:00,02:05:00,2,,WR,Madhya Pradesh
11465,SOMNATH - JABALPUR Exp (via Bina),BPL,BHOPAL JN,08:30:00,08:40:00,2,,WCR,Madhya Pradesh
11465,SOMNATH - JABALPUR Exp (via Bina),JBP,JABALPUR,18:30:00,None,2,,WCR,Madhya Pradesh
13186,Ganga Sagar Express,ASN,ASANSOL JN,01:38:00,01:48:00,2,,ER,West Bengal
13186,Ganga Sagar Express,BWN,BARDDHAMAN JN,03:54:00,03:56:00,2,,ER,West Bengal
13186,Ganga Sagar Express,SDAH,KOLKATA SEALDAH,06:55:00,None,2,,ER,West Bengal
17644,Circar Express,BZA,VIJAYAWADA JN,20:45:00,21:05:00,1,,SCR,Andhra Pradesh
17644,Circar Express,MS,CHENNAI EGMORE,06:30:00,None,2,,SR,Tamil Nadu
13156,SITAMARHI - KOLKATA CHITPUR Mithilanchal Exp,ASN,ASANSOL JN,22:30:00,22:50:00,1,,ER,West Bengal
13156,SITAMARHI - KOLKATA CHITPUR Mithilanchal Exp,BWN,BARDDHAMAN JN,01:00:00,01:05:00,2,,ER,West Bengal
18626,Hatia-Patna Super Express,GAYA,GAYA JN,12:45:00,13:10:00,1,,ECR,Bihar
18626,Hatia-Patna Super Express,PNBE,PATNA JN,15:40:00,None,1,,ECR,Bihar
11463,Somnath-Jabalpur Express,ADI,AHMEDABAD JN,18:25:00,18:45:00,1,,WR,Gujarat
11463,Somnath-Jabalpur Express,BRC,VADODARA JN,20:35:00,21:00:00,1,,WR,Gujarat
11463,Somnath-Jabalpur Express,RTM,RATLAM JN,01:50:00,02:05:00,2,,WR,Madhya Pradesh
11463,Somnath-Jabalpur Express,BPL,BHOPAL JN,08:30:00,08:40:00,2,,WCR,Madhya Pradesh
11463,Somnath-Jabalpur Express,ET,ITARSI JN,10:35:00,10:50:00,2,,WCR,Madhya Pradesh
11463,Somnath-Jabalpur Express,JBP,JABALPUR,15:10:00,None,2,,WCR,Madhya Pradesh
11108,Varanasi-Gwalior Bundelkhand Express,ALD,ALLAHABAD JN,22:00:00,22:25:00,1,,NCR,Uttar Pradesh
11108,Varanasi-Gwalior Bundelkhand Express,JHS,JHANSI JN,07:05:00,07:15:00,2,,NCR,Uttar Pradesh
11108,Varanasi-Gwalior Bundelkhand Express,GWL,GWALIOR JN,08:55:00,None,2,,NCR,Madhya Pradesh
15715,Garib Nawaz Express,LKO,LUCKNOW,04:40:00,04:55:00,2,,NER,Uttar Pradesh
15715,Garib Nawaz Express,BE,BAREILLY,08:25:00,08:30:00,2,,NER,Uttar Pradesh
15715,Garib Nawaz Express,MB,MORADABAD,10:00:00,10:10:00,2,,NR,Uttar Pradesh
15715,Garib Nawaz Express,GZB,GHAZIABAD,12:44:00,12:44:00,2,,NR,Uttar Pradesh
15715,Garib Nawaz Express,JP,JAIPUR,19:19:00,19:20:00,2,,NWR,Rajasthan
59386-Slip,Panchvalley Passenger Slip1,ET,ITARSI JN,04:25:00,04:25:00,2,,WCR,Madhya Pradesh
59386-Slip,Panchvalley Passenger Slip1,BPL,BHOPAL JN,06:36:00,06:36:00,2,,WCR,Madhya Pradesh
59386-Slip,Panchvalley Passenger Slip1,JHS,JHANSI JN,11:50:00,12:00:00,2,,NCR,Uttar Pradesh
59386-Slip,Panchvalley Passenger Slip1,GWL,GWALIOR JN,13:50:00,13:55:00,2,,NCR,Madhya Pradesh
59386-Slip,Panchvalley Passenger Slip1,AGC,AGRA CANTT,16:00:00,16:10:00,2,,NCR,Uttar Pradesh
59386-Slip,Panchvalley Passenger Slip1,NZM,DELHI H NIZAMUDDIN,19:45:00,20:15:00,2,,NR,Delhi
59386-Slip,Panchvalley Passenger Slip1,GZB,GHAZIABAD,21:00:00,21:05:00,2,,NR,Uttar Pradesh
59386-Slip,Panchvalley Passenger Slip1,UMB,AMBALA CANT JN,02:05:00,02:15:00,3,,NR,Haryana
59386-Slip,Panchvalley Passenger Slip1,LDH,LUDHIANA JN,04:40:00,04:50:00,3,,NR,Punjab
59386-Slip,Panchvalley Passenger Slip1,ASR,AMRITSAR JN,08:10:00,None,3,,NR,Punjab
51674,SATNA - ITARSI Passenger,JBP,JABALPUR,18:15:00,18:25:00,1,,WCR,Madhya Pradesh
51674,SATNA - ITARSI Passenger,ET,ITARSI JN,23:15:00,None,1,,WCR,Madhya Pradesh
14257,Kashi Vishwanath Express,LKO,LUCKNOW,20:40:00,20:50:00,1,,NER,Uttar Pradesh
14257,Kashi Vishwanath Express,BE,BAREILLY,00:45:00,00:50:00,2,,NER,Uttar Pradesh
14257,Kashi Vishwanath Express,MB,MORADABAD,02:30:00,02:40:00,2,,NR,Uttar Pradesh
14257,Kashi Vishwanath Express,GZB,GHAZIABAD,05:26:00,05:30:00,2,,NR,Uttar Pradesh
14257,Kashi Vishwanath Express,NDLS,NEW DELHI,06:10:00,None,2,,NR,Delhi
12641,KANYAKUMARI - D H NIZAMUDDIN Thirukkural Exp,MS,CHENNAI EGMORE,08:50:00,09:05:00,2,,SR,Tamil Nadu
12641,KANYAKUMARI - D H NIZAMUDDIN Thirukkural Exp,BZA,VIJAYAWADA JN,15:55:00,16:10:00,2,,SCR,Andhra Pradesh
12641,KANYAKUMARI - D H NIZAMUDDIN Thirukkural Exp,NGP,NAGPUR,02:00:00,02:10:00,3,,SECR,Maharashtra
12641,KANYAKUMARI - D H NIZAMUDDIN Thirukkural Exp,ET,ITARSI JN,06:35:00,06:40:00,3,,WCR,Madhya Pradesh
12641,KANYAKUMARI - D H NIZAMUDDIN Thirukkural Exp,BPL,BHOPAL JN,08:10:00,08:20:00,3,,WCR,Madhya Pradesh
12641,KANYAKUMARI - D H NIZAMUDDIN Thirukkural Exp,JHS,JHANSI JN,12:00:00,12:10:00,3,,NCR,Uttar Pradesh
12641,KANYAKUMARI - D H NIZAMUDDIN Thirukkural Exp,GWL,GWALIOR JN,13:33:00,13:33:00,3,,NCR,Madhya Pradesh
12641,KANYAKUMARI - D H NIZAMUDDIN Thirukkural Exp,AGC,AGRA CANTT,15:10:00,15:15:00,3,,NCR,Uttar Pradesh
12641,KANYAKUMARI - D H NIZAMUDDIN Thirukkural Exp,NZM,DELHI H NIZAMUDDIN,18:00:00,None,3,,NR,Delhi
51824,Farrukhabad Allahabad Passenger,CNB,KANPUR CENTRAL,14:05:00,14:20:00,1,,NCR,Uttar Pradesh
51824,Farrukhabad Allahabad Passenger,ALD,ALLAHABAD JN,20:05:00,None,1,,NCR,Uttar Pradesh
14369,Tribeni Express,ALD,ALLAHABAD JN,02:30:00,03:05:00,2,,NCR,Uttar Pradesh
14369,Tribeni Express,LKO,LUCKNOW,08:30:00,08:45:00,2,,NER,Uttar Pradesh
14369,Tribeni Express,BE,BAREILLY,12:30:00,None,2,,NER,Uttar Pradesh
12335,BHAGALPUR - MUMBAI LTT SF Exp,PNBE,PATNA JN,13:50:00,14:00:00,1,,ECR,Bihar
12335,BHAGALPUR - MUMBAI LTT SF Exp,MGS,MUGHAL SARAI JN,17:40:00,18:00:00,1,,ECR,Uttar Pradesh
12335,BHAGALPUR - MUMBAI LTT SF Exp,JBP,JABALPUR,02:00:00,02:10:00,2,,WCR,Madhya Pradesh
12335,BHAGALPUR - MUMBAI LTT SF Exp,ET,ITARSI JN,07:10:00,07:25:00,2,,WCR,Madhya Pradesh
12335,BHAGALPUR - MUMBAI LTT SF Exp,KYN,KALYAN JN,19:00:00,19:05:00,2,,CR,Maharashtra
12872,TITLAGARH - HOWRAH Ispat Exp,ROU,ROURKELA,11:25:00,11:45:00,1,,SER,Odisha
12872,TITLAGARH - HOWRAH Ispat Exp,TATA,TATANAGAR JN,14:25:00,14:30:00,1,,SER,Jharkhand
12872,TITLAGARH - HOWRAH Ispat Exp,HWH,HOWRAH JN,18:45:00,None,1,,ER,West Bengal
12864,YESVANTPUR - HOWRAH SF Exp,BZA,VIJAYAWADA JN,09:25:00,09:40:00,2,,SCR,Andhra Pradesh
12864,YESVANTPUR - HOWRAH SF Exp,VSKP,VISHAKAPATNAM,15:55:00,16:15:00,2,,ECoR,Andhra Pradesh
12864,YESVANTPUR - HOWRAH SF Exp,BBS,BHUBANESWAR,22:40:00,22:45:00,2,,ECoR,Odisha
12864,YESVANTPUR - HOWRAH SF Exp,CTC,CUTTACK,23:15:00,23:20:00,2,,ECoR,Odisha
12864,YESVANTPUR - HOWRAH SF Exp,HWH,HOWRAH JN,06:10:00,None,3,,ER,West Bengal
53046,Mayurakshi Fast Passenger,BWN,BARDDHAMAN JN,09:26:00,09:28:00,1,,ER,West Bengal
53046,Mayurakshi Fast Passenger,HWH,HOWRAH JN,11:35:00,None,1,,ER,West Bengal
15279,Poorbiya Express,LKO,LUCKNOW,03:20:00,03:30:00,2,,NER,Uttar Pradesh
15279,Poorbiya Express,BE,BAREILLY,07:10:00,07:15:00,2,,NER,Uttar Pradesh
15279,Poorbiya Express,MB,MORADABAD,08:50:00,09:00:00,2,,NR,Uttar Pradesh
15279,Poorbiya Express,GZB,GHAZIABAD,11:23:00,11:25:00,2,,NR,Uttar Pradesh
19565,Uttaranchal Express,JP,JAIPUR,03:55:00,04:05:00,2,,NWR,Rajasthan
19565,Uttaranchal Express,NDLS,NEW DELHI,10:40:00,11:30:00,2,,NR,Delhi
19565,Uttaranchal Express,GZB,GHAZIABAD,12:05:00,12:10:00,2,,NR,Uttar Pradesh
13404,Vananchal Express,ASN,ASANSOL JN,23:41:00,23:51:00,1,,ER,West Bengal
13404,Vananchal Express,DHN,DHANBAD JN,00:53:00,01:03:00,2,,ECR,Jharkhand
14266,Dehradun Varanasi Janata Express,MB,MORADABAD,00:01:00,00:35:00,2,,NR,Uttar Pradesh
14266,Dehradun Varanasi Janata Express,BE,BAREILLY,02:00:00,02:05:00,2,,NER,Uttar Pradesh
14266,Dehradun Varanasi Janata Express,LKO,LUCKNOW,07:35:00,07:55:00,2,,NER,Uttar Pradesh
14235,Varanasi Bareilly Express,LKO,LUCKNOW,07:00:00,07:10:00,2,,NER,Uttar Pradesh
14235,Varanasi Bareilly Express,BE,BAREILLY,13:50:00,None,2,,NER,Uttar Pradesh
19567,TUTICORIN - OKHA Exp,GTL,GUNTAKAL JN,17:05:00,17:20:00,1,,SCR,Andhra Pradesh
19567,TUTICORIN - OKHA Exp,SUR,SOLAPUR JN,00:05:00,00:15:00,2,,CR,Maharashtra
19567,TUTICORIN - OKHA Exp,PUNE,PUNE JN,04:55:00,05:05:00,2,,CR,Maharashtra
19567,TUTICORIN - OKHA Exp,KYN,KALYAN JN,07:47:00,07:50:00,2,,CR,Maharashtra
19567,TUTICORIN - OKHA Exp,ST,SURAT,12:10:00,12:20:00,2,,WR,Gujarat
19567,TUTICORIN - OKHA Exp,BRC,VADODARA JN,14:10:00,14:20:00,2,,WR,Gujarat
19567,TUTICORIN - OKHA Exp,ADI,AHMEDABAD JN,16:10:00,16:30:00,2,,WR,Gujarat
19020,Dehradun - Bandra Terminus Express,GZB,GHAZIABAD,20:23:00,20:25:00,1,,NR,Uttar Pradesh
19020,Dehradun - Bandra Terminus Express,NZM,DELHI H NIZAMUDDIN,21:15:00,21:55:00,1,,NR,Delhi
19020,Dehradun - Bandra Terminus Express,KOTA,KOTA JN,07:15:00,07:45:00,2,,WCR,Rajasthan
19020,Dehradun - Bandra Terminus Express,RTM,RATLAM JN,14:15:00,14:35:00,2,,WR,Madhya Pradesh
19020,Dehradun - Bandra Terminus Express,BRC,VADODARA JN,20:00:00,20:10:00,2,,WR,Gujarat
19020,Dehradun - Bandra Terminus Express,ST,SURAT,22:30:00,22:38:00,2,,WR,Gujarat
24369,Triveni Express,ALD,ALLAHABAD JN,02:30:00,03:05:00,2,,NCR,Uttar Pradesh
24369,Triveni Express,LKO,LUCKNOW,08:30:00,08:45:00,2,,NER,Uttar Pradesh
24369,Triveni Express,BE,BAREILLY,12:30:00,None,2,,NER,Uttar Pradesh
12367,Vikramshila Express,PNBE,PATNA JN,17:00:00,17:10:00,1,,ECR,Bihar
12367,Vikramshila Express,MGS,MUGHAL SARAI JN,20:19:00,20:19:00,1,,ECR,Uttar Pradesh
12367,Vikramshila Express,ALD,ALLAHABAD JN,22:35:00,22:35:00,1,,NCR,Uttar Pradesh
12367,Vikramshila Express,CNB,KANPUR CENTRAL,01:29:00,01:29:00,2,,NCR,Uttar Pradesh
12367,Vikramshila Express,TDL,TUNDLA JN,04:55:00,04:55:00,2,,NCR,Uttar Pradesh
12367,Vikramshila Express,ALJN,ALIGARH JN,06:05:00,06:05:00,2,,NCR,Uttar Pradesh
12367,Vikramshila Express,GZB,GHAZIABAD,07:40:00,07:40:00,2,,NR,Uttar Pradesh
18624,Hatia-Rajendranagar Express,GAYA,GAYA JN,03:40:00,04:05:00,2,,ECR,Bihar
18624,Hatia-Rajendranagar Express,PNBE,PATNA JN,06:30:00,06:40:00,2,,ECR,Bihar
15159,Sarnath Express,ALD,ALLAHABAD JN,15:15:00,15:40:00,1,,NCR,Uttar Pradesh
15159,Sarnath Express,BSP,BILASPUR JN,04:00:00,04:25:00,2,,SECR,Chhattisgarh
15159,Sarnath Express,R,RAIPUR JN,06:10:00,06:20:00,2,,SECR,Chhattisgarh
59356,Mathura Ratlam Passenger,KOTA,KOTA JN,12:30:00,12:40:00,1,,WCR,Rajasthan
59356,Mathura Ratlam Passenger,RTM,RATLAM JN,21:00:00,None,1,,WR,Madhya Pradesh
12873,Jharkhand Swarna Jayanti Express,ALD,ALLAHABAD JN,04:35:00,05:00:00,2,,NCR,Uttar Pradesh
12873,Jharkhand Swarna Jayanti Express,CNB,KANPUR CENTRAL,07:20:00,07:25:00,2,,NCR,Uttar Pradesh
12873,Jharkhand Swarna Jayanti Express,TDL,TUNDLA JN,10:56:00,10:56:00,2,,NCR,Uttar Pradesh
12873,Jharkhand Swarna Jayanti Express,ALJN,ALIGARH JN,12:07:00,12:07:00,2,,NCR,Uttar Pradesh
12873,Jharkhand Swarna Jayanti Express,GZB,GHAZIABAD,13:44:00,13:44:00,2,,NR,Uttar Pradesh
11060,CHHAPRA - MUMBAI LTT Godan Exp,ALD,ALLAHABAD JN,16:40:00,17:10:00,1,,NCR,Uttar Pradesh
11060,CHHAPRA - MUMBAI LTT Godan Exp,JBP,JABALPUR,23:20:00,23:30:00,1,,WCR,Madhya Pradesh
11060,CHHAPRA - MUMBAI LTT Godan Exp,ET,ITARSI JN,03:40:00,03:50:00,2,,WCR,Madhya Pradesh
11060,CHHAPRA - MUMBAI LTT Godan Exp,KYN,KALYAN JN,15:05:00,15:10:00,2,,CR,Maharashtra
53062,Hatia Barddhaman Passenger,DHN,DHANBAD JN,15:30:00,17:00:00,1,,ECR,Jharkhand
53062,Hatia Barddhaman Passenger,ASN,ASANSOL JN,18:50:00,19:05:00,1,,ER,West Bengal
53062,Hatia Barddhaman Passenger,BWN,BARDDHAMAN JN,21:10:00,None,1,,ER,West Bengal
19006,Saurashtra Mail,ADI,AHMEDABAD JN,22:25:00,22:50:00,1,,WR,Gujarat
19006,Saurashtra Mail,BRC,VADODARA JN,00:40:00,00:45:00,2,,WR,Gujarat
19006,Saurashtra Mail,ST,SURAT,02:33:00,02:38:00,2,,WR,Gujarat
19006,Saurashtra Mail,BCT,Mumbai Central,07:40:00,None,2,,WR,Maharashtra
11004,SAWANTWADI RD - DADAR Rajya Rani Exp,PNVL,PANVEL,04:45:00,04:50:00,2,,CR,Maharashtra
11004,SAWANTWADI RD - DADAR Rajya Rani Exp,DR,MUMBAI DADAR CENTRAL,06:30:00,None,2,,CR,Maharashtra
53136,Rampurhat Sealdah Passenger,BWN,BARDDHAMAN JN,16:30:00,16:50:00,1,,ER,West Bengal
53136,Rampurhat Sealdah Passenger,SDAH,KOLKATA SEALDAH,20:00:00,None,1,,ER,West Bengal
15610,Awadh Assam Express,GZB,GHAZIABAD,08:42:00,08:50:00,2,,NR,Uttar Pradesh
15610,Awadh Assam Express,MB,MORADABAD,11:15:00,11:30:00,2,,NR,Uttar Pradesh
15610,Awadh Assam Express,BE,BAREILLY,12:55:00,13:05:00,2,,NER,Uttar Pradesh
15610,Awadh Assam Express,LKO,LUCKNOW,17:45:00,18:10:00,2,,NER,Uttar Pradesh
15610,Awadh Assam Express,MFP,MUZAFFARPUR JN,06:30:00,06:40:00,3,,ECR,Bihar
15610,Awadh Assam Express,NJP,NEW JALPAIGURI,17:55:00,18:10:00,3,,NFR,West Bengal
15610,Awadh Assam Express,GHY,GUWAHATI,04:00:00,None,4,,NFR,Assam
16733,Rameswaram-Okha Express,NZB,NIZAMABAD,03:08:00,03:10:00,3,,SCR,Andhra Pradesh
16733,Rameswaram-Okha Express,AWB,AURANGABAD,09:40:00,09:45:00,3,,SCR,Maharashtra
16733,Rameswaram-Okha Express,ST,SURAT,23:45:00,23:55:00,3,,WR,Gujarat
16733,Rameswaram-Okha Express,BRC,VADODARA JN,01:40:00,01:50:00,4,,WR,Gujarat
16733,Rameswaram-Okha Express,ADI,AHMEDABAD JN,03:40:00,03:55:00,4,,WR,Gujarat
53048,Viswabharati Fast Passenger,BWN,BARDDHAMAN JN,07:53:00,07:55:00,1,,ER,West Bengal
53048,Viswabharati Fast Passenger,HWH,HOWRAH JN,10:10:00,None,1,,ER,West Bengal
18233,INDORE - BILASPUR Narmada Exp,BPL,BHOPAL JN,23:25:00,23:35:00,1,,WCR,Madhya Pradesh
18233,INDORE - BILASPUR Narmada Exp,ET,ITARSI JN,02:10:00,02:20:00,2,,WCR,Madhya Pradesh
18233,INDORE - BILASPUR Narmada Exp,JBP,JABALPUR,06:30:00,06:40:00,2,,WCR,Madhya Pradesh
18233,INDORE - BILASPUR Narmada Exp,BSP,BILASPUR JN,17:25:00,None,2,,SECR,Chhattisgarh
12202,KOCHUVELI - MUMBAI LTT Garib Rath Exp,MAO,MADGAON,01:20:00,01:30:00,2,,KR,Goa
12202,KOCHUVELI - MUMBAI LTT Garib Rath Exp,PNVL,PANVEL,10:15:00,10:20:00,2,,CR,Maharashtra
57272,Rayagada Vijayawada Passenger,VSKP,VISHAKAPATNAM,20:10:00,20:40:00,1,,ECoR,Andhra Pradesh
57272,Rayagada Vijayawada Passenger,BZA,VIJAYAWADA JN,09:00:00,None,2,,SCR,Andhra Pradesh
18415,Banspani-Puri InterCity,CTC,CUTTACK,19:05:00,19:10:00,1,,ECoR,Odisha
18415,Banspani-Puri InterCity,BBS,BHUBANESWAR,20:00:00,20:05:00,1,,ECoR,Odisha
18415,Banspani-Puri InterCity,PURI,PURI,21:45:00,None,1,,ECoR,Odisha
12666,KANYAKUMARI - KOL HOWRAH Weekly Exp,MS,CHENNAI EGMORE,22:10:00,22:30:00,1,,SR,Tamil Nadu
12666,KANYAKUMARI - KOL HOWRAH Weekly Exp,BZA,VIJAYAWADA JN,05:30:00,05:40:00,2,,SCR,Andhra Pradesh
12666,KANYAKUMARI - KOL HOWRAH Weekly Exp,VSKP,VISHAKAPATNAM,11:45:00,12:05:00,2,,ECoR,Andhra Pradesh
12666,KANYAKUMARI - KOL HOWRAH Weekly Exp,BBS,BHUBANESWAR,18:40:00,18:55:00,2,,ECoR,Odisha
12666,KANYAKUMARI - KOL HOWRAH Weekly Exp,CTC,CUTTACK,19:24:00,19:24:00,2,,ECoR,Odisha
12666,KANYAKUMARI - KOL HOWRAH Weekly Exp,HWH,HOWRAH JN,03:20:00,None,3,,ER,West Bengal
59230,Bhavnagar Botad Passenger,ADI,AHMEDABAD JN,03:10:00,03:30:00,2,,WR,Gujarat
59230,Bhavnagar Botad Passenger,BRC,VADODARA JN,05:10:00,05:20:00,2,,WR,Gujarat
59230,Bhavnagar Botad Passenger,ST,SURAT,07:40:00,None,2,,WR,Gujarat
54474,Saharanpur Delhi Passenger,GZB,GHAZIABAD,07:29:00,07:31:00,1,,NR,Uttar Pradesh
54474,Saharanpur Delhi Passenger,NDLS,NEW DELHI,08:25:00,08:30:00,1,,NR,Delhi
19038,Awadh Express,CNB,KANPUR CENTRAL,22:30:00,22:35:00,1,,NCR,Uttar Pradesh
19038,Awadh Express,TDL,TUNDLA JN,03:07:00,03:12:00,2,,NCR,Uttar Pradesh
19038,Awadh Express,KOTA,KOTA JN,10:50:00,11:00:00,2,,WCR,Rajasthan
19038,Awadh Express,RTM,RATLAM JN,16:35:00,16:55:00,2,,WR,Madhya Pradesh
19038,Awadh Express,BRC,VADODARA JN,20:55:00,21:13:00,2,,WR,Gujarat
19038,Awadh Express,ST,SURAT,23:25:00,23:30:00,2,,WR,Gujarat
13288,RAJENDRA NAGAR BIHAR - DURG South Bihar Exp,ASN,ASANSOL JN,03:20:00,03:45:00,2,,ER,West Bengal
13288,RAJENDRA NAGAR BIHAR - DURG South Bihar Exp,TATA,TATANAGAR JN,08:05:00,08:40:00,2,,SER,Jharkhand
13288,RAJENDRA NAGAR BIHAR - DURG South Bihar Exp,ROU,ROURKELA,11:35:00,11:50:00,2,,SER,Odisha
13288,RAJENDRA NAGAR BIHAR - DURG South Bihar Exp,BSP,BILASPUR JN,17:20:00,17:30:00,2,,SECR,Chhattisgarh
13288,RAJENDRA NAGAR BIHAR - DURG South Bihar Exp,R,RAIPUR JN,19:20:00,19:35:00,2,,SECR,Chhattisgarh
25610,Jivachh Link Express,NJP,NEW JALPAIGURI,17:55:00,18:10:00,1,,NFR,West Bengal
25610,Jivachh Link Express,GHY,GUWAHATI,04:00:00,None,2,,NFR,Assam
13072,Howrah Express,BWN,BARDDHAMAN JN,03:35:00,03:40:00,2,,ER,West Bengal
13072,Howrah Express,HWH,HOWRAH JN,05:30:00,None,2,,ER,West Bengal
28624,Barkakana Rajendranagar Slip Express,GAYA,GAYA JN,03:40:00,04:05:00,2,,ECR,Bihar
28624,Barkakana Rajendranagar Slip Express,PNBE,PATNA JN,06:30:00,06:40:00,2,,ECR,Bihar
54601,Hisar Amritsar Passenger,LDH,LUDHIANA JN,05:00:00,06:05:00,2,,NR,Punjab
54601,Hisar Amritsar Passenger,ASR,AMRITSAR JN,09:40:00,None,2,,NR,Punjab
15028,Maurya Express,MFP,MUZAFFARPUR JN,14:27:00,14:40:00,1,,ECR,Bihar
15028,Maurya Express,DHN,DHANBAD JN,02:35:00,03:00:00,2,,ECR,Jharkhand
59460,Veraval Mumbai Central Passenger Express,ADI,AHMEDABAD JN,22:25:00,22:50:00,1,,WR,Gujarat
59460,Veraval Mumbai Central Passenger Express,BRC,VADODARA JN,00:40:00,00:45:00,2,,WR,Gujarat
59460,Veraval Mumbai Central Passenger Express,ST,SURAT,02:33:00,02:38:00,2,,WR,Gujarat
59460,Veraval Mumbai Central Passenger Express,BCT,Mumbai Central,07:40:00,None,2,,WR,Maharashtra
16231,Mayiladuturai Mysore Express,SBC,BANGALORE CITY JN,05:50:00,06:00:00,2,,SWR,Karnataka
16231,Mayiladuturai Mysore Express,MYS,MYSORE JN,09:20:00,None,2,,SWR,Karnataka
14659-Slip,Delhi-Jaisalmer Express Slip,JP,JAIPUR,23:35:00,23:45:00,1,,NWR,Rajasthan
14659-Slip,Delhi-Jaisalmer Express Slip,JU,JODHPUR JN,04:45:00,05:05:00,2,,NWR,Rajasthan
14659,Delhi-Jaisalmer Express,JP,JAIPUR,23:35:00,23:45:00,1,,NWR,Rajasthan
14659,Delhi-Jaisalmer Express,JU,JODHPUR JN,04:45:00,05:05:00,2,,NWR,Rajasthan
54411,Rewari Meerut Cantt. Passenger,NDLS,NEW DELHI,17:35:00,18:15:00,1,,NR,Delhi
54411,Rewari Meerut Cantt. Passenger,GZB,GHAZIABAD,19:04:00,19:06:00,1,,NR,Uttar Pradesh
14322,BHUJ - BAREILLY Ala Hazrat Exp,JP,JAIPUR,08:30:00,08:45:00,2,,NWR,Rajasthan
14322,BHUJ - BAREILLY Ala Hazrat Exp,GZB,GHAZIABAD,15:36:00,15:38:00,2,,NR,Uttar Pradesh
14322,BHUJ - BAREILLY Ala Hazrat Exp,MB,MORADABAD,18:30:00,18:40:00,2,,NR,Uttar Pradesh
14322,BHUJ - BAREILLY Ala Hazrat Exp,BE,BAREILLY,20:20:00,None,2,,NER,Uttar Pradesh
84369,Tribeni Link Express,ALD,ALLAHABAD JN,02:30:00,03:05:00,2,,NCR,Uttar Pradesh
84369,Tribeni Link Express,LKO,LUCKNOW,08:30:00,08:45:00,2,,NER,Uttar Pradesh
84369,Tribeni Link Express,BE,BAREILLY,12:30:00,None,2,,NER,Uttar Pradesh
14265-Slip,Varanasi-Ramnagar Express Slip,LKO,LUCKNOW,16:35:00,16:45:00,1,,NER,Uttar Pradesh
14265-Slip,Varanasi-Ramnagar Express Slip,BE,BAREILLY,20:40:00,20:45:00,1,,NER,Uttar Pradesh
14265-Slip,Varanasi-Ramnagar Express Slip,MB,MORADABAD,23:00:00,04:20:00,1,,NR,Uttar Pradesh
19216,Saurashtra Express,ADI,AHMEDABAD JN,06:00:00,07:10:00,2,,WR,Gujarat
19216,Saurashtra Express,BRC,VADODARA JN,09:35:00,09:45:00,2,,WR,Gujarat
19216,Saurashtra Express,ST,SURAT,12:30:00,12:40:00,2,,WR,Gujarat
19216,Saurashtra Express,BCT,Mumbai Central,19:15:00,None,2,,WR,Maharashtra
16312,KOCHUVELI - BIKANER Express,MAO,MADGAON,10:55:00,11:05:00,2,,KR,Goa
16312,KOCHUVELI - BIKANER Express,PNVL,PANVEL,21:20:00,21:25:00,2,,CR,Maharashtra
16312,KOCHUVELI - BIKANER Express,ST,SURAT,02:45:00,02:55:00,3,,WR,Gujarat
16312,KOCHUVELI - BIKANER Express,BRC,VADODARA JN,04:45:00,04:55:00,3,,WR,Gujarat
16312,KOCHUVELI - BIKANER Express,ADI,AHMEDABAD JN,06:45:00,07:05:00,3,,WR,Gujarat
16312,KOCHUVELI - BIKANER Express,JU,JODHPUR JN,16:35:00,16:45:00,3,,NWR,Rajasthan
16312,KOCHUVELI - BIKANER Express,BKN,BIKANER JN,22:00:00,None,3,,NWR,Rajasthan
15004,Chauri Chaura Express,ALD,ALLAHABAD JN,08:20:00,08:45:00,2,,NCR,Uttar Pradesh
15004,Chauri Chaura Express,CNB,KANPUR CENTRAL,11:55:00,12:05:00,2,,NCR,Uttar Pradesh
16787,TIRUNELVELI - KATRA Exp,BZA,VIJAYAWADA JN,16:00:00,16:20:00,2,,SCR,Andhra Pradesh
16787,TIRUNELVELI - KATRA Exp,NGP,NAGPUR,02:45:00,02:55:00,3,,SECR,Maharashtra
16787,TIRUNELVELI - KATRA Exp,ET,ITARSI JN,07:35:00,07:40:00,3,,WCR,Madhya Pradesh
16787,TIRUNELVELI - KATRA Exp,BPL,BHOPAL JN,09:25:00,09:35:00,3,,WCR,Madhya Pradesh
16787,TIRUNELVELI - KATRA Exp,JHS,JHANSI JN,13:50:00,14:00:00,3,,NCR,Uttar Pradesh
16787,TIRUNELVELI - KATRA Exp,GWL,GWALIOR JN,15:30:00,15:35:00,3,,NCR,Madhya Pradesh
16787,TIRUNELVELI - KATRA Exp,AGC,AGRA CANTT,17:25:00,17:30:00,3,,NCR,Uttar Pradesh
16787,TIRUNELVELI - KATRA Exp,NZM,DELHI H NIZAMUDDIN,20:40:00,21:10:00,3,,NR,Delhi
16787,TIRUNELVELI - KATRA Exp,NDLS,NEW DELHI,21:40:00,00:10:00,3,,NR,Delhi
16787,TIRUNELVELI - KATRA Exp,LDH,LUDHIANA JN,06:55:00,07:05:00,4,,NR,Punjab
16787,TIRUNELVELI - KATRA Exp,JAT,JAMMU TAWI,13:10:00,None,4,,NR,Jammu and Kashmir
58413,Dhenkanal Puri Passenger,CTC,CUTTACK,08:25:00,08:30:00,1,,ECoR,Odisha
58413,Dhenkanal Puri Passenger,BBS,BHUBANESWAR,09:20:00,09:25:00,1,,ECoR,Odisha
58413,Dhenkanal Puri Passenger,PURI,PURI,11:45:00,None,1,,ECoR,Odisha
58117,Jharsuguda Gondia Passenger,BSP,BILASPUR JN,12:30:00,13:45:00,1,,SECR,Chhattisgarh
58117,Jharsuguda Gondia Passenger,R,RAIPUR JN,16:50:00,17:15:00,1,,SECR,Chhattisgarh
58118,Gondia Jharsuguda Passenger,R,RAIPUR JN,09:20:00,09:30:00,1,,SECR,Chhattisgarh
58118,Gondia Jharsuguda Passenger,BSP,BILASPUR JN,13:15:00,13:45:00,1,,SECR,Chhattisgarh
17480,Tirupati-Puri Express,BZA,VIJAYAWADA JN,18:30:00,18:50:00,1,,SCR,Andhra Pradesh
17480,Tirupati-Puri Express,VSKP,VISHAKAPATNAM,04:40:00,05:00:00,2,,ECoR,Andhra Pradesh
17480,Tirupati-Puri Express,PURI,PURI,15:20:00,None,2,,ECoR,Odisha
14265,Varanasi Dehradun Janata Express,LKO,LUCKNOW,16:35:00,16:45:00,1,,NER,Uttar Pradesh
14265,Varanasi Dehradun Janata Express,BE,BAREILLY,21:10:00,21:15:00,1,,NER,Uttar Pradesh
14265,Varanasi Dehradun Janata Express,MB,MORADABAD,23:45:00,00:05:00,1,,NR,Uttar Pradesh
13106,Ballia-Sealdah Express,ASN,ASANSOL JN,22:15:00,22:25:00,1,,ER,West Bengal
13106,Ballia-Sealdah Express,BWN,BARDDHAMAN JN,00:35:00,00:40:00,2,,ER,West Bengal
13106,Ballia-Sealdah Express,SDAH,KOLKATA SEALDAH,03:35:00,None,2,,ER,West Bengal
15050,Poorvanchal Express,ASN,ASANSOL JN,00:15:00,00:25:00,2,,ER,West Bengal
15050,Poorvanchal Express,BWN,BARDDHAMAN JN,01:53:00,01:55:00,2,,ER,West Bengal
13483,Farakka Express,PNBE,PATNA JN,05:20:00,05:30:00,2,,ECR,Bihar
13483,Farakka Express,MGS,MUGHAL SARAI JN,10:05:00,10:25:00,2,,ECR,Uttar Pradesh
13483,Farakka Express,LKO,LUCKNOW,19:00:00,19:25:00,2,,NER,Uttar Pradesh
13483,Farakka Express,CNB,KANPUR CENTRAL,21:05:00,21:15:00,2,,NCR,Uttar Pradesh
13483,Farakka Express,TDL,TUNDLA JN,00:30:00,00:38:00,3,,NCR,Uttar Pradesh
13483,Farakka Express,ALJN,ALIGARH JN,01:50:00,01:55:00,3,,NCR,Uttar Pradesh
13483,Farakka Express,GZB,GHAZIABAD,03:40:00,03:42:00,3,,NR,Uttar Pradesh
13413,Farakka Express,PNBE,PATNA JN,05:20:00,05:30:00,2,,ECR,Bihar
13413,Farakka Express,MGS,MUGHAL SARAI JN,10:05:00,10:25:00,2,,ECR,Uttar Pradesh
13413,Farakka Express,LKO,LUCKNOW,19:00:00,19:25:00,2,,NER,Uttar Pradesh
13413,Farakka Express,CNB,KANPUR CENTRAL,21:05:00,21:15:00,2,,NCR,Uttar Pradesh
13413,Farakka Express,TDL,TUNDLA JN,00:30:00,00:38:00,3,,NCR,Uttar Pradesh
13413,Farakka Express,ALJN,ALIGARH JN,01:50:00,01:55:00,3,,NCR,Uttar Pradesh
13413,Farakka Express,GZB,GHAZIABAD,03:40:00,03:42:00,3,,NR,Uttar Pradesh
17482,Tirupati-Bilaspur Express,BZA,VIJAYAWADA JN,18:30:00,18:50:00,1,,SCR,Andhra Pradesh
17482,Tirupati-Bilaspur Express,VSKP,VISHAKAPATNAM,04:40:00,05:00:00,2,,ECoR,Andhra Pradesh
17482,Tirupati-Bilaspur Express,R,RAIPUR JN,15:10:00,15:30:00,2,,SECR,Chhattisgarh
17482,Tirupati-Bilaspur Express,BSP,BILASPUR JN,17:45:00,None,2,,SECR,Chhattisgarh
17405,Krishna Express,BZA,VIJAYAWADA JN,13:15:00,13:30:00,1,,SCR,Andhra Pradesh
17405,Krishna Express,SC,SECUNDERABAD JN,20:40:00,21:10:00,1,,SCR,Telangana
17405,Krishna Express,NZB,NIZAMABAD,00:01:00,00:05:00,2,,SCR,Andhra Pradesh
16340,NAGERCOIL - MUMBAI CST Exp,GTL,GUNTAKAL JN,04:10:00,04:15:00,2,,SCR,Andhra Pradesh
16340,NAGERCOIL - MUMBAI CST Exp,SUR,SOLAPUR JN,11:30:00,11:40:00,2,,CR,Maharashtra
16340,NAGERCOIL - MUMBAI CST Exp,PUNE,PUNE JN,16:30:00,16:40:00,2,,CR,Maharashtra
16340,NAGERCOIL - MUMBAI CST Exp,KYN,KALYAN JN,19:38:00,19:40:00,2,,CR,Maharashtra
16340,NAGERCOIL - MUMBAI CST Exp,DR,MUMBAI DADAR CENTRAL,20:28:00,20:30:00,2,,CR,Maharashtra
16340,NAGERCOIL - MUMBAI CST Exp,CSTM,MUMBAI CST,20:50:00,None,2,,CR,Maharashtra
19259,KOCHUVELI - BHAVNAGAR Exp,MAO,MADGAON,10:55:00,11:05:00,2,,KR,Goa
19259,KOCHUVELI - BHAVNAGAR Exp,PNVL,PANVEL,21:20:00,21:25:00,2,,CR,Maharashtra
19259,KOCHUVELI - BHAVNAGAR Exp,ST,SURAT,02:45:00,02:55:00,3,,WR,Gujarat
19259,KOCHUVELI - BHAVNAGAR Exp,BRC,VADODARA JN,04:45:00,04:55:00,3,,WR,Gujarat
19259,KOCHUVELI - BHAVNAGAR Exp,ADI,AHMEDABAD JN,06:47:00,07:05:00,3,,WR,Gujarat
18631,Ranchi Garib Nawaz Express,MGS,MUGHAL SARAI JN,07:50:00,08:15:00,2,,ECR,Uttar Pradesh
18631,Ranchi Garib Nawaz Express,ALD,ALLAHABAD JN,12:45:00,12:50:00,2,,NCR,Uttar Pradesh
18631,Ranchi Garib Nawaz Express,CNB,KANPUR CENTRAL,15:20:00,15:35:00,2,,NCR,Uttar Pradesh
18631,Ranchi Garib Nawaz Express,TDL,TUNDLA JN,19:05:00,19:10:00,2,,NCR,Uttar Pradesh
18631,Ranchi Garib Nawaz Express,JP,JAIPUR,02:50:00,03:00:00,3,,NWR,Rajasthan
23154,Gour Express,BWN,BARDDHAMAN JN,02:30:00,02:50:00,2,,ER,West Bengal
23154,Gour Express,SDAH,KOLKATA SEALDAH,05:20:00,None,2,,ER,West Bengal
59076-Slip,Bhusaval Surat Mumbai Passenger,ST,SURAT,19:55:00,21:00:00,1,,WR,Gujarat
59076-Slip,Bhusaval Surat Mumbai Passenger,BCT,Mumbai Central,04:45:00,None,2,,WR,Maharashtra
28182,Katihar-Tatanagar Link Express,ASN,ASANSOL JN,01:30:00,02:00:00,2,,ER,West Bengal
28182,Katihar-Tatanagar Link Express,TATA,TATANAGAR JN,06:40:00,None,2,,SER,Jharkhand
23347,Palamu Express,GAYA,GAYA JN,02:08:00,02:18:00,2,,ECR,Bihar
23347,Palamu Express,PNBE,PATNA JN,04:40:00,None,2,,ECR,Bihar
18242,Ambikapur Durg Express Cum Passenger,BSP,BILASPUR JN,06:10:00,06:10:00,2,,SECR,Chhattisgarh
18242,Ambikapur Durg Express Cum Passenger,R,RAIPUR JN,08:05:00,08:15:00,2,,SECR,Chhattisgarh
58005,Kharagpur Khurda Fast Passenger,CTC,CUTTACK,10:47:00,10:47:00,1,,ECoR,Odisha
58005,Kharagpur Khurda Fast Passenger,BBS,BHUBANESWAR,11:35:00,11:40:00,1,,ECoR,Odisha
13347,Palamau Express,GAYA,GAYA JN,02:08:00,02:18:00,2,,ECR,Bihar
13347,Palamau Express,PNBE,PATNA JN,04:40:00,None,2,,ECR,Bihar
18302-Slip,Sambalpur Express Slip,CTC,CUTTACK,04:05:00,04:10:00,2,,ECoR,Odisha
18302-Slip,Sambalpur Express Slip,BBS,BHUBANESWAR,04:45:00,04:50:00,2,,ECoR,Odisha
18302-Slip,Sambalpur Express Slip,PURI,PURI,07:15:00,None,2,,ECoR,Odisha
59386,Panchvalley Passenger,ET,ITARSI JN,05:40:00,05:45:00,2,,WCR,Madhya Pradesh
59386,Panchvalley Passenger,BPL,BHOPAL JN,08:45:00,09:05:00,2,,WCR,Madhya Pradesh
54377,Allahabad Passenger,LKO,LUCKNOW,07:45:00,08:15:00,1,,NER,Uttar Pradesh
54377,Allahabad Passenger,BE,BAREILLY,14:55:00,None,1,,NER,Uttar Pradesh
59386-Slip2,Panchvalley Passenger Slip2,ET,ITARSI JN,05:40:00,05:50:00,2,,WCR,Madhya Pradesh
59386-Slip2,Panchvalley Passenger Slip2,BPL,BHOPAL JN,08:50:00,13:55:00,2,,WCR,Madhya Pradesh
59386-Slip2,Panchvalley Passenger Slip2,JHS,JHANSI JN,19:10:00,19:30:00,2,,NCR,Uttar Pradesh
59386-Slip2,Panchvalley Passenger Slip2,CNB,KANPUR CENTRAL,00:10:00,00:20:00,3,,NCR,Uttar Pradesh
59386-Slip2,Panchvalley Passenger Slip2,LKO,LUCKNOW,01:45:00,01:55:00,3,,NER,Uttar Pradesh
16731,Tuticorin Mysore Express,SBC,BANGALORE CITY JN,06:40:00,07:00:00,2,,SWR,Karnataka
16731,Tuticorin Mysore Express,MYS,MYSORE JN,10:10:00,None,2,,SWR,Karnataka
54461,BANDIKUI - BAREILLY Passenger,TDL,TUNDLA JN,20:25:00,21:10:00,1,,NCR,Uttar Pradesh
54461,BANDIKUI - BAREILLY Passenger,ALJN,ALIGARH JN,23:45:00,23:55:00,1,,NCR,Uttar Pradesh
54461,BANDIKUI - BAREILLY Passenger,BE,BAREILLY,05:45:00,None,2,,NER,Uttar Pradesh
50104,Ratnagiri Dadar Passenger,PNVL,PANVEL,12:15:00,12:20:00,1,,CR,Maharashtra
50104,Ratnagiri Dadar Passenger,DR,MUMBAI DADAR CENTRAL,14:20:00,None,1,,CR,Maharashtra
56503,Yesvantapur-Vijayawada Passenger,GTL,GUNTAKAL JN,16:40:00,17:00:00,1,,SCR,Andhra Pradesh
56503,Yesvantapur-Vijayawada Passenger,BZA,VIJAYAWADA JN,05:40:00,None,2,,SCR,Andhra Pradesh
15018,GORAKHPUR - MUMBAI LTT Kashi Exp,ALD,ALLAHABAD JN,16:00:00,16:30:00,1,,NCR,Uttar Pradesh
15018,GORAKHPUR - MUMBAI LTT Kashi Exp,JBP,JABALPUR,23:40:00,23:50:00,1,,WCR,Madhya Pradesh
15018,GORAKHPUR - MUMBAI LTT Kashi Exp,ET,ITARSI JN,04:20:00,04:35:00,2,,WCR,Madhya Pradesh
15018,GORAKHPUR - MUMBAI LTT Kashi Exp,KYN,KALYAN JN,17:30:00,17:35:00,2,,CR,Maharashtra
15018-Slip,Gorakhpur -Kolhapur Slip,ALD,ALLAHABAD JN,16:00:00,16:30:00,1,,NCR,Uttar Pradesh
15018-Slip,Gorakhpur -Kolhapur Slip,ET,ITARSI JN,04:20:00,04:35:00,2,,WCR,Madhya Pradesh
15018-Slip,Gorakhpur -Kolhapur Slip,PUNE,PUNE JN,04:40:00,04:50:00,3,,CR,Maharashtra
15018-Slip,Gorakhpur -Kolhapur Slip,KOP,C SHAHU M RAJ KOLHAPUR TERM,12:45:00,None,3,,CR,Maharashtra
54463,BANDIKUI - RISHIKESH Passenger,TDL,TUNDLA JN,20:25:00,21:10:00,1,,NCR,Uttar Pradesh
54463,BANDIKUI - RISHIKESH Passenger,ALJN,ALIGARH JN,23:45:00,23:55:00,1,,NCR,Uttar Pradesh
54463,BANDIKUI - RISHIKESH Passenger,MB,MORADABAD,06:15:00,06:30:00,2,,NR,Uttar Pradesh
16593,Nanded-Bangalore Express,GTL,GUNTAKAL JN,21:15:00,21:20:00,1,,SCR,Andhra Pradesh
16593,Nanded-Bangalore Express,SBC,BANGALORE CITY JN,06:10:00,None,2,,SWR,Karnataka
54252,Saharanpur Lucknow Passenger,MB,MORADABAD,15:50:00,17:10:00,1,,NR,Uttar Pradesh
54252,Saharanpur Lucknow Passenger,BE,BAREILLY,20:35:00,20:45:00,1,,NER,Uttar Pradesh
54252,Saharanpur Lucknow Passenger,LKO,LUCKNOW,04:05:00,None,2,,NER,Uttar Pradesh
56214,TIRUPATI - CHAMARAJANAGAR Fast Passenger,SBC,BANGALORE CITY JN,07:10:00,07:30:00,2,,SWR,Karnataka
56214,TIRUPATI - CHAMARAJANAGAR Fast Passenger,MYS,MYSORE JN,10:45:00,11:10:00,2,,SWR,Karnataka
14307,Bareilly Express,LKO,LUCKNOW,06:25:00,06:40:00,2,,NER,Uttar Pradesh
14307,Bareilly Express,BE,BAREILLY,10:55:00,None,2,,NER,Uttar Pradesh
16352,NAGERCOIL - MUMBAI CST Balaji Exp,GTL,GUNTAKAL JN,04:10:00,04:15:00,2,,SCR,Andhra Pradesh
16352,NAGERCOIL - MUMBAI CST Balaji Exp,SUR,SOLAPUR JN,11:30:00,11:40:00,2,,CR,Maharashtra
16352,NAGERCOIL - MUMBAI CST Balaji Exp,PUNE,PUNE JN,16:30:00,16:40:00,2,,CR,Maharashtra
16352,NAGERCOIL - MUMBAI CST Balaji Exp,KYN,KALYAN JN,19:39:00,19:40:00,2,,CR,Maharashtra
16352,NAGERCOIL - MUMBAI CST Balaji Exp,DR,MUMBAI DADAR CENTRAL,20:29:00,20:30:00,2,,CR,Maharashtra
16352,NAGERCOIL - MUMBAI CST Balaji Exp,CSTM,MUMBAI CST,20:50:00,None,2,,CR,Maharashtra
54464,RISHIKESH - BANDIKUI Passenger,MB,MORADABAD,21:00:00,21:25:00,1,,NR,Uttar Pradesh
54464,RISHIKESH - BANDIKUI Passenger,ALJN,ALIGARH JN,02:35:00,02:45:00,2,,NCR,Uttar Pradesh
54464,RISHIKESH - BANDIKUI Passenger,TDL,TUNDLA JN,04:45:00,05:45:00,2,,NCR,Uttar Pradesh
15209,SAHARSA - AMRITSAR Jan Seva Exp,BE,BAREILLY,05:20:00,05:25:00,2,,NER,Uttar Pradesh
15209,SAHARSA - AMRITSAR Jan Seva Exp,MB,MORADABAD,07:00:00,07:25:00,2,,NR,Uttar Pradesh
15209,SAHARSA - AMRITSAR Jan Seva Exp,UMB,AMBALA CANT JN,12:35:00,12:45:00,2,,NR,Haryana
15209,SAHARSA - AMRITSAR Jan Seva Exp,LDH,LUDHIANA JN,14:40:00,14:50:00,2,,NR,Punjab
15209,SAHARSA - AMRITSAR Jan Seva Exp,ASR,AMRITSAR JN,17:50:00,None,2,,NR,Punjab
23040,Rajgir Howrah Passenger,ASN,ASANSOL JN,01:08:00,01:18:00,2,,ER,West Bengal
23040,Rajgir Howrah Passenger,BWN,BARDDHAMAN JN,03:17:00,03:27:00,2,,ER,West Bengal
23040,Rajgir Howrah Passenger,HWH,HOWRAH JN,06:05:00,None,2,,ER,West Bengal
53050,Mokameh Howrah Passenger,ASN,ASANSOL JN,20:30:00,20:50:00,1,,ER,West Bengal
53050,Mokameh Howrah Passenger,BWN,BARDDHAMAN JN,23:35:00,23:50:00,1,,ER,West Bengal
53050,Mokameh Howrah Passenger,HWH,HOWRAH JN,03:00:00,None,2,,ER,West Bengal
54703,Abohar Jodhpur passenger,BKN,BIKANER JN,05:20:00,05:50:00,2,,NWR,Rajasthan
54703,Abohar Jodhpur passenger,JU,JODHPUR JN,13:00:00,None,2,,NWR,Rajasthan
18006,JAGDALPUR - HOWRAH Samaleshwari Exp,ROU,ROURKELA,22:00:00,22:20:00,1,,SER,Odisha
18006,JAGDALPUR - HOWRAH Samaleshwari Exp,TATA,TATANAGAR JN,01:15:00,01:25:00,2,,SER,Jharkhand
18006,JAGDALPUR - HOWRAH Samaleshwari Exp,HWH,HOWRAH JN,06:25:00,None,2,,ER,West Bengal
54303,Delhi Kalka Passenger,UMB,AMBALA CANT JN,21:15:00,21:50:00,1,,NR,Haryana
54303,Delhi Kalka Passenger,CDG,CHANDIGARH,22:50:00,23:00:00,1,,NR,Chandigarh
57561,Kacheguda Manmad Passenger,NZB,NIZAMABAD,09:35:00,09:40:00,1,,SCR,Andhra Pradesh
57561,Kacheguda Manmad Passenger,AWB,AURANGABAD,18:20:00,18:25:00,1,,SCR,Maharashtra
15273,Satyagraha Express,BE,BAREILLY,03:30:00,03:40:00,2,,NER,Uttar Pradesh
15273,Satyagraha Express,MB,MORADABAD,05:25:00,05:35:00,2,,NR,Uttar Pradesh
15273,Satyagraha Express,GZB,GHAZIABAD,08:22:00,08:27:00,2,,NR,Uttar Pradesh
58112,ITWARI - TATANAGAR Passenger,R,RAIPUR JN,05:25:00,05:45:00,2,,SECR,Chhattisgarh
58112,ITWARI - TATANAGAR Passenger,BSP,BILASPUR JN,09:15:00,09:30:00,2,,SECR,Chhattisgarh
58112,ITWARI - TATANAGAR Passenger,ROU,ROURKELA,17:40:00,18:40:00,2,,SER,Odisha
58112,ITWARI - TATANAGAR Passenger,TATA,TATANAGAR JN,00:05:00,None,3,,SER,Jharkhand
13248,RAJENDRA NAGAR - GUWAHATI Capital Exp,GHY,GUWAHATI,None,None,,,NFR,Assam
13248,RAJENDRA NAGAR - GUWAHATI Capital Exp,NJP,NEW JALPAIGURI,12:20:00,12:35:00,2,,NFR,West Bengal
57274,Tirupati Hubli InterCity Passenger,GTL,GUNTAKAL JN,14:00:00,14:15:00,1,,SCR,Andhra Pradesh
57274,Tirupati Hubli InterCity Passenger,UBL,HUBLI JN,21:15:00,None,1,,SWR,Karnataka
51196,Ballarshah Wardha Mumbai Passenger,KYN,KALYAN JN,10:40:00,10:45:00,2,,CR,Maharashtra
51196,Ballarshah Wardha Mumbai Passenger,DR,MUMBAI DADAR CENTRAL,11:38:00,11:40:00,2,,CR,Maharashtra
51196,Ballarshah Wardha Mumbai Passenger,CSTM,MUMBAI CST,12:00:00,None,2,,CR,Maharashtra
51187,BHUSAVAL - KATNI Passenger,ET,ITARSI JN,17:30:00,18:00:00,1,,WCR,Madhya Pradesh
51187,BHUSAVAL - KATNI Passenger,JBP,JABALPUR,00:25:00,00:50:00,2,,WCR,Madhya Pradesh
59812,Haldighati Passenger,KOTA,KOTA JN,05:50:00,06:30:00,2,,WCR,Rajasthan
59812,Haldighati Passenger,RTM,RATLAM JN,16:00:00,None,2,,WR,Madhya Pradesh
51154,Bhusaval Mumbai Passenger,KYN,KALYAN JN,18:45:00,18:50:00,1,,CR,Maharashtra
51154,Bhusaval Mumbai Passenger,DR,MUMBAI DADAR CENTRAL,19:44:00,19:45:00,1,,CR,Maharashtra
51154,Bhusaval Mumbai Passenger,CSTM,MUMBAI CST,20:15:00,None,1,,CR,Maharashtra
53044,Rajgir-Howrah Fast Passenger,BWN,BARDDHAMAN JN,07:00:00,07:20:00,2,,ER,West Bengal
53044,Rajgir-Howrah Fast Passenger,HWH,HOWRAH JN,12:10:00,None,2,,ER,West Bengal
53042,JAYNAGAR - HOWRAH Passenger,BWN,BARDDHAMAN JN,19:55:00,20:15:00,2,,ER,West Bengal
53042,JAYNAGAR - HOWRAH Passenger,HWH,HOWRAH JN,23:05:00,None,2,,ER,West Bengal
